customer-ready-release-gate revision=21a6c0bcdadeecfcc316e794f5c928a1533e86e3
startedAt=2026-08-27T07:47:41.856Z

[schema-setup] command=git clone --depth 1 --branch v1.62.47 https://github.com/Skatteetaten/skattemeldingen.git
Cloning into '/var/folders/xh/8bj3tmcx7gs4j0qxzkcf9rw00000gn/T/talli-customer-ready-gate-ENxI0Y/skattemeldingen'...
warning: refs/tags/v1.62.47 980e1eab4d0de1e6582adc4fde9be029d55c4694 is not a commit!
Note: switching to '7ac8c6a32238dd0d53e7ac01a6949bb3376f2bba'.

You are in 'detached HEAD' state. You can look around, make experimental
changes and commit them, and you can discard any commits you make in this
state without impacting any branches by switching back to a branch.

If you want to create a new branch to retain commits you create, you may
do so (now or later) by using -c with the switch command. Example:

  git switch -c <new-branch-name>

Or undo this operation with:

  git switch -

Turn off this advice by setting config variable advice.detachedHead to false
[schema-setup] exit=0
[schema-setup] durationMs=23150

[credential-scan] command=npm run test:credential-scan

> talli-repository@0.1.0 test:credential-scan
> node --test tests/committed_credentials.test.mjs && node scripts/check-committed-credentials.mjs

✔ the credential scanner scans its own clean repository without matching itself (306.048167ms)
✔ the credential scanner rejects a tracked source credential (260.337ms)
ℹ tests 2
ℹ suites 0
ℹ pass 2
ℹ fail 0
ℹ cancelled 0
ℹ skipped 0
ℹ todo 0
ℹ duration_ms 676.899708
[credential-scan] exit=0
[credential-scan] durationMs=1283

[typecheck] command=npm run typecheck

> talli-repository@0.1.0 typecheck
> npm --prefix apps/web run typecheck


> talli-web@0.1.0 typecheck
> tsc --noEmit
[typecheck] exit=0
[typecheck] durationMs=1591

[architecture] command=npm run check:architecture

> talli-repository@0.1.0 check:architecture
> node scripts/check-architecture.mjs --write-evidence && git diff --exit-code -- architecture/dependency-evidence.json

{
  "edges": [
    {
      "from": "backend-system:company-access-administration",
      "imports": [
        "talli_backend.modules.company_access.public"
      ],
      "kind": "workflow",
      "to": "backend:company_access"
    },
    {
      "from": "backend-system:company-access-context",
      "imports": [
        "talli_backend.modules.company_access.public"
      ],
      "kind": "workflow",
      "to": "backend:company_access"
    },
    {
      "from": "backend-system:company-access-onboarding-and-support",
      "imports": [
        "talli_backend.modules.company_access.public"
      ],
      "kind": "workflow",
      "to": "backend:company_access"
    },
    {
      "from": "backend-system:company-year-eligibility-and-admission",
      "imports": [
        "talli_backend.modules.company_access.public"
      ],
      "kind": "workflow",
      "to": "backend:company_access"
    },
    {
      "from": "backend-system:ledger-posting-and-period-control",
      "imports": [
        "talli_backend.modules.ledger.public"
      ],
      "kind": "workflow",
      "to": "backend:ledger"
    },
    {
      "from": "backend-system:new-year-start",
      "imports": [
        "talli_backend.modules.ledger.public"
      ],
      "kind": "workflow",
      "to": "backend:ledger"
    },
    {
      "from": "backend-system:new-year-start",
      "imports": [
        "talli_backend.modules.shareholder_register_filing.public"
      ],
      "kind": "workflow",
      "to": "backend:shareholder_register_filing"
    },
    {
      "from": "backend-system:system-boundary-tracer",
      "imports": [
        "talli_backend.modules.system_boundary.public"
      ],
      "kind": "workflow",
      "to": "backend-system:system_boundary"
    }
  ],
  "generatedBy": "scripts/check-architecture.mjs",
  "modules": [
    "backend-system:system_boundary",
    "backend:company_access",
    "backend:ledger",
    "backend:shareholder_register_filing",
    "web:company-access",
    "web:ledger",
    "web:public-acquisition",
    "web:system-boundary"
  ],
  "schemaVersion": "1.0",
  "technicalOwnership": [
    {
      "owner": "backend-system",
      "table": "backend_system.ledger_command_receipts"
    },
    {
      "owner": "backend-system",
      "table": "backend_system.ledger_cursor_signing_keys"
    },
    {
      "owner": "backend-system",
      "table": "backend_system.ledger_migration_quarantine"
    },
    {
      "owner": "backend-system",
      "table": "backend_system.ledger_migration_reconciliations"
    },
    {
      "owner": "backend-system",
      "table": "backend_system.ledger_migration_runs"
    },
    {
      "owner": "backend-system",
      "table": "backend_system.ledger_migration_source_rows"
    },
    {
      "owner": "backend-system",
      "table": "backend_system.ledger_workflow_receipts"
    },
    {
      "owner": "backend-system",
      "table": "public.company_access_command_receipts"
    },
    {
      "owner": "backend-system",
      "table": "public.launch_signoffs"
    },
    {
      "owner": "backend-system",
      "table": "public.notification_outbox"
    }
  ]
}
[architecture] exit=0
[architecture] durationMs=9286

[boundary] command=npm run test:boundary

> talli-repository@0.1.0 test:boundary
> npm run test:boundary-backend && npm run test:boundary-web && npm run test:boundary-contract


> talli-repository@0.1.0 test:boundary-backend
> uv run --project apps/backend pytest -c apps/backend/pyproject.toml apps/backend/tests

============================= test session starts ==============================
platform darwin -- Python 3.12.11, pytest-8.4.1, pluggy-1.6.0
rootdir: /Users/kristianelmer/.codex/worktrees/5b1a/Holding accounting/apps/backend
configfile: pyproject.toml
plugins: anyio-4.14.2
collected 230 items

apps/backend/tests/test_company_access.py .............................. [ 13%]
....                                                                     [ 14%]
apps/backend/tests/test_company_cancellation_lifecycle.py .............. [ 20%]
.......                                                                  [ 23%]
apps/backend/tests/test_company_eligibility.py ......................... [ 34%]
..............................                                           [ 47%]
apps/backend/tests/test_company_onboarding.py ....................       [ 56%]
apps/backend/tests/test_company_onboarding_migration.py ...              [ 57%]
apps/backend/tests/test_ledger.py ............................           [ 70%]
apps/backend/tests/test_ledger_api.py ..................                 [ 77%]
apps/backend/tests/test_ledger_public_contract.py ........               [ 81%]
apps/backend/tests/test_ledger_workflow.py ........                      [ 84%]
apps/backend/tests/test_opening_snapshot_compatibility.py ........       [ 88%]
apps/backend/tests/test_shareholder_register_filing_contract.py ...      [ 89%]
apps/backend/tests/test_supabase_ledger.py ..................            [ 97%]
apps/backend/tests/test_system_boundary.py ......                        [100%]

============================= 230 passed in 17.08s =============================

> talli-repository@0.1.0 test:boundary-web
> node --experimental-strip-types --test apps/web/tests/system-boundary-presentation.test.mjs apps/web/tests/company-access-presentation.test.mjs apps/web/tests/company-access-administration.test.mjs apps/web/tests/company-access-cancellation.test.mjs apps/web/tests/company-access-onboarding.test.mjs apps/web/tests/company-access-stage-exit.test.mjs apps/web/tests/company-access-action-recovery.test.mjs apps/web/tests/company-eligibility.test.mjs apps/web/tests/company-year-eligibility-gate.test.mjs apps/web/tests/invitation-side-effects.test.mjs apps/web/tests/internal-redirect.test.mjs apps/web/tests/ledger-audit-side-effects.test.mjs apps/web/tests/ledger-presentation.test.mjs apps/web/tests/ledger-writer-transport.test.mjs apps/web/tests/owner-mfa-transition.test.mjs tests/customer_agreement_actions.test.mjs tests/customer_agreement_reacceptance_ui.test.mjs

✔ create_invitation:outbox remains reachable and recovery finishes without another command (2.91125ms)
✔ create_invitation:audit remains reachable and recovery finishes without another command (0.170041ms)
✔ accept_invitation:audit remains reachable and recovery finishes without another command (0.138417ms)
✔ revoke_invitation:audit remains reachable and recovery finishes without another command (0.159333ms)
✔ resend_invitation:outbox remains reachable and recovery finishes without another command (0.142917ms)
✔ resend_invitation:audit remains reachable and recovery finishes without another command (0.104958ms)
✔ recovery actor comes from the server context and cannot claim another actor's continuation (0.14775ms)
✔ delivery persistence is owned by atomic completion, never by a browser outbox insert (0.109834ms)
✔ company-access administration transport uses only generated client operations (99.056583ms)
✔ generated decoders fail closed on every unknown or token-shaped invitation field (0.918417ms)
✔ cancellation lifecycle transport uses generated operations with bearer and deadline (92.858167ms)
✔ generated cancellation decoders reject malformed optional fields, UUIDs, and timestamps (4.034667ms)
✔ generated review decoder enforces evidence-reference length bounds (0.52875ms)
✔ truncated successful command JSON becomes a typed 502 and preserves the operation (0.521833ms)
✔ every concurrent archive source failure trips the completion barrier (0.21575ms)
✔ actions preserve exact cancellation inputs for network and decoder failures (0.083375ms)
✔ web cancellation lifecycle has no direct Supabase persistence or caller-owned proof (6.347916ms)
✔ an unknown organization keeps the specific Enhetsregisteret guidance (7.710958ms)
✔ agreement reacceptance uses an authenticated generated-client request (44.199833ms)
✔ actions and agreement gates have no direct business-persistence facade (21.408208ms)
✔ company-access and system-boundary transports share typed fail-closed backend configuration (9.399583ms)
✔ both transports reject remote HTTP in every Node environment (0.342375ms)
✔ company-access and system-boundary accept the same HTTPS and loopback origins (47.770583ms)
✔ company-access transport sends the established session only through the generated client (0.653458ms)
✔ the company-access app boundary owns its presentation model instead of a Supabase row DTO (14.176667ms)
✔ owner context preserves the admitted company-year and current safety gate (1.022917ms)
✔ company record presentations map generated camel-case contracts to existing web registry facts (0.130333ms)
✔ company-access transport fails closed on a partial context response (0.285708ms)
✔ generated company-context decoder rejects lower assurance, lower scope, and non-owner roles (0.427333ms)
✔ company records and operator access use authenticated generated-client queries (5.536666ms)
✔ a verified user without an owner company reaches onboarding but other context failures stay closed (1.169375ms)
✔ system-user callback resolves company authorization through its injected company-access query (7.815ms)
✔ every Stage 1 web consumer authorizes through company-access contracts (44.277708ms)
✔ stale admission evidence gets a truthful restart route (3.206541ms)
✔ precheck and definitive eligibility use public generated-client calls (51.556542ms)
✔ company-year admission is authenticated and carries the exact immutable boundary (0.603417ms)
✔ company-year recheck is authenticated, trigger-bound, and fail-closed decoded (0.484375ms)
✔ the functional public journey owns no policy, direct fetch, or business persistence (19.551958ms)
✔ the recheck helper carries future serialized triggers through the API (33.142583ms)
✔ a blocked recheck stops the consequential operation and preserves its next step (6.390625ms)
✔ missing admission and provider failure both fail closed (0.210583ms)
✔ invitation login continuation accepts only same-origin absolute paths (0.971333ms)
✔ side-effect identity is deterministic, actor-scoped, and purpose-scoped (1.420208ms)
✔ two actors can reuse one operation id without losing audit evidence (1.206292ms)
✔ same-actor retry reconciles exact rows and recovers an audit failure (0.411ms)
✔ foreign rows are not an oracle because actor-derived ids never trigger their lookup (0.127625ms)
✔ ledger audit identity is deterministic and actor scoped (1.292167ms)
✔ ledger audit replay reconciles the exact immutable row (0.177584ms)
✔ ledger audit failure cannot be reported as success (0.30175ms)
✔ an in-progress idempotent command preserves its operation id for retry (1.047625ms)
✔ ledger errors keep the frozen plain-Norwegian guidance (0.134625ms)
✔ opening-snapshot transport chunks companies and follows opaque pages (47.0955ms)
✔ opening-snapshot compatibility projection preserves the frozen shape (0.978792ms)
✔ opening-snapshot decoders reject malformed collections and invariants (1.801041ms)
✔ ledger query transport follows opaque pages through the generated client (0.919292ms)
✔ generated ledger query rejects a partial expanded source pair (0.376375ms)
✔ source-aware ledger query fails closed against a source-unaware backend (0.334667ms)
✔ source-aware ledger queries opt into the expanded response (2.576583ms)
✔ ledger mutation transport injects decimal money and idempotency headers (0.49325ms)
✔ administrative-cost transport requires exact purpose-bound success evidence (0.69425ms)
✔ new-year start uses the generated atomic workflow without exposing ledger lines (0.318667ms)
✔ new-year start rejects malformed or non-opening success evidence (0.301125ms)
✔ opening setup action has no direct business persistence or duplicate posting policy (0.824417ms)
✔ manual journals and period locks reconcile their frozen audit continuation (0.472125ms)
✔ ledger presentation maps generated facts without recreating posting policy (0.222125ms)
✔ opening entries recover their setup identity from canonical ledger source facts (0.249666ms)
✔ archive presentation preserves the complete frozen ledger row projection (0.119333ms)
✔ ledger period-lock transport returns an empty result without a backend call (0.065083ms)
✔ every approved ledger-coordinator form submits one operation ID (0.957625ms)
✔ client action wizards keep one stable operation ID for their mounted form (0.074042ms)
✔ ledger retry IDs are plumbed only to the matching page form (0.337542ms)
✔ all relocated ledger writers use the stable operation ID at the generated boundary (0.820709ms)
✔ committed retries reach the coordinator before mutable legacy state can reject them (0.363375ms)
✔ unknown ledger outcomes preserve only the scoped retry operation (0.580417ms)
✔ generated ledger writer binds the response to command purpose and replay state (50.273958ms)
✔ annual-close finalization accepts only an intentionally empty ledger result (0.760209ms)
✔ owner AAL2 is distinguished from other context failures without weakening the gate (1.878916ms)
✔ owner MFA inspection chooses enrollment, challenge, or verified state and fails closed (0.266875ms)
✔ enrollment and verification expose no provider errors and only resume after confirmed AAL2 (0.356417ms)
✔ owner transition is reachable after company-year admission and exposes an accessible, Norwegian MFA gate (5.823708ms)
✔ presents the generated tracer response as a safe Norwegian success (1.647791ms)
✔ presents transport failures without leaking exception details (0.09425ms)
✔ generated client accepts the declared success shape (34.807084ms)
✔ generated client maps the typed correlation option to the declared header (0.537167ms)
✔ generated client fails closed on an undeclared success shape (0.39775ms)
✔ generated client rejects an availability value outside the closed contract (1.259125ms)
✔ missing backend configuration fails closed with a typed error (0.220958ms)
✔ web liveness stays process-only while readiness fails invalid configuration (0.347583ms)
✔ web readiness validates local configuration without depending on backend reachability (0.323291ms)
✔ company-year admission validates explicit authority and every immutable document before the generated command (5.597583ms)
✔ the customer sees and explicitly accepts the complete pinned promise (1.951041ms)
✔ legacy AS-only creation controls are absent (8.933459ms)
✔ owner layout replaces children with an accessible reacceptance gate (1.307709ms)
✔ Server Action reaccepts through the authenticated generated-client boundary (0.42275ms)
ℹ tests 94
ℹ suites 0
ℹ pass 94
ℹ fail 0
ℹ cancelled 0
ℹ skipped 0
ℹ todo 0
ℹ duration_ms 622.706042

> talli-repository@0.1.0 test:boundary-contract
> node --test tests/contract/web_fastapi_boundary.test.mjs tests/company_access_review_fixes.test.mjs tests/company_access_review_round_2.test.mjs tests/company_access_onboarding_cutover.test.mjs

✔ eligibility, admission, and agreement operations are generated-client boundaries (6.427709ms)
✔ the web onboarding slice has no legacy business-policy or persistence path (1.182833ms)
✔ the complete Stage 1 web boundary is Supabase-auth-only (13.724792ms)
✔ company access owns agreement evidence and the #138 facade has exited (0.516042ms)
✔ the onboarding overlap and destructive contract are separate release artifacts (0.681416ms)
✔ capability owns immutable business request contracts (5.920042ms)
✔ every invitation decoder rejects unknown and token-shaped response fields (0.911208ms)
✔ all company-access success responses declare X-Request-ID (2.660209ms)
✔ login preserves a sanitized invitation continuation for password and OAuth (1.691333ms)
✔ invitation side effects reconcile in the trusted actor and command namespace (2.403833ms)
✔ shipped server actions expose receipt-owned recovery without browser command inputs (1.092458ms)
✔ membership role selector has a target-specific accessible name (0.403916ms)
✔ capability manifest attributes the latest company-access ownership migration (0.373042ms)
✔ authorization and hashing use versioned least-privilege helper boundaries (5.70475ms)
✔ destructive contract is a later release artifact outside the automatic runner (0.744125ms)
✔ cutover removes every authenticated self-membership update surface (0.948625ms)
✔ command receipts are backend-system technical idempotency state (1.632792ms)
✔ owner receipt visibility is atomic while acceptance keeps actor replay semantics (0.8885ms)
✔ evidence distinguishes forced receipt RLS from genuine non-owner RLS (1.581ms)
✔ OpenAPI validates command UUIDs and RFC3339 revisions (3.555125ms)
✔ the committed contract exposes one stable capability-prefixed tracer operation (3.586125ms)
✔ the committed contract exposes the authenticated company-context operation (4.059042ms)
✔ the committed contract exposes company-access invitation and membership administration (2.080333ms)
✔ the committed contract exposes only ledger-owned browser commands (2.317083ms)
✔ opening snapshots use the ledger compatibility authenticated read contract (3.162125ms)
✔ the tracer contract declares optional request and response correlation headers (1.861875ms)
✔ OpenAPI and generated TypeScript artifacts are byte-clean (713.319208ms)
✔ the OpenAPI document validates and operation IDs are globally unique (8.598917ms)
✔ the current response contract remains compatible with the explicit v1 baseline (23.315791ms)
✔ compatibility rejects newly required parameters and request bodies (12.839292ms)
✔ compatibility rejects narrower authentication requirements (2.735417ms)
✔ compatibility rejects removed or changed response headers (6.750167ms)
✔ the generated package version matches the OpenAPI contract version (5.900625ms)
✔ the generated client is committed and carries its provenance marker (0.812ms)
✔ the web tracer uses the generated package through a thin transport wrapper (0.57275ms)
ℹ tests 35
ℹ suites 0
ℹ pass 35
ℹ fail 0
ℹ cancelled 0
ℹ skipped 0
ℹ todo 0
ℹ duration_ms 914.26575
[boundary] exit=0
[boundary] durationMs=19997

[build-web] command=TALLI_BACKEND_URL=http://127.0.0.1:8000 npm run build:web

> talli-repository@0.1.0 build:web
> npm --prefix apps/web run build


> talli-web@0.1.0 build
> cd ../.. && node apps/web/scripts/run-next.mjs build

▲ Next.js 16.2.12 (Turbopack)

  Creating an optimized production build ...
✓ Compiled successfully in 2.7s
  Running TypeScript ...
  Finished TypeScript in 6.3s ...
  Collecting page data using 9 workers ...
  Generating static pages using 9 workers (0/26) ...
  Generating static pages using 9 workers (6/26) 
  Generating static pages using 9 workers (12/26) 
  Generating static pages using 9 workers (19/26) 
✓ Generating static pages using 9 workers (26/26) in 177ms
  Finalizing page optimization ...

Route (app)
┌ ○ /
├ ○ /_not-found
├ ƒ /actions
├ ƒ /actions/[type]
├ ○ /apple-icon.png
├ ƒ /archive/[companyId]/[incomeYear]/download
├ ƒ /auth/confirm
├ ƒ /auth/systembruker/confirm
├ ƒ /billing
├ ƒ /companies/[companyId]/annual-reporting/[incomeYear]
├ ƒ /companies/[companyId]/annual-reporting/[incomeYear]/[obligation]
├ ƒ /companies/[companyId]/annual-reporting/[incomeYear]/review
├ ƒ /connections
├ ƒ /corporate-decisions/[decisionId]
├ ƒ /dashboard
├ ○ /databehandleravtale
├ ƒ /documents
├ ƒ /documents/[documentId]/download
├ ƒ /documents/[documentId]/preview
├ ○ /email-confirmed
├ ƒ /filing
├ ƒ /filing/[obligation]
├ ƒ /health/live
├ ƒ /health/ready
├ ○ /icon.svg
├ ƒ /invite/accept
├ ƒ /login
├ ƒ /mfa
├ ƒ /onboarding
├ ƒ /operator
├ ○ /personvern
├ ƒ /selskapsgrense
├ ƒ /signup
├ ○ /sjekk-selskapet
├ ƒ /system-boundary
├ ƒ /transactions
├ ○ /ui
├ ƒ /verify-email
├ ○ /vilkar
├ ƒ /workspace
└ ƒ /year-end


○  (Static)   prerendered as static content
ƒ  (Dynamic)  server-rendered on demand
[build-web] exit=0
[build-web] durationMs=11523

[build-backend] command=npm run build:backend

> talli-repository@0.1.0 build:backend
> uv build --project apps/backend
Building source distribution...
Building wheel from source distribution...
Successfully built apps/backend/dist/talli_backend-0.1.0.tar.gz
Successfully built apps/backend/dist/talli_backend-0.1.0-py3-none-any.whl
[build-backend] exit=0
[build-backend] durationMs=1121

[boundary-smoke] command=npm run test:boundary-smoke

> talli-repository@0.1.0 test:boundary-smoke
> node --test tests/production_boundary_smoke.mjs

✔ built artifacts support both deployment orders and isolate backend failure (1572.765875ms)
ℹ tests 1
ℹ suites 0
ℹ pass 1
ℹ fail 0
ℹ cancelled 0
ℹ skipped 0
ℹ todo 0
ℹ duration_ms 6708.947042
[boundary-smoke] exit=0
[boundary-smoke] durationMs=6993

[launch-rehearsal] command=TALLI_PYTHON_BIN=.venv/bin/python TALLI_SKATTE_XSD_DIR=<pinned-v1.62.47> npm run test:launch-rehearsal

> talli-repository@0.1.0 test:launch-rehearsal
> npm run test:opening && npm run test:documents && npm run test:bank && npm run test:bank-suggestions && npm run test:deployed-contract && npm run test:supabase-grants && npm run test:provider-ports && npm run test:manual-journal && npm run test:share-purchase && npm run test:share-sale && npm run test:share-lots && npm run test:investment-lots-schema && npm run test:dividend-received && npm run test:owner-dividend && npm run test:owner-dividend-payment && npm run test:shareholder-loan && npm run test:annual-data && npm run test:annual-readiness && npm run test:annual-corporate-documents && npm run test:authority-evidence && npm run test:authority-adapters && npm run test:authority-operations && npm run test:maskinporten && npm run test:system-user-requests && npm run test:rf1086:authority-client && npm run test:rf1086:production-pilot && npm run test:python-runtime && npm run test:corporate-documents && npm run test:corporate-decision-workflow && npm run test:rf1086:persisted && npm run test:rf1086:submission && npm run test:annual-accounts && npm run test:annual-accounts-xml && npm run test:annual-accounts-authority && npm run test:annual-accounts-authority-script && npm run test:company-tax-return && npm run test:company-tax-return-xml && npm run test:company-tax-return-authority && npm run test:company-tax-return-authority-script && npm run test:review && npm run test:billing && npm run test:cancellation && npm run test:operator-support && npm run test:operator-mfa && npm run test:deadlines && npm run test:archive && npm run test:backup-restore && npm run test:security && npm run test:trusted-aal2-schema && npm run test:filing-release-gate && npm run test:production-filing-guide && npm run test:launch-copy && npm run test:launch-signoff && npm run test:legal-policy && npm run test:ci-gate


> talli-repository@0.1.0 test:opening
> node --experimental-strip-types --test tests/opening_balance.test.mjs

✔ new-year start replaces the duplicate browser opening policy (1.132583ms)
✔ public contract accepts only new-year business facts (0.15825ms)
ℹ tests 2
ℹ suites 0
ℹ pass 2
ℹ fail 0
ℹ cancelled 0
ℹ skipped 0
ℹ todo 0
ℹ duration_ms 114.098

> talli-repository@0.1.0 test:documents
> node --experimental-strip-types --test tests/documents.test.mjs tests/document_removal_schema.test.mjs tests/workspace_presentation.test.mjs

✔ accidental document removal is owner-only, audited, and blocked for linked evidence (6.214167ms)
✔ a failed object-store removal can restore only the same recent owner request (0.597334ms)
✔ removed documents disappear from active lists and cannot receive signed download URLs (0.721792ms)
✔ document storage key scopes object by company, year, and document id (0.909208ms)
✔ document storage key strips unsafe filename characters (0.099292ms)
✔ document upload accepts a bounded PDF based on signature, not only browser MIME (2.705833ms)
✔ document upload rejects non-PDF content and oversized files (0.333208ms)
✔ customer forms do not seed synthetic accounting facts (5.0955ms)
✔ dashboard enters the dedicated annual workspace (0.589459ms)
ℹ tests 9
ℹ suites 0
ℹ pass 9
ℹ fail 0
ℹ cancelled 0
ℹ skipped 0
ℹ todo 0
ℹ duration_ms 159.032

> talli-repository@0.1.0 test:bank
> node --experimental-strip-types --test tests/bank_workflow.test.mjs

✔ parses bank CSV with stable duplicate hash (1.368125ms)
✔ builds deterministic admin cost posting lines (0.847542ms)
✔ requires selected bank transaction to match cost amount (0.258209ms)
ℹ tests 3
ℹ suites 0
ℹ pass 3
ℹ fail 0
ℹ cancelled 0
ℹ skipped 0
ℹ todo 0
ℹ duration_ms 158.948083

> talli-repository@0.1.0 test:bank-suggestions
> node --experimental-strip-types --test tests/bank_suggestions.test.mjs tests/bank_suggestion_schema.test.mjs tests/bank_suggestion_integration.test.mjs

✔ backend coordinator revalidates the suggestion inside the atomic writer (3.264084ms)
✔ transaction queue requires an explicit owner submit for every suggestion (0.640208ms)
✔ bank suggestion approvals are immutable and posted atomically (4.616667ms)
✔ database independently validates rule, version, direction, ambiguity, and period lock (0.849833ms)
✔ suggests the required bank fee and annual fee posting (1.886208ms)
✔ suggests system subscription and incoming interest postings (0.1245ms)
✔ does not suggest on wrong direction, ambiguous text, or unknown transactions (0.099375ms)
ℹ tests 7
ℹ suites 0
ℹ pass 7
ℹ fail 0
ℹ cancelled 0
ℹ skipped 0
ℹ todo 0
ℹ duration_ms 161.232

> talli-repository@0.1.0 test:deployed-contract
> node --test tests/deployed_schema_contract.test.mjs

✔ deployed schema contract covers every post-baseline product capability (1.502542ms)
✔ reports only missing OpenAPI paths in stable order (0.121709ms)
✔ fails closed when the response is not a PostgREST OpenAPI document (0.226708ms)
ℹ tests 3
ℹ suites 0
ℹ pass 3
ℹ fail 0
ℹ cancelled 0
ℹ skipped 0
ℹ todo 0
ℹ duration_ms 110.852

> talli-repository@0.1.0 test:supabase-grants
> node --test tests/supabase_explicit_grants.test.mjs

✔ Supabase Data API grants fail closed for anon and explicitly enable service_role (5.50025ms)
✔ anonymous sessions cannot invoke authenticated mutation RPCs (1.107292ms)
✔ Systembruker request objects have explicit least-privilege grants (1.358ms)
ℹ tests 3
ℹ suites 0
ℹ pass 3
ℹ fail 0
ℹ cancelled 0
ℹ skipped 0
ℹ todo 0
ℹ duration_ms 118.7075

> talli-repository@0.1.0 test:provider-ports
> node --experimental-strip-types --test tests/provider_ports.test.mjs

✔ bank provider port fails closed until a provider is approved (1.098834ms)
✔ bank webhook receipts are replay-safe without persisting raw provider identifiers (0.484708ms)
✔ bank diagnostics redact bearer and credential material (0.195792ms)
✔ document extraction port validates tenant scope and remains disabled (0.19425ms)
✔ extraction output is always review-required and restricted to supported fields (1.058583ms)
ℹ tests 5
ℹ suites 0
ℹ pass 5
ℹ fail 0
ℹ cancelled 0
ℹ skipped 0
ℹ todo 0
ℹ duration_ms 167.857125

> talli-repository@0.1.0 test:manual-journal
> uv run --project apps/backend pytest apps/backend/tests/test_ledger.py apps/backend/tests/test_ledger_api.py -k manual -q && node --test apps/web/tests/ledger-presentation.test.mjs

....                                                                     [100%]
4 passed, 42 deselected in 0.49s
✔ an in-progress idempotent command preserves its operation id for retry (1.2875ms)
✔ ledger errors keep the frozen plain-Norwegian guidance (0.152541ms)
✔ opening-snapshot transport chunks companies and follows opaque pages (39.096917ms)
✔ opening-snapshot compatibility projection preserves the frozen shape (0.989167ms)
✔ opening-snapshot decoders reject malformed collections and invariants (1.850875ms)
✔ ledger query transport follows opaque pages through the generated client (0.958291ms)
✔ generated ledger query rejects a partial expanded source pair (0.38ms)
✔ source-aware ledger query fails closed against a source-unaware backend (1.705041ms)
✔ source-aware ledger queries opt into the expanded response (0.363875ms)
✔ ledger mutation transport injects decimal money and idempotency headers (0.377583ms)
✔ administrative-cost transport requires exact purpose-bound success evidence (0.580375ms)
✔ new-year start uses the generated atomic workflow without exposing ledger lines (0.26925ms)
✔ new-year start rejects malformed or non-opening success evidence (0.25075ms)
✔ opening setup action has no direct business persistence or duplicate posting policy (1.988584ms)
✔ manual journals and period locks reconcile their frozen audit continuation (0.509709ms)
✔ ledger presentation maps generated facts without recreating posting policy (0.239208ms)
✔ opening entries recover their setup identity from canonical ledger source facts (0.236458ms)
✔ archive presentation preserves the complete frozen ledger row projection (0.119542ms)
✔ ledger period-lock transport returns an empty result without a backend call (0.060208ms)
✔ every approved ledger-coordinator form submits one operation ID (0.910667ms)
✔ client action wizards keep one stable operation ID for their mounted form (0.068709ms)
✔ ledger retry IDs are plumbed only to the matching page form (0.327375ms)
✔ all relocated ledger writers use the stable operation ID at the generated boundary (0.831083ms)
✔ committed retries reach the coordinator before mutable legacy state can reject them (0.340208ms)
✔ unknown ledger outcomes preserve only the scoped retry operation (0.471542ms)
ℹ tests 25
ℹ suites 0
ℹ pass 25
ℹ fail 0
ℹ cancelled 0
ℹ skipped 0
ℹ todo 0
ℹ duration_ms 246.158333

> talli-repository@0.1.0 test:share-purchase
> node --experimental-strip-types --test tests/share_purchase.test.mjs

✔ builds deterministic share purchase payload and ledger lines (2.3955ms)
✔ blocks unsupported share purchase treatment with machine-readable reasons (0.29225ms)
✔ requires a whole share count for FIFO lots (0.14625ms)
ℹ tests 3
ℹ suites 0
ℹ pass 3
ℹ fail 0
ℹ cancelled 0
ℹ skipped 0
ℹ todo 0
ℹ duration_ms 165.167583

> talli-repository@0.1.0 test:share-sale
> node --experimental-strip-types --test tests/share_sale.test.mjs

✔ builds partial share sale payload and gain ledger lines (4.305833ms)
✔ supports full sale and blocks oversale (0.398209ms)
✔ uses FIFO lots rather than proportional position cost (9.563542ms)
✔ blocks a legacy position that has no reconstructable lots (0.206625ms)
ℹ tests 4
ℹ suites 0
ℹ pass 4
ℹ fail 0
ℹ cancelled 0
ℹ skipped 0
ℹ todo 0
ℹ duration_ms 169.248

> talli-repository@0.1.0 test:share-lots
> node --experimental-strip-types --test tests/share_lots.test.mjs

✔ allocates oldest acquisition lots first regardless of input order (12.219333ms)
✔ uses stable lot id order and preserves cent-exact residual cost (0.212708ms)
✔ rejects missing history, oversales, invalid lots, and future acquisitions (0.383375ms)
ℹ tests 3
ℹ suites 0
ℹ pass 3
ℹ fail 0
ℹ cancelled 0
ℹ skipped 0
ℹ todo 0
ℹ duration_ms 171.7285

> talli-repository@0.1.0 test:investment-lots-schema
> node --test tests/investment_lots_schema.test.mjs

✔ FIFO migration owns lot history and atomic investment writes (3.597834ms)
✔ legacy positions fail closed until lot history is reconstructed (0.689625ms)
ℹ tests 2
ℹ suites 0
ℹ pass 2
ℹ fail 0
ℹ cancelled 0
ℹ skipped 0
ℹ todo 0
ℹ duration_ms 116.986459

> talli-repository@0.1.0 test:dividend-received
> node --experimental-strip-types --test tests/dividend_received.test.mjs

✔ builds deterministic dividend received payload and ledger lines (1.916875ms)
✔ blocks unsupported dividend tax treatment with machine-readable reason (0.275375ms)
✔ summarizes annual dividend income and fritaksmetoden add-back (0.117084ms)
ℹ tests 3
ℹ suites 0
ℹ pass 3
ℹ fail 0
ℹ cancelled 0
ℹ skipped 0
ℹ todo 0
ℹ duration_ms 152.253459

> talli-repository@0.1.0 test:owner-dividend
> node --experimental-strip-types --test tests/owner_dividend.test.mjs

✔ legacy owner-dividend accounting and placeholder helpers are gone (0.910833ms)
✔ dividend basis is recomputed from approved persisted annual facts in integer ore (1.634917ms)
✔ dividend basis fails closed on unapproved or blocked annual facts (0.293834ms)
✔ server exposes only the draft action and never posts accounting directly (0.579125ms)
✔ wizard reviews all owners and meeting facts with proportional allocation only (0.492042ms)
✔ workspace no longer embeds the legacy posting form or placeholder copy (0.210167ms)
ℹ tests 6
ℹ suites 0
ℹ pass 6
ℹ fail 0
ℹ cancelled 0
ℹ skipped 0
ℹ todo 0
ℹ duration_ms 172.08175

> talli-repository@0.1.0 test:owner-dividend-payment
> node --experimental-strip-types --test tests/owner_dividend_payment.test.mjs

✔ open payable is derived only from a finalized declaration and immutable payment events (1.839209ms)
✔ payment validation accepts one eligible outgoing NOK transaction within the open payable (0.997375ms)
✔ server delegates policy-bound accounting atomically to the ledger coordinator (0.37825ms)
✔ workspace presents only eligible transactions for each finalized open payable (0.172833ms)
ℹ tests 4
ℹ suites 0
ℹ pass 4
ℹ fail 0
ℹ cancelled 0
ℹ skipped 0
ℹ todo 0
ℹ duration_ms 161.954125

> talli-repository@0.1.0 test:shareholder-loan
> node --experimental-strip-types --test tests/shareholder_loan.test.mjs

✔ builds supported shareholder-to-company loan ledger lines (1.7095ms)
✔ builds supported company-to-corporate-shareholder loan ledger lines (0.12825ms)
✔ blocks company-to-personal-shareholder loans with machine-readable reason (0.227542ms)
ℹ tests 3
ℹ suites 0
ℹ pass 3
ℹ fail 0
ℹ cancelled 0
ℹ skipped 0
ℹ todo 0
ℹ duration_ms 157.609542

> talli-repository@0.1.0 test:annual-data
> node --experimental-strip-types --test tests/annual_data.test.mjs

✔ builds structured year-end answers without free text (1.505542ms)
✔ does not mark activity years as no-activity (0.078541ms)
✔ seeds recorded activity into an unsaved year-end interview (0.084542ms)
✔ recorded activity cannot be hidden by a stale saved false answer (0.067709ms)
✔ keeps user confirmations independent from registered activity (0.070833ms)
ℹ tests 5
ℹ suites 0
ℹ pass 5
ℹ fail 0
ℹ cancelled 0
ℹ skipped 0
ℹ todo 0
ℹ duration_ms 150.343834

> talli-repository@0.1.0 test:annual-readiness
> node --experimental-strip-types --test tests/annual_readiness_gates.test.mjs

✔ evaluates ready state separately for all annual obligations (3.507792ms)
✔ returns hard blocks for missing permission and billing (0.47175ms)
✔ uses no-activity annual data to avoid unrelated tax-settlement clutter (0.174583ms)
✔ keeps accepted warnings separate from open warnings (0.275084ms)
✔ reports open warnings and obligation-specific blocks (0.178125ms)
ℹ tests 5
ℹ suites 0
ℹ pass 5
ℹ fail 0
ℹ cancelled 0
ℹ skipped 0
ℹ todo 0
ℹ duration_ms 179.268625

> talli-repository@0.1.0 test:annual-corporate-documents
> node --experimental-strip-types --test tests/annual_corporate_documents.test.mjs

✔ annual basis binds exact annual-data and annual-account payload hashes (11.107334ms)
✔ annual decision renders exactly the two annual PDF artifacts (370.859292ms)
✔ annual readiness becomes stale when the persisted source facts change (0.562667ms)
✔ annual server action persists only a two-artifact immutable draft (0.476583ms)
✔ year-end and filing UI expose the annual corporate lifecycle honestly (0.619667ms)
ℹ tests 5
ℹ suites 0
ℹ pass 5
ℹ fail 0
ℹ cancelled 0
ℹ skipped 0
ℹ todo 0
ℹ duration_ms 576.742542

> talli-repository@0.1.0 test:authority-evidence
> node --experimental-strip-types --test tests/authority_test_evidence.test.mjs tests/annual_accounts_authority_evidence_import.test.mjs tests/company_tax_return_authority_evidence_import.test.mjs tests/rf1086_tt02_evidence.test.mjs tests/company_tax_return_tt02_evidence.test.mjs tests/annual_accounts_tt02_evidence.test.mjs

✔ runtime imports validated RR0002 evidence as pending without enabling production (1.205167ms)
✔ workspace offers a JSON evidence import and defaults manual evidence to pending (0.201083ms)
✔ annual-accounts TT02 evidence is submitted, archived, test-only, and secret-free (5.313917ms)
✔ builds accepted authority test evidence with receipt and archive refs (0.921292ms)
✔ imports submitted annual-accounts TT02 evidence as pending runtime evidence (0.778166ms)
✔ imports completed company-tax TT02 evidence as company- and year-bound pending evidence (0.955208ms)
✔ company-tax TT02 import fails closed on identity, authority, handoff, receipt, or archive mismatches (0.647417ms)
✔ annual-accounts TT02 import fails closed on company, production, and submission mismatches (0.188292ms)
✔ requires test reference and recorder (0.946584ms)
✔ gate requires accepted evidence with receipt and archive refs (0.106334ms)
✔ gate surfaces latest rejected, blocked, and pending evidence (8.7355ms)
✔ migration links test-authority submissions without opening the direct-write policy (2.07925ms)
✔ migration exposes one authenticated owner-AAL2-protected atomic import RPC (1.234667ms)
✔ RPC evidence URLs use one canonical HTTPS grammar and reject traversal (0.345083ms)
✔ RPC retries compare evidence content without replacing the original actors (0.187542ms)
✔ runtime imports completed company-tax TT02 evidence through exactly one atomic RPC (0.528041ms)
✔ workspace offers a company-tax JSON evidence import bound to the active year (0.18825ms)
✔ company-tax TT02 evidence is submitted, receipted, archived, test-only, and secret-free (4.262958ms)
✔ RF-1086 TT02 evidence is accepted, complete, and secret-free (4.479792ms)
ℹ tests 19
ℹ suites 0
ℹ pass 19
ℹ fail 0
ℹ cancelled 0
ℹ skipped 0
ℹ todo 0
ℹ duration_ms 181.096375

> talli-repository@0.1.0 test:authority-adapters
> node --experimental-strip-types --test tests/authority_adapters.test.mjs

✔ RF-1086 transport is implemented but every production authority adapter remains disabled (2.193208ms)
✔ RF-1086 plan preserves XML document, confirmation, feedback, and receipt sequence (0.097542ms)
✔ tax return and annual accounts plans require an ID-porten person signing handoff (0.099458ms)
ℹ tests 3
ℹ suites 0
ℹ pass 3
ℹ fail 0
ℹ cancelled 0
ℹ skipped 0
ℹ todo 0
ℹ duration_ms 174.853542

> talli-repository@0.1.0 test:authority-operations
> node --experimental-strip-types --test tests/authority_operations.test.mjs tests/authority_operations_schema.test.mjs tests/authority_operations_actions.test.mjs

✔ authority operation environment fails closed and rejects test credentials (1.169708ms)
✔ authority environment accepts the proven RSA PEM shape used by production filing (0.226ms)
✔ environment diagnostics expose only the invalid field (0.091958ms)
✔ builds the one fixed RF-1086 own-system definition (1.308125ms)
✔ requires the exact immutable operation and confirmation phrase (0.176042ms)
✔ requires the separate exact callback operation and confirmation phrase (0.110375ms)
✔ callback update performs a full PUT only from the exact empty-callback definition (38.4175ms)
✔ an exact callback definition is already verified with GET only (0.38425ms)
✔ a missing system is a definition conflict and never creates or updates (0.167334ms)
✔ any non-callback definition drift blocks without a write (1.942084ms)
✔ unknown or duplicate fields at every callback projection level block without a write (0.514ms)
✔ null and malformed callback projection values block without a write (0.622875ms)
✔ PUT transport failures are always reconciled by GET (2.304959ms)
✔ non-success PUT responses are always reconciled by GET (1.059958ms)
✔ invalid successful PUT bodies are reconciled and preserve their safe failure when unchanged (0.270459ms)
✔ every callback authority response is capped before status handling (0.717333ms)
✔ final GET transport failures use only the fixed verification error (0.207375ms)
✔ callback verification drift is reported as conflict after the one allowed PUT (0.222916ms)
✔ creates a missing system then verifies it without leaking the token (0.559791ms)
✔ returns already_verified for an exactly matching existing definition (0.133417ms)
✔ does not overwrite a conflicting existing definition (0.123917ms)
✔ rejects malformed authority responses with only safe errors (0.226041ms)
✔ sanitizes network and upstream HTTP failures (0.1575ms)
✔ authority operation is admin-only, AAL2-gated, exact, and service-audited (1.141541ms)
✔ operator UI exposes only the immutable RF-1086 operation and redacted results (0.178667ms)
✔ the server query is limited to recent redacted rows for active admins (0.118208ms)
✔ callback update has a separate admin, fresh-AAL2, ops-gated audited action (0.210166ms)
✔ operator callback UI is native, exact, and honest about its narrow effect (0.355541ms)
✔ authority operations are constrained, RLS protected, and service-written (1.609333ms)
✔ rollback revokes access before dropping the table (0.46225ms)
✔ callback operation migration expands only the constrained safe audit contract (0.668833ms)
✔ callback rollback removes callback rows before restoring the original constraints (0.320917ms)
ℹ tests 32
ℹ suites 0
ℹ pass 32
ℹ fail 0
ℹ cancelled 0
ℹ skipped 0
ℹ todo 0
ℹ duration_ms 249.151834

> talli-repository@0.1.0 test:maskinporten
> node --experimental-strip-types --test tests/maskinporten.test.mjs

✔ builds a short-lived TT02 system-user grant against the issuer audience (3.592916ms)
✔ signs a verifiable compact RS256 JWT without exposing the private key (69.466625ms)
✔ posts the JWT bearer grant and returns an opaque access token in memory (87.013292ms)
✔ sanitizes authority errors and rejects malformed token responses (17.540667ms)
✔ fails closed on invalid environment, identifiers, scope, and key material (0.452625ms)
✔ loads one production credential set without treating an operations switch as an owner feature gate (28.616541ms)
✔ rejects a token response that broadens or changes the requested scope (63.929417ms)
ℹ tests 7
ℹ suites 0
ℹ pass 7
ℹ fail 0
ℹ cancelled 0
ℹ skipped 0
ℹ todo 0
ℹ duration_ms 440.041917

> talli-repository@0.1.0 test:system-user-requests
> node --experimental-strip-types --test tests/system_user_requests.test.mjs tests/system_user_authority_client.test.mjs tests/system_user_callback_route.test.mjs

✔ create sends one standard request with the exact fixed contract (33.014125ms)
✔ lookup methods use only the standard request and system-user endpoints (0.826958ms)
✔ the client rejects agent fields, mismatches, wrong hosts, and oversized bodies (0.951125ms)
✔ response validation rejects unknown statuses and every fixed-field or shape mismatch (0.233458ms)
✔ confirmation URLs use only the exact HTTPS host for their environment (0.23475ms)
✔ query validation rejects invalid shapes, identity mismatches, and extra fields (0.666458ms)
✔ authority errors expose only allowlisted safe codes (0.477209ms)
✔ prototype names cannot bypass the documented authority-code allowlist (0.260416ms)
✔ invalid inputs fail before network access without reflecting sensitive values (0.320167ms)
✔ production route import defers canonical origin validation until a callback request (202.830167ms)
✔ callback redirects use only the fixed Talli origin, with localhost limited to non-production (0.486375ms)
✔ callback ignores every query parameter and uses only authenticated user, cookie UUID, and company-access authorization (2.760084ms)
✔ missing cookie redirects to fixed manual status and still deletes the exact cookie path (0.245167ms)
✔ invalid cookie, missing user, stale request, and cross-owner request all fail closed (0.655666ms)
✔ callback errors expose no provider detail, identifiers, or reflected input (0.2795ms)
✔ callback maps only allowlisted local states (1.223791ms)
✔ external references are opaque and transitions are monotonic (1.22775ms)
✔ terminal Altinn failures cannot be reopened (0.091042ms)
✔ invalid runtime statuses use the stable transition error (1.257042ms)
ℹ tests 19
ℹ suites 0
ℹ pass 19
ℹ fail 0
ℹ cancelled 0
ℹ skipped 0
ℹ todo 0
ℹ duration_ms 433.505083

> talli-repository@0.1.0 test:rf1086:authority-client
> node --experimental-strip-types --test tests/rf1086_authority_client.test.mjs

✔ executes the official hovedskjema, underskjema, confirmation, and archive sequence (43.327167ms)
✔ accepts the documented lowercase main response and uses the production base only when explicit (1.413916ms)
✔ returns structured sanitized authority errors without token or submitted field values (0.732959ms)
✔ polls the documented forsendelseId after the observed eventual-consistency GLD_1017 (0.77ms)
✔ classifies authentication expiry and server failures as retryable (0.398666ms)
✔ fails closed on missing XML, invalid years, references, idempotency keys, and bearer tokens (0.244791ms)
✔ retrieves an individual allowlisted document with a bounded GET (0.238542ms)
✔ individual document retrieval rejects disallowed types and streams over 10 MiB (3.211291ms)
✔ document listing preserves inline XML and only strict UUID references (0.426ms)
✔ all JSON authority responses are streamed with a global 64 KiB cap (3.476125ms)
✔ JSON authority responses reject non-JSON media types without exposing their body (0.171959ms)
ℹ tests 11
ℹ suites 0
ℹ pass 11
ℹ fail 0
ℹ cancelled 0
ℹ skipped 0
ℹ todo 0
ℹ duration_ms 220.461916

> talli-repository@0.1.0 test:rf1086:production-pilot
> node --experimental-strip-types --test tests/production_pilot.test.mjs tests/production_approval.test.mjs tests/production_submission.test.mjs tests/controlled_production_beta_schema.test.mjs tests/rf1086_production.test.mjs tests/rf1086_production_environment.test.mjs tests/controlled_production_beta_actions.test.mjs tests/rf1086_production_runbook.test.mjs

✔ operator entitlement action is exact and database-authorized (4.615167ms)
✔ owner approval binds persisted preview data and requires a real-filing acknowledgement (1.434625ms)
✔ send action rechecks approval, uses production-only credentials, and journals authority calls (1.550708ms)
✔ production release does not begin or submit when delegated-token acquisition fails (6.039375ms)
✔ production release makes no POST when transactional begin rejects after token acquisition (0.274458ms)
✔ production release orders token, durable begin, then journaled external submission (0.12625ms)
✔ owner connection actions accept only local UUID selection and enforce fresh AAL2 before flow orchestration (0.3585ms)
✔ production UI never equates receipt transport with final acceptance (0.153041ms)
✔ a disabled production adapter tolerates an unapplied additive schema during rollout (0.094625ms)
✔ all migrations use portable JSONB object checks (6.684542ms)
✔ creates a separate production-only aggregate with constrained states (3.298541ms)
✔ denies direct customer mutation and keeps authority events service-only (0.630792ms)
✔ approval and begin RPCs enforce owner AAL2 and an exact active entitlement (0.550541ms)
✔ acceptance requires explicit final authority evidence and events are append-only (0.188917ms)
✔ rollback revokes RPC access before dropping additive objects (0.113125ms)
✔ Systembruker binding preserves every existing production filing gate (0.678792ms)
✔ builds a deterministic canonical approval manifest (17.576417ms)
✔ approval hash changes when any legally relevant value changes (0.277667ms)
✔ matches only the exact current manifest and rejects blocked approvals (0.297917ms)
✔ requires an exact active company/user/year/obligation/profile entitlement (1.668958ms)
✔ rejects absent, future, and expired entitlements (0.222667ms)
✔ bypasses billing only for an exact billing-exempt pilot (2.151667ms)
✔ never applies the billing exemption to an inexact or non-exempt entitlement (0.230875ms)
✔ allows only documented production submission transitions (1.063708ms)
✔ transport acknowledgement cannot become accepted (0.114834ms)
✔ uses explicit authority feedback for terminal outcomes (3.968125ms)
✔ reconciliation action rechecks the exact owner, submission, and verified request without POST (1.210416ms)
✔ initial send performs bounded feedback polling only after the journaled confirmation path (0.352333ms)
✔ private artifact persistence verifies receipts and cleans up only after authoritative absence (0.563459ms)
✔ filing page auto-resumes pending reconciliation and always exposes manual retry (0.185167ms)
✔ persists stable prepared keys before each authority mutation and reports processing (4.416625ms)
✔ confirmation remains journaled when the first archive read is still pending (0.423958ms)
✔ resumes succeeded mutations without sending them twice (0.938833ms)
✔ resumes a retryable mutation with its persisted idempotency key (0.183084ms)
✔ does not retry a mutation that authority already blocked (1.959084ms)
✔ quarantines a mutation timeout instead of retrying (0.436208ms)
✔ records an explicit authority rejection as blocked without leaking XML (0.214667ms)
✔ initial reconciliation polls five times without another POST (1.81075ms)
✔ later reconciliation reads once and appends only state or artifact changes (0.183458ms)
✔ submitted XML hashes are ignored while strict references are downloaded and classified (0.403667ms)
✔ unknown archive shapes and malformed or mismatched feedback require action (0.275ms)
✔ transport uncertainty is durable unknown with safe codes only (0.15575ms)
✔ bare GLD_021 and bare GLD_1017 archive responses remain processing (0.222209ms)
✔ a transient artifact persistence failure remains reclaimable and retries read-only (0.6765ms)
✔ Supabase connection and pool failures remain retryable through the real persistence mapping (1.328959ms)
✔ Supabase constraint and schema failures remain terminal through the real persistence mapping (0.553292ms)
✔ ambiguous metadata commit preserves the receipt and the next read-only attempt verifies it (2.931958ms)
✔ authoritative metadata absence permits cleanup of resources owned by the failed attempt (0.230458ms)
✔ existing metadata cannot accept a missing or mismatched private receipt (0.228459ms)
✔ production stays disabled by default (1.70825ms)
✔ returns only strict production configuration when every gate is present (3.148459ms)
✔ rejects file paths, test material, wrong scope, partial configuration, and loose flag values (0.38425ms)
✔ runbook covers the hand-held first production filing and immediate rollback (1.429542ms)
✔ release docs require callback verification before self-service activation (0.121292ms)
✔ runbook defines the activation order, recovery matrix, and local-proof boundary (0.28925ms)
ℹ tests 55
ℹ suites 0
ℹ pass 55
ℹ fail 0
ℹ cancelled 0
ℹ skipped 0
ℹ todo 0
ℹ duration_ms 255.37025

> talli-repository@0.1.0 test:python-runtime
> node --experimental-strip-types --test tests/python_runtime.test.mjs

✔ uses an explicit configured Python runtime (0.886208ms)
✔ finds the project virtualenv for local filing-engine calls (0.087ms)
✔ fails closed when no dependency-complete Python runtime is configured (0.240125ms)
ℹ tests 3
ℹ suites 0
ℹ pass 3
ℹ fail 0
ℹ cancelled 0
ℹ skipped 0
ℹ todo 0
ℹ duration_ms 168.846375

> talli-repository@0.1.0 test:corporate-documents
> node --experimental-strip-types --test tests/corporate_documents.test.mjs tests/corporate_decision_facts.test.mjs tests/corporate_document_readiness.test.mjs tests/corporate_document_schema.test.mjs tests/corporate_document_database_runtime.test.mjs

✔ largest-remainder allocation is deterministic in integer øre (4.678292ms)
✔ owner-dividend facts come only from persisted identity, shareholders, and approved annual totals (12.1235ms)
✔ stale or tampered reviewed facts are rejected instead of silently replaced (0.669875ms)
✔ annual-close input binds both annual-data and annual-account payload hashes (0.635541ms)
✔ corporate lifecycle RPCs pass a fresh PostgreSQL rehearsal (3705.389125ms)
✔ state is derived only from current immutable artifacts, events, and finalization (1.286208ms)
✔ readiness fails closed for stale hashes, unsigned documents, and terminal decisions (1.0625ms)
✔ annual filing gate requires the current annual decision hash and finalization when enabled (4.028ms)
✔ corporate decision schema is immutable, tenant scoped, and hash bound (3.940375ms)
✔ accounting policy accounts are server-side reviewed facts (0.764584ms)
✔ database RPCs recompute canonical hashes and persisted accounting facts (3.211292ms)
✔ canonical Node JSON and hash match the Python renderer (351.1505ms)
✔ parser independently validates JSON, hashes, lengths, PDF bytes, and exact kinds (5.263083ms)
✔ parser preserves a narrow blocked result without trusting arbitrary fields (0.219583ms)
✔ renderer kills subprocesses that exceed bounded stdout or stderr (0.808333ms)
✔ renderer uses no shell, a fixed argv, a timeout, and a restricted environment (7.354792ms)
✔ storage keys are tenant scoped, content addressed, and reject path injection (0.285583ms)
✔ uploads with upsert false and verifies an exact existing object on retry (0.854417ms)
✔ an existing object with different bytes fails closed (0.332292ms)
✔ a later upload failure removes only objects created by this attempt (0.327375ms)
ℹ tests 20
ℹ suites 0
ℹ pass 20
ℹ fail 0
ℹ cancelled 0
ℹ skipped 0
ℹ todo 0
ℹ duration_ms 3829.320458

> talli-repository@0.1.0 test:corporate-decision-workflow
> node --experimental-strip-types --test tests/corporate_decision_workflow.test.mjs

✔ signed corporate upload validates PDF bytes, MIME, size, and a separate immutable key (1.957333ms)
✔ required signer names are derived from immutable canonical input (11.46525ms)
✔ server exposes step-up-protected immutable lifecycle actions (0.508917ms)
✔ review, signed attestation, and preview UI use honest owner-only copy (0.279625ms)
ℹ tests 4
ℹ suites 0
ℹ pass 4
ℹ fail 0
ℹ cancelled 0
ℹ skipped 0
ℹ todo 0
ℹ duration_ms 178.866708

> talli-repository@0.1.0 test:rf1086:persisted
> node --experimental-strip-types --test tests/rf1086_persisted_preview.test.mjs

✔ builds RF-1086 no-activity case from persisted setup rows (1.728125ms)
✔ renders persisted no-activity case through Python RF-1086 engine (311.176167ms)
✔ renders persisted no-activity case without a Python runtime (1.495917ms)
✔ serverless renderer matches the verified Python renderer for the no-activity profile (277.982375ms)
✔ blocks persisted setup with mismatched shareholder totals in both renderers (266.604583ms)
ℹ tests 5
ℹ suites 0
ℹ pass 5
ℹ fail 0
ℹ cancelled 0
ℹ skipped 0
ℹ todo 0
ℹ duration_ms 1027.612417

> talli-repository@0.1.0 test:rf1086:submission
> node --experimental-strip-types --test tests/rf1086_submission_persisted.test.mjs

✔ blocks simulated submission without authority confirmation (1.025125ms)
✔ blocks simulated submission without final preview confirmation (0.081208ms)
✔ prepares deterministic simulated submission calls and receipt from persisted preview (554.006666ms)
✔ simulates a persisted submission without a Python runtime (11.703042ms)
✔ serverless simulation matches the verified Python request plan (266.810792ms)
✔ blocks production adapter even if the legacy environment flag is set (0.291542ms)
✔ builds stable request payload hash and idempotency key (1.357542ms)
✔ builds accepted receipt metadata and immutable submitted payload references (256.708917ms)
✔ builds rejected feedback as structured error state (0.148584ms)
ℹ tests 9
ℹ suites 0
ℹ pass 9
ℹ fail 0
ℹ cancelled 0
ℹ skipped 0
ℹ todo 0
ℹ duration_ms 1261.687084

> talli-repository@0.1.0 test:annual-accounts
> node --experimental-strip-types --test tests/annual_accounts_payload.test.mjs

✔ builds verified RR0002 annual accounts payload fields (1.842ms)
✔ includes system costs, bank interest, and share-sale losses in annual result (0.135416ms)
✔ separates tax expense from result before tax and includes tax payable in debt (0.1215ms)
✔ returns annual accounts feedback for missing notes and unsupported cases (0.144458ms)
✔ persists annual accounts payload feedback into readiness gate shape (1.901458ms)
ℹ tests 5
ℹ suites 0
ℹ pass 5
ℹ fail 0
ℹ cancelled 0
ℹ skipped 0
ℹ todo 0
ℹ duration_ms 175.852416

> talli-repository@0.1.0 test:annual-accounts-xml
> node --experimental-strip-types --test tests/annual_accounts_xml.test.mjs

✔ renders deterministic live-schema RR0002 main and company-accounts XML (2.682917ms)
✔ rejects a payload with readiness blocks (5.569125ms)
✔ rejects unbalanced or fractional whole-kroner payloads (0.554458ms)
✔ rejects a missing field or mismatched official orid (0.981167ms)
✔ rejects a calendar-invalid approval date (0.217209ms)
ℹ tests 5
ℹ suites 0
ℹ pass 5
ℹ fail 0
ℹ cancelled 0
ℹ skipped 0
ℹ todo 0
ℹ duration_ms 174.064625

> talli-repository@0.1.0 test:annual-accounts-authority
> node --experimental-strip-types --test tests/annual_accounts_authority_client.test.mjs

✔ prepares the official RR0002 instance for person signing without signing or submitting (37.979959ms)
✔ reads completed RR0002 signature, receipt, and archive evidence without downloading documents (0.574334ms)
✔ fails closed on authority validation errors before locking the instance (0.767791ms)
✔ exchanges the Maskinporten token at the documented TT02 Altinn endpoint (0.217292ms)
✔ rejects incomplete instances, invalid inputs, and production transport (0.486125ms)
✔ sanitizes remote errors and never includes submitted XML or access tokens (0.329042ms)
ℹ tests 6
ℹ suites 0
ℹ pass 6
ℹ fail 0
ℹ cancelled 0
ℹ skipped 0
ℹ todo 0
ℹ duration_ms 203.44225

> talli-repository@0.1.0 test:annual-accounts-authority-script
> node --experimental-strip-types --test tests/annual_accounts_authority_script.test.mjs

✔ annual accounts authority rehearsal refuses to run without explicit test-write approval (143.889375ms)
ℹ tests 1
ℹ suites 0
ℹ pass 1
ℹ fail 0
ℹ cancelled 0
ℹ skipped 0
ℹ todo 0
ℹ duration_ms 251.839791

> talli-repository@0.1.0 test:company-tax-return
> node --experimental-strip-types --test tests/company_tax_return_payload.test.mjs

✔ builds 2025 schema-backed company tax return payload candidate (3.556375ms)
✔ uses the current-draft party number for both authority documents (0.175375ms)
✔ reconciles interest, costs, exempt gains, and non-deductible losses (9.824958ms)
✔ renders a negative taxable basis as a positive whole-number loss (0.191792ms)
✔ blocks unsupported tax treatment and shareholder loans (0.156417ms)
✔ builds no-activity payload candidate without activity warnings (0.128583ms)
✔ blocks unsupported owner dividend and blocking actions (0.13625ms)
✔ persists tax return payload feedback into skattemelding readiness (2.639042ms)
✔ archives pending company-tax TT02 feedback without relabeling it as a simulated receipt (0.586959ms)
ℹ tests 9
ℹ suites 0
ℹ pass 9
ℹ fail 0
ℹ cancelled 0
ℹ skipped 0
ℹ todo 0
ℹ duration_ms 210.179084

> talli-repository@0.1.0 test:company-tax-return-xml
> node --experimental-strip-types --test tests/company_tax_return_xml.test.mjs

✔ renders deterministic 2025 XML with escaped values and schema order (3.599167ms)
✔ rendered XML validates against the pinned official schemas when supplied (31.409375ms)
ℹ tests 2
ℹ suites 0
ℹ pass 2
ℹ fail 0
ℹ cancelled 0
ℹ skipped 0
ℹ todo 0
ℹ duration_ms 208.709167

> talli-repository@0.1.0 test:company-tax-return-authority
> node --experimental-strip-types --test tests/company_tax_return_authority_client.test.mjs

✔ renders the official v2 envelope with base64 documents and 2025 submission purpose (1.203417ms)
✔ rendered envelope validates against the pinned official request schema when supplied (8.9315ms)
✔ renders and posts a reference-free envelope only to the documented validertest endpoint (34.25775ms)
✔ summarizes validation status and guidance without retaining calculated documents (10.985667ms)
✔ exchanges a system-user Maskinporten token at the official Altinn endpoint (0.4255ms)
✔ uses the official current-document and Altinn async-validation sequence (2.247917ms)
✔ replaces an existing company-tax envelope data element in place (0.361416ms)
✔ advances exactly once from data to owner confirmation and returns the documented viewer URL (0.480833ms)
✔ owner-confirmation preparation is idempotent and blocks unknown tasks without a write (0.47275ms)
✔ retrieves exactly one clean XML feedback receipt through read-only calls (0.492667ms)
✔ feedback retrieval treats missing feedback as retryable and duplicate feedback as blocked (0.273208ms)
✔ feedback retrieval blocks rejected scans, non-XML content, and byte-length mismatches (0.401167ms)
✔ polls read-only until the company tax feedback receipt is available (0.321041ms)
✔ fails closed before validation until the uploaded envelope is virus-scan Clean (0.123625ms)
✔ sanitizes remote errors and rejects production-by-default shortcuts (0.24225ms)
ℹ tests 15
ℹ suites 0
ℹ pass 15
ℹ fail 0
ℹ cancelled 0
ℹ skipped 0
ℹ todo 0
ℹ duration_ms 228.278125

> talli-repository@0.1.0 test:company-tax-return-authority-script
> node --test tests/company_tax_return_authority_script.test.mjs

✔ company tax rehearsal refuses to run without explicit TT02 write approval (161.01325ms)
✔ company tax rehearsal is resumable, company-bound, and keeps final submission human-controlled (0.444333ms)
ℹ tests 2
ℹ suites 0
ℹ pass 2
ℹ fail 0
ℹ cancelled 0
ℹ skipped 0
ℹ todo 0
ℹ duration_ms 276.66175

> talli-repository@0.1.0 test:review
> node --experimental-strip-types --test tests/review_workflow.test.mjs

✔ advisory review comments can be acknowledged (0.818875ms)
✔ hard review comments cannot be acknowledged as advisory (0.204375ms)
✔ hard review comments block simulated submission (0.092667ms)
✔ workspace invitation presentation marks pending invitations expired (0.89675ms)
✔ review checklist keeps advisory comments separate from hard system blocks (0.85475ms)
ℹ tests 5
ℹ suites 0
ℹ pass 5
ℹ fail 0
ℹ cancelled 0
ℹ skipped 0
ℹ todo 0
ℹ duration_ms 172.437958

> talli-repository@0.1.0 test:billing
> node --experimental-strip-types --test tests/billing_persisted.test.mjs

✔ builds founder and standard billing accounts with launch prices (0.810041ms)
✔ blocks founder cohorts outside first 100 companies (1.072583ms)
✔ filing package charge waits for subscription and readiness (0.126042ms)
✔ unsupported cases remain no-charge and supported paid failures are refund eligible (0.072917ms)
✔ simulated provider events persist idempotent payment and refund references (0.176208ms)
✔ simulated provider events handle duplicate webhooks and subscription cancellation (0.145084ms)
ℹ tests 6
ℹ suites 0
ℹ pass 6
ℹ fail 0
ℹ cancelled 0
ℹ skipped 0
ℹ todo 0
ℹ duration_ms 155.735042

> talli-repository@0.1.0 test:cancellation
> node --experimental-strip-types --test tests/cancellation.test.mjs

✔ requires archive export before cancellation can move into retention hold (0.792416ms)
✔ keeps final deletion behind legal review and explicit deletion state (0.080959ms)
✔ builds archive and retention evidence for launch-critical records (0.840834ms)
✔ shows explicit export, soft-delete, retention, and final deletion lifecycle states (0.491917ms)
✔ builds retained deletion completion update with reviewer and actor (0.5505ms)
ℹ tests 5
ℹ suites 0
ℹ pass 5
ℹ fail 0
ℹ cancelled 0
ℹ skipped 0
ℹ todo 0
ℹ duration_ms 163.118834

> talli-repository@0.1.0 test:operator-support
> node --experimental-strip-types --test tests/operator_support.test.mjs

✔ operator search denies non-operators and too-short queries (1.897625ms)
✔ operator summary highlights filing, billing, refund, restore, and audit state (10.898791ms)
✔ operator summary keeps cross-company data separated (0.202667ms)
ℹ tests 3
ℹ suites 0
ℹ pass 3
ℹ fail 0
ℹ cancelled 0
ℹ skipped 0
ℹ todo 0
ℹ duration_ms 184.85175

> talli-repository@0.1.0 test:operator-mfa
> node --test tests/operator_mfa.test.mjs

✔ operator MFA uses the signed-in browser session and official TOTP APIs (1.247083ms)
✔ an existing AAL2 session can be re-verified after the freshness window expires (0.153125ms)
✔ the MFA surface is rendered only inside the existing admin operator boundary (0.210542ms)
ℹ tests 3
ℹ suites 0
ℹ pass 3
ℹ fail 0
ℹ cancelled 0
ℹ skipped 0
ℹ todo 0
ℹ duration_ms 113.116416

> talli-repository@0.1.0 test:deadlines
> node --experimental-strip-types --test tests/deadlines.test.mjs

✔ shows upcoming deadlines before due dates (3.017166ms)
✔ shows due on exact deadline date (0.106375ms)
✔ shows overdue after deadline without fine guarantee language (0.167167ms)
✔ shows simulated when RF-1086 receipt exists before deadline (0.082208ms)
✔ shows late simulated when receipt is archived after deadline (0.076208ms)
✔ represents RF-1086, skattemelding, and årsregnskap separately (0.806ms)
✔ queues configurable upcoming reminders with Norwegian no-guarantee language (0.75075ms)
✔ prevents duplicate reminders and skips completed filings (0.148875ms)
✔ queues overdue guidance without unsupported cases (0.14475ms)
ℹ tests 9
ℹ suites 0
ℹ pass 9
ℹ fail 0
ℹ cancelled 0
ℹ skipped 0
ℹ todo 0
ℹ duration_ms 157.420458

> talli-repository@0.1.0 test:archive
> node --experimental-strip-types --test tests/archive_export.test.mjs

✔ builds company-year archive from persisted workspace rows (4.465042ms)
✔ archive download fetches only sanitized authority runs linked by submission id (0.941958ms)
✔ archive ledger facts come through the generated capability query with a frozen projection (0.635666ms)
ℹ tests 3
ℹ suites 0
ℹ pass 3
ℹ fail 0
ℹ cancelled 0
ℹ skipped 0
ℹ todo 0
ℹ duration_ms 163.961

> talli-repository@0.1.0 test:backup-restore
> node --experimental-strip-types --test tests/backup_restore.test.mjs

✔ company-tax evidence migration preserves an atomic reference-only backup boundary (1.524833ms)
✔ backup manifest identifies launch-critical tables and object references (1.232375ms)
✔ restore fixture preserves launch-critical accounting state in isolated workspace (0.468959ms)
✔ company-tax submissions are counted and round-trip with generic filing submissions (0.226708ms)
✔ restore integrity rejects missing and mismatched company-tax authority evidence pairs (0.358541ms)
✔ restore integrity fails when corporate lifecycle rows or object metadata are incomplete (0.190875ms)
✔ restore integrity reports missing object warning and missing critical rows (0.15275ms)
✔ production restore launch gate requires recent passing restore test (0.829ms)
✔ corporate release and restore runbooks keep external gates explicitly pending (2.591333ms)
ℹ tests 9
ℹ suites 0
ℹ pass 9
ℹ fail 0
ℹ cancelled 0
ℹ skipped 0
ℹ todo 0
ℹ duration_ms 176.399333

> talli-repository@0.1.0 test:security
> node --experimental-strip-types --test tests/security_step_up.test.mjs

✔ step-up accepts fresh signed AAL2 claims for the matching actor (1.801458ms)
✔ step-up accepts supported signed MFA method references and uses the newest one (0.127792ms)
✔ step-up fails closed for AAL1, cross-user, missing AMR, and string-only AMR claims (0.266208ms)
✔ step-up rejects invalid, stale, and future MFA timestamps (0.516584ms)
✔ all protected corporate actions require fresh AAL2 user presence (0.167708ms)
✔ server gate verifies claims, never reads legacy step-up rows, and audits allow/block (0.387916ms)
✔ claims lookup failures are blocked and audited without leaking provider details (0.126667ms)
ℹ tests 7
ℹ suites 0
ℹ pass 7
ℹ fail 0
ℹ cancelled 0
ℹ skipped 0
ℹ todo 0
ℹ duration_ms 178.652209

> talli-repository@0.1.0 test:trusted-aal2-schema
> node --test tests/trusted_aal2_schema.test.mjs

✔ legacy step-up events are inaccessible to customer Data API roles (4.345875ms)
✔ corporate step-up RPC trusts signed AAL2 and timestamped AMR claims only (1.142125ms)
✔ final founder confirmation is a database-enforced launch signoff key (0.73875ms)
ℹ tests 3
ℹ suites 0
ℹ pass 3
ℹ fail 0
ℹ cancelled 0
ℹ skipped 0
ℹ todo 0
ℹ duration_ms 114.303292

> talli-repository@0.1.0 test:filing-release-gate
> node --experimental-strip-types --test tests/filing_release_gate.test.mjs

✔ release evidence keeps authority and filing switches off after local browser proof (0.959709ms)
✔ keeps all production filing gates disabled without authority, billing, step-up, and human review (2.112334ms)
✔ blocks production when authority evidence or filing-specific signoff is missing (0.294791ms)
✔ marks only the exactly entitled RF obligation production ready when every release gate passes (0.963459ms)
✔ cannot report production ready when a live adapter is unimplemented or disabled (0.190042ms)
✔ fresh AAL2 and enabled adapters cannot replace final founder confirmation (0.145416ms)
✔ a stale restore rehearsal blocks every production filing (0.120084ms)
ℹ tests 7
ℹ suites 0
ℹ pass 7
ℹ fail 0
ℹ cancelled 0
ℹ skipped 0
ℹ todo 0
ℹ duration_ms 188.633

> talli-repository@0.1.0 test:production-filing-guide
> node --test tests/production_filing_action_guide.test.mjs

✔ checklist and guide keep the exact ordered stage sequence (1.764084ms)
✔ both documents keep runtime signoffs in the signoff stage (0.35575ms)
✔ both documents keep case-specific gates in their operating stages (0.238292ms)
✔ mandatory gates stay affirmative without localized contradictions (8.197792ms)
✔ mandatory-gate contradiction matcher rejects bypasses but allows fail-closed language (0.347958ms)
✔ every guide stage uses only numbered checkbox action entries (1.149ms)
✔ mandatory gate declarations stay outside exact action checkboxes (0.209625ms)
✔ founder go-live approval stays pending until the complete evidence set exists (1.337667ms)
✔ production credential readiness is verified without exposing the key (0.321542ms)
✔ unknown outcome shutdown precedes read-only reconciliation (0.207042ms)
✔ legal-pack approval stage says professional approval is pending (0.087042ms)
✔ guide preserves switch, evidence, and unknown-outcome stop rules (0.157334ms)
✔ both documents state the narrow scope and forbid adjacent filing scope (0.191459ms)
ℹ tests 13
ℹ suites 0
ℹ pass 13
ℹ fail 0
ℹ cancelled 0
ℹ skipped 0
ℹ todo 0
ℹ duration_ms 139.591291

> talli-repository@0.1.0 test:launch-copy
> node --experimental-strip-types --test tests/launch_copy.test.mjs

✔ requires non-affiliation and pre-production gate language in public app copy (1.944875ms)
✔ rejects launch claims that outrun authority evidence (1.842041ms)
✔ public homepage is a truthful free recruitment entry (0.694833ms)
✔ public company check is free, provisional, and distinguishes provider failure (0.320166ms)
✔ public legal copy identifies the real beta operator and contains no placeholders (0.253041ms)
✔ email signup communicates the hosted twelve-character password floor (0.110834ms)
✔ launch validator rejects beta overclaims about review, payment, and delivery (0.086416ms)
✔ owner Systembruker copy distinguishes approval from verified readiness (0.16175ms)
ℹ tests 8
ℹ suites 0
ℹ pass 8
ℹ fail 0
ℹ cancelled 0
ℹ skipped 0
ℹ todo 0
ℹ duration_ms 163.351458

> talli-repository@0.1.0 test:launch-signoff
> node --experimental-strip-types --test tests/launch_signoff.test.mjs

✔ blocks launch when required signoffs are missing (2.070125ms)
✔ blocks launch when signoff is rejected or incomplete (0.922083ms)
✔ requires fresh restore signoff (0.412208ms)
✔ rejects future-dated launch signoffs (0.716541ms)
✔ passes only when every launch signoff is approved with evidence (1.876375ms)
✔ builds persisted launch signoff record and validates approved evidence (0.40325ms)
✔ documented launch_legal_name_public_copy entry is a valid approved record (0.121834ms)
✔ launch evidence records the final founder gate as intentionally unapproved (2.535542ms)
ℹ tests 8
ℹ suites 0
ℹ pass 8
ℹ fail 0
ℹ cancelled 0
ℹ skipped 0
ℹ todo 0
ℹ duration_ms 165.307875

> talli-repository@0.1.0 test:legal-policy
> node --test tests/legal_policy_pack.test.mjs

✔ terms cover holding-first scope, unsupported cases, filing limits, refunds, and no advisory guarantee (1.0415ms)
✔ legal pack uses one beta-to-live business agreement and explicit electronic acceptance (0.334917ms)
✔ privacy and pack metadata identify the supplier without transfer or hosting overclaims (0.291208ms)
✔ production evidence retains both named-company gates and production filing NO-GO (0.257417ms)
✔ privacy policy and DPA cover launch-critical data and processor boundaries (0.197375ms)
✔ retention/delete policy distinguishes export, retention hold, and deletion constraints (0.14525ms)
✔ incident policy covers detection, containment, notification, filing incidents, and postmortems (0.137209ms)
✔ incident policy names pre-incorporation roles and a customer notification approach (0.093584ms)
✔ retention policy fixes archive responsibility and audit-id pseudonymization (0.173917ms)
✔ privacy policy states a GDPR art. 6 legal basis and a least-privilege operator access model (0.276292ms)
✔ DPA covers breach notification to the controller, audit rights, and duration (0.139084ms)
ℹ tests 11
ℹ suites 0
ℹ pass 11
ℹ fail 0
ℹ cancelled 0
ℹ skipped 0
ℹ todo 0
ℹ duration_ms 127.224417

> talli-repository@0.1.0 test:ci-gate
> node --test tests/ci_release_gate.test.mjs

✔ release gate covers pull requests and main with least privilege (2.955416ms)
✔ release gate runs every customer-readiness check before promotion (0.440333ms)
✔ database isolation uses the locked Python renderer environment (0.137667ms)
✔ database isolation runs the complete ledger contract lifecycle (0.644834ms)
✔ local immutable gate rejects tracked, staged, and untracked drift (666.076959ms)
✔ database harness restores generated drift and preserves failure semantics (1674.512459ms)
✔ browser owner rehearsal includes executable owned-process lifecycle coverage (0.8955ms)
✔ Vercel deploys the Next output produced by the root build (0.313083ms)
ℹ tests 8
ℹ suites 0
ℹ pass 8
ℹ fail 0
ℹ cancelled 0
ℹ skipped 0
ℹ todo 0
ℹ duration_ms 2458.471958
[launch-rehearsal] exit=0
[launch-rehearsal] durationMs=34116

[production-dependency-audit] command=npm audit --omit=dev --audit-level=high && npm audit --prefix apps/web --omit=dev --audit-level=high
found 0 vulnerabilities
# npm audit report

postcss  <=8.5.22
Severity: moderate
PostCSS: incomplete fix of GHSA-6g55-p6wh-862q — attacker-controlled sourceMappingURL reads arbitrary .map files when `from` is unset - https://github.com/advisories/GHSA-fxqj-rqcc-2cmp
fix available via `npm audit fix --force`
Will install next@16.3.3, which is outside the stated dependency range
node_modules/postcss
  next  9.3.4-canary.0 - 16.3.0-preview.10
  Depends on vulnerable versions of postcss
  node_modules/next

2 moderate severity vulnerabilities

To address all issues, run:
  npm audit fix --force
[production-dependency-audit] exit=0
[production-dependency-audit] durationMs=1680

[database-isolation] command=TALLI_PYTHON_BIN=.venv/bin/python npm run test:supabase:local

> talli-repository@0.1.0 test:supabase:local
> bash scripts/test-supabase-local.sh


> talli-repository@0.1.0 test:supabase-advisors
> node scripts/assert-supabase-advisors.mjs

Supabase advisors: 0 blocking security/error findings; 17 performance warnings.

> talli-repository@0.1.0 test:ledger-database-lifecycle
> node --test --test-concurrency=1 tests/ledger_capability_schema.test.mjs tests/ledger_capability_boundary_regressions.test.mjs tests/ledger_database_runtime.test.mjs

✔ ledger business data moves to its owned schema without claiming shareholder setup (1.375209ms)
✔ legacy entry kinds are explicitly and completely normalized (0.785083ms)
✔ target persistence is company-scoped, opening-unique, and admission-gated (0.4455ms)
✔ technical receipts and cursor keys are immutable and non-forgeable (0.45975ms)
✔ hosted migration authority and pgcrypto access are explicit and temporary (0.588375ms)
✔ mixed-version facade preserves predecessor values and RLS-enforced inserts (0.488792ms)
✔ the backend executor cannot bypass the intent facade with direct table DML (0.358916ms)
✔ future capability SQL is not rewritten into a generic ledger dispatcher (0.708958ms)
✔ contract removes browser posting RPCs and rollback disables target before restoring legacy (1.260167ms)
✔ ledger cutover is an atomic expand, contract, and recutover-safe rollback (2.883875ms)
✔ nine exact writer coordinators are executor-only and never accept ledger lines (5.165625ms)
✔ audit placement preserves active continuations and future atomic audits (0.831708ms)
✔ one physical ledger store has a non-bypass owner and execute-only runtime (1.864333ms)
✔ commands bind verified identity, closed admission, and permanent idempotency (0.929ms)
✔ new-year coordination is atomic, replayable, and keeps posting policy in ledger (1.176625ms)
✔ consequential admission serializes with recheck and requires AAL2 plus current agreement (0.400083ms)
✔ persistence enforces canonical balanced two-decimal NOK entries (0.585ms)
✔ entry queries retain canonical source identity for archive reconstruction (0.722125ms)
✔ opening-snapshot compatibility query is bounded, member-scoped, and read-only (1.468583ms)
✔ serialization and signed cursors are bounded and owner-only (0.510875ms)
✔ migration evidence is pre-transform, reconciled, and immutable (1.831834ms)
✔ the frozen overlap trigger can invoke private normalization helpers (0.625542ms)
✔ contract removes legacy writers, facades, and cross-capability FKs (1.76475ms)
✔ rollback disables target before restoring the frozen legacy writer (0.667583ms)
✔ ledger authority survives expand, contract, concurrency, rollback, and recutover (15283.08725ms)
ℹ tests 25
ℹ suites 0
ℹ pass 25
ℹ fail 0
ℹ cancelled 0
ℹ skipped 0
ℹ todo 0
ℹ duration_ms 15632.626708

> talli-repository@0.1.0 test:supabase
> node --test --test-concurrency=1 tests/supabase_workspace.test.mjs tests/rf1086_feedback_schema.test.mjs tests/company_access_invitations_schema.test.mjs tests/company_access_cancellation_schema.test.mjs tests/company_year_admission_schema.test.mjs tests/company_access_database_runtime.test.mjs tests/company_access_onboarding_database_runtime.test.mjs

✔ expand migration adds append-only revision-bound deletion reviews (2.865709ms)
✔ request derives archive and source completeness inside one atomic RPC (1.117417ms)
✔ archive route and generation triggers share one complete source inventory (2.725167ms)
✔ expand deterministically supersedes and conceals legacy duplicates (0.590041ms)
✔ review is admin+AAL2 only, append-only, and cannot be self-approved by an owner (0.582958ms)
✔ finalize re-derives prerequisites and requires exact approved review (0.412209ms)
✔ legacy export-required cancellations resume through a receipt-bound RPC (0.350083ms)
✔ archive receipt completion is server-only, one-time, expiring, and generation-bound (0.769708ms)
✔ direct lifecycle RPCs mirror strict request validation before receipts (0.670083ms)
✔ archive and reconciliation reject null income years explicitly (0.352542ms)
✔ review JSON is projected to the strict public response shape (0.221666ms)
✔ lifecycle commands use durable receipts and least-privilege RLS (1.932542ms)
✔ lifecycle mutations share operation-company-cancellation lock order (0.50575ms)
✔ unknown command outcomes reconcile behind the exact operation lock (0.4225ms)
✔ contract migration removes direct cancellation access only after generated-client cutover (0.4825ms)
✔ the release Supabase suite includes cancellation schema coverage (0.203375ms)
✔ company access RLS isolates tenants and exposes exact membership roles to owner policy (12255.134375ms)
✔ cancellation lifecycle is atomic, review-bound, replay-safe, and tenant concealed (8438.010584ms)
✔ invitation acceptance and membership administration use atomic bearer-scoped RPCs (5.262916ms)
✔ invitation and membership mutations are not directly granted to authenticated web callers (1.092083ms)
✔ invitation lookup is recipient-bound, expiry-aware, and never returns token hashes (0.730125ms)
✔ command functions execute through a restricted RLS role instead of the migration owner (3.71675ms)
✔ recipient table enumeration is removed and lookup requires the presented token (0.89575ms)
✔ acceptance binds the verified Auth identity and rejects stale JWT claims atomically (0.742625ms)
✔ consequential commands have durable replay receipts and concurrency preconditions (1.044291ms)
✔ invitation side-effect recovery is receipt-owned, actor-derived, and proof-completed (2.440041ms)
✔ pgcrypto hashing resolves the extension schema under an empty search path (0.74125ms)
✔ expand and contract migrations preserve an explicit mixed-revision overlap (2.170833ms)
✔ company-access onboarding is atomic, replay-safe, tenant-isolated, and phase-reversible (17123.916ms)
✔ company-year admission is one atomic executor-only evidence graph (2.347792ms)
✔ admission validates every immutable active document and capability digest (2.691416ms)
✔ manifest digest, durable snapshot, and change control stay one exact boundary (1.974917ms)
✔ post-admission rechecks append a current safety gate and preserve export (0.786917ms)
✔ admission evidence is append-only, tenant concealed, and browser inaccessible (0.968083ms)
✔ admission command receipts are actor-bound and permit exact replay only (0.632334ms)
✔ feedback fixture cleanup preserves primary and returned Supabase errors (2.297584ms)
✔ creates private, constrained feedback metadata and durable reconciliation state (0.866333ms)
✔ uses explicit least privilege grants and owner/operator read policies (1.6565ms)
✔ recording validates exact relationships and the deterministic private key (0.480333ms)
✔ change-only reconciliation events are serialized and expose safe diagnostics only (0.622ms)
✔ backfills and atomically claims only an exact valid succeeded confirmation reference (0.815083ms)
✔ rollback revokes functions first and restores only feature-owned schema and storage policy changes (0.545291ms)
✔ local Supabase exposes read-only RLS metadata and service-only mutation RPCs (39.915708ms)
✔ local Supabase recovers confirmed submissions and limits feedback data to authorized readers (2021.603166ms)
✔ Supabase authenticated workspace persists owner data and denies outsider (4096.9745ms)
ℹ tests 45
ℹ suites 0
ℹ pass 45
ℹ fail 0
ℹ cancelled 0
ℹ skipped 0
ℹ todo 0
ℹ duration_ms 45134.780375

> talli-repository@0.1.0 test:browser-owner
> node --test --test-concurrency=1 tests/browser_fixture_safety.test.mjs tests/browser_process_lifecycle.test.mjs tests/browser_company_onboarding.mjs tests/browser_owner_annual_loop.mjs

✔ a verified AAL1 owner completes accessible, fail-closed company onboarding through FastAPI (31253.182917ms)
✔ Supabase browser fixtures only accept loopback URLs (2.189875ms)
✔ browser database fixtures only accept loopback PostgreSQL URLs (0.200375ms)
✔ owner browser harness stops before remote fixture creation (419.151833ms)
✔ owner browser harness rejects a remote database mixed with local Supabase (382.819416ms)
✔ browser owner annual loop uses persisted state and survives reload (21917.352583ms)
✔ readiness rejects when its owned process exits before an unrelated listener responds (102.794209ms)
✔ an unrelated ready listener cannot satisfy a live child without its bind proof (52.403334ms)
✔ readiness failure tears down a live owned process (43.997625ms)
✔ a listener that never responds cannot outlive the readiness deadline (111.165417ms)
✔ a ready owned process is terminated and cleanup is idempotent (104.525875ms)
✔ forced process cleanup has a final timeout and tolerates an undefined handle (11.327334ms)
✔ partial setup cleanup closes the database and removes only known resources (0.7775ms)
✔ browser owner cleanup removes tracked sources before company and user (0.581ms)
✔ browser owner cleanup removes every tracked company before the shared owner (0.277708ms)
✔ browser owner cleanup preserves source failure and continues independent cleanup (0.182791ms)
✔ browser owner cleanup removes immutable corporate and production filing graphs (249.129208ms)
ℹ tests 17
ℹ suites 0
ℹ pass 17
ℹ fail 0
ℹ cancelled 0
ℹ skipped 0
ℹ todo 0
ℹ duration_ms 55777.428666
Using workdir /var/folders/xh/8bj3tmcx7gs4j0qxzkcf9rw00000gn/T//talli-supabase-local.vv9988
 storage Skipped - Image is already present locally 
 gateway Skipped - Image is already present locally 
 auth Skipped - Image is already present locally 
 db Skipped - Image is already present locally 
 api Skipped - Image is already present locally 
Starting database...
Initialising schema...
Seeding globals from roles.sql...
Applying migration 0001_authenticated_workspace.sql...
NOTICE (42710): extension "pgcrypto" already exists, skipping
NOTICE (42701): column "status_text" of relation "companies" already exists, skipping
NOTICE (42701): column "address" of relation "companies" already exists, skipping
NOTICE (42701): column "postal_code" of relation "companies" already exists, skipping
NOTICE (42701): column "city" of relation "companies" already exists, skipping
NOTICE (42701): column "source" of relation "companies" already exists, skipping
NOTICE (42701): column "created_by" of relation "companies" already exists, skipping
NOTICE (42701): column "identity_confirmed_at" of relation "companies" already exists, skipping
NOTICE (42701): column "identity_locked_at" of relation "companies" already exists, skipping
NOTICE (42701): column "created_at" of relation "companies" already exists, skipping
NOTICE (42701): column "accepted_at" of relation "company_memberships" already exists, skipping
NOTICE (42701): column "created_at" of relation "company_memberships" already exists, skipping
NOTICE (42701): column "status" of relation "company_cancellations" already exists, skipping
NOTICE (42701): column "reason" of relation "company_cancellations" already exists, skipping
NOTICE (42701): column "evidence" of relation "company_cancellations" already exists, skipping
NOTICE (42701): column "requested_by" of relation "company_cancellations" already exists, skipping
NOTICE (42701): column "requested_at" of relation "company_cancellations" already exists, skipping
NOTICE (42701): column "reviewed_by" of relation "company_cancellations" already exists, skipping
NOTICE (42701): column "reviewed_at" of relation "company_cancellations" already exists, skipping
NOTICE (42701): column "deleted_by" of relation "company_cancellations" already exists, skipping
NOTICE (42701): column "deleted_at" of relation "company_cancellations" already exists, skipping
NOTICE (42701): column "updated_at" of relation "company_cancellations" already exists, skipping
NOTICE (42701): column "risk_flags" of relation "ledger_entries" already exists, skipping
NOTICE (42701): column "warning_accepted_by" of relation "ledger_entries" already exists, skipping
NOTICE (42701): column "warning_accepted_at" of relation "ledger_entries" already exists, skipping
NOTICE (42701): column "movements" of relation "investment_positions" already exists, skipping
NOTICE (42701): column "adapter_mode" of relation "filing_submissions" already exists, skipping
NOTICE (42701): column "payload_hash" of relation "filing_submissions" already exists, skipping
NOTICE (42701): column "idempotency_key" of relation "filing_submissions" already exists, skipping
NOTICE (42701): column "submitted_by" of relation "filing_submissions" already exists, skipping
NOTICE (42701): column "feedback_items" of relation "filing_submissions" already exists, skipping
NOTICE (42701): column "receipt_metadata" of relation "filing_submissions" already exists, skipping
NOTICE (42701): column "submitted_payload_ref" of relation "filing_submissions" already exists, skipping
NOTICE (42701): column "submitted_payload" of relation "filing_submissions" already exists, skipping
NOTICE (42701): column "refund_completed" of relation "billing_accounts" already exists, skipping
NOTICE (42701): column "provider_customer_ref" of relation "billing_accounts" already exists, skipping
NOTICE (42701): column "subscription_provider_ref" of relation "billing_accounts" already exists, skipping
NOTICE (42701): column "filing_package_payment_ref" of relation "billing_accounts" already exists, skipping
NOTICE (42701): column "refund_provider_ref" of relation "billing_accounts" already exists, skipping
NOTICE (00000): policy "owners can create companies" for relation "public.companies" does not exist, skipping
NOTICE (00000): policy "company members can read companies" for relation "public.companies" does not exist, skipping
NOTICE (00000): policy "active operators can read own operator grant" for relation "public.support_operators" does not exist, skipping
NOTICE (00000): policy "active operators can read launch signoffs" for relation "public.launch_signoffs" does not exist, skipping
NOTICE (00000): policy "admin operators can create launch signoffs" for relation "public.launch_signoffs" does not exist, skipping
NOTICE (00000): policy "admin operators can update launch signoffs" for relation "public.launch_signoffs" does not exist, skipping
NOTICE (00000): policy "owners can lock their new company identity" for relation "public.companies" does not exist, skipping
NOTICE (00000): policy "users can read their memberships" for relation "public.company_memberships" does not exist, skipping
NOTICE (00000): policy "company creator can add owner membership" for relation "public.company_memberships" does not exist, skipping
NOTICE (00000): policy "owners can invite company members" for relation "public.company_memberships" does not exist, skipping
NOTICE (00000): policy "owners can update their own membership acceptance" for relation "public.company_memberships" does not exist, skipping
NOTICE (00000): policy "invited users can accept company memberships" for relation "public.company_memberships" does not exist, skipping
NOTICE (00000): policy "owners and invitees can read company invitations" for relation "public.company_invitations" does not exist, skipping
NOTICE (00000): policy "owners can create company invitations" for relation "public.company_invitations" does not exist, skipping
NOTICE (00000): policy "owners and invitees can update company invitations" for relation "public.company_invitations" does not exist, skipping
NOTICE (00000): policy "owners can read notification outbox" for relation "public.notification_outbox" does not exist, skipping
NOTICE (00000): policy "owners can create notification outbox rows" for relation "public.notification_outbox" does not exist, skipping
NOTICE (00000): policy "company members can read audit events" for relation "public.audit_events" does not exist, skipping
NOTICE (00000): policy "support operators can read audit events" for relation "public.audit_events" does not exist, skipping
NOTICE (00000): policy "company members can create audit events for themselves" for relation "public.audit_events" does not exist, skipping
NOTICE (00000): policy "company members can read cancellation state" for relation "public.company_cancellations" does not exist, skipping
NOTICE (00000): policy "support operators can read cancellation state" for relation "public.company_cancellations" does not exist, skipping
NOTICE (00000): policy "owners can request cancellation" for relation "public.company_cancellations" does not exist, skipping
NOTICE (00000): policy "owners can update cancellation request" for relation "public.company_cancellations" does not exist, skipping
NOTICE (00000): policy "users can read their own step up events" for relation "public.step_up_events" does not exist, skipping
NOTICE (00000): policy "users can create their own step up events" for relation "public.step_up_events" does not exist, skipping
NOTICE (00000): policy "company members can read document metadata" for relation "public.documents" does not exist, skipping
NOTICE (00000): policy "owners can create document metadata" for relation "public.documents" does not exist, skipping
NOTICE (00000): policy "company members can read company document objects" for relation "storage.objects" does not exist, skipping
NOTICE (00000): policy "owners can upload company document objects" for relation "storage.objects" does not exist, skipping
NOTICE (00000): policy "company members can read opening balance setups" for relation "public.opening_balance_setups" does not exist, skipping
NOTICE (00000): policy "owners can create opening balance setups" for relation "public.opening_balance_setups" does not exist, skipping
NOTICE (00000): policy "company members can read period locks" for relation "public.period_locks" does not exist, skipping
NOTICE (00000): policy "owners can create period locks" for relation "public.period_locks" does not exist, skipping
NOTICE (00000): policy "company members can read annual data" for relation "public.annual_data" does not exist, skipping
NOTICE (00000): policy "owners can create annual data" for relation "public.annual_data" does not exist, skipping
NOTICE (00000): policy "owners can update annual data" for relation "public.annual_data" does not exist, skipping
NOTICE (00000): policy "company members can read opening shareholders" for relation "public.opening_shareholders" does not exist, skipping
NOTICE (00000): policy "owners can create opening shareholders" for relation "public.opening_shareholders" does not exist, skipping
NOTICE (00000): policy "company members can read ledger entries" for relation "public.ledger_entries" does not exist, skipping
NOTICE (00000): policy "owners can create ledger entries" for relation "public.ledger_entries" does not exist, skipping
NOTICE (00000): policy "company members can read bank transactions" for relation "public.bank_transactions" does not exist, skipping
NOTICE (00000): policy "owners can create bank transactions" for relation "public.bank_transactions" does not exist, skipping
NOTICE (00000): policy "owners can update bank transactions" for relation "public.bank_transactions" does not exist, skipping
NOTICE (00000): policy "company members can read holding actions" for relation "public.holding_actions" does not exist, skipping
NOTICE (00000): policy "owners can create holding actions" for relation "public.holding_actions" does not exist, skipping
NOTICE (00000): policy "company members can read investment positions" for relation "public.investment_positions" does not exist, skipping
NOTICE (00000): policy "owners can create investment positions" for relation "public.investment_positions" does not exist, skipping
NOTICE (00000): policy "owners can update investment positions" for relation "public.investment_positions" does not exist, skipping
NOTICE (00000): policy "company members can read filing previews" for relation "public.filing_previews" does not exist, skipping
NOTICE (00000): policy "owners can create filing previews" for relation "public.filing_previews" does not exist, skipping
NOTICE (00000): policy "company members can read filing submissions" for relation "public.filing_submissions" does not exist, skipping
NOTICE (00000): policy "support operators can read filing submissions" for relation "public.filing_submissions" does not exist, skipping
NOTICE (00000): policy "owners can create filing submissions" for relation "public.filing_submissions" does not exist, skipping
NOTICE (00000): policy "owners can update filing submissions" for relation "public.filing_submissions" does not exist, skipping
NOTICE (00000): policy "company members can read filing overrides" for relation "public.filing_overrides" does not exist, skipping
NOTICE (00000): policy "owners can create filing overrides" for relation "public.filing_overrides" does not exist, skipping
NOTICE (00000): policy "company members can read filing readiness snapshots" for relation "public.filing_readiness_snapshots" does not exist, skipping
NOTICE (00000): policy "support operators can read filing readiness snapshots" for relation "public.filing_readiness_snapshots" does not exist, skipping
NOTICE (00000): policy "owners can create filing readiness snapshots" for relation "public.filing_readiness_snapshots" does not exist, skipping
NOTICE (00000): policy "owners can update filing readiness snapshots" for relation "public.filing_readiness_snapshots" does not exist, skipping
NOTICE (00000): policy "company members can read filing review comments" for relation "public.filing_review_comments" does not exist, skipping
NOTICE (00000): policy "company members can read billing accounts" for relation "public.billing_accounts" does not exist, skipping
NOTICE (00000): policy "support operators can read billing accounts" for relation "public.billing_accounts" does not exist, skipping
NOTICE (00000): policy "owners can create billing accounts" for relation "public.billing_accounts" does not exist, skipping
NOTICE (00000): policy "owners can update billing accounts" for relation "public.billing_accounts" does not exist, skipping
NOTICE (00000): policy "company members can read billing payment events" for relation "public.billing_payment_events" does not exist, skipping
NOTICE (00000): policy "support operators can read billing payment events" for relation "public.billing_payment_events" does not exist, skipping
NOTICE (00000): policy "owners can create billing payment events" for relation "public.billing_payment_events" does not exist, skipping
NOTICE (00000): policy "company members can read authority permissions" for relation "public.authority_permissions" does not exist, skipping
NOTICE (00000): policy "support operators can read authority permissions" for relation "public.authority_permissions" does not exist, skipping
NOTICE (00000): policy "owners can create authority permissions" for relation "public.authority_permissions" does not exist, skipping
NOTICE (00000): policy "owners can update authority permissions" for relation "public.authority_permissions" does not exist, skipping
NOTICE (00000): policy "company members can read authority test runs" for relation "public.authority_test_runs" does not exist, skipping
NOTICE (00000): policy "support operators can read authority test runs" for relation "public.authority_test_runs" does not exist, skipping
NOTICE (00000): policy "owners can create authority test runs" for relation "public.authority_test_runs" does not exist, skipping
NOTICE (00000): policy "owners and reviewers can create filing review comments" for relation "public.filing_review_comments" does not exist, skipping
NOTICE (00000): policy "owners can acknowledge filing review comments" for relation "public.filing_review_comments" does not exist, skipping
Applying migration 0002_fifo_investment_lots.sql...
NOTICE (00000): constraint "investment_positions_lot_history_status_check" of relation "investment_positions" does not exist, skipping
NOTICE (00000): policy "company members can read investment lots" for relation "public.investment_lots" does not exist, skipping
NOTICE (00000): policy "company members can read investment lot allocations" for relation "public.investment_lot_allocations" does not exist, skipping
NOTICE (00000): trigger "holding_actions_require_investment_rpc" for relation "public.holding_actions" does not exist, skipping
Applying migration 0003_bank_rule_suggestions.sql...
NOTICE (00000): policy "company members can read bank suggestion acceptances" for relation "public.bank_suggestion_acceptances" does not exist, skipping
Applying migration 0004_corporate_document_artifacts.sql...
NOTICE (00000): trigger "prevent_corporate_accounting_policies_mutation" for relation "public.corporate_accounting_policies" does not exist, skipping
NOTICE (00000): trigger "prevent_corporate_decisions_mutation" for relation "public.corporate_decisions" does not exist, skipping
NOTICE (00000): trigger "prevent_corporate_document_sets_mutation" for relation "public.corporate_document_sets" does not exist, skipping
NOTICE (00000): trigger "prevent_corporate_document_artifacts_mutation" for relation "public.corporate_document_artifacts" does not exist, skipping
NOTICE (00000): trigger "prevent_corporate_document_events_mutation" for relation "public.corporate_document_events" does not exist, skipping
NOTICE (00000): trigger "prevent_corporate_decision_finalizations_mutation" for relation "public.corporate_decision_finalizations" does not exist, skipping
NOTICE (00000): policy "company members can read corporate decisions" for relation "public.corporate_decisions" does not exist, skipping
NOTICE (00000): policy "company members can read corporate document sets" for relation "public.corporate_document_sets" does not exist, skipping
NOTICE (00000): policy "company members can read corporate document artifacts" for relation "public.corporate_document_artifacts" does not exist, skipping
NOTICE (00000): policy "company members can read corporate document events" for relation "public.corporate_document_events" does not exist, skipping
NOTICE (00000): policy "company members can read corporate decision finalizations" for relation "public.corporate_decision_finalizations" does not exist, skipping
Applying migration 0005_company_tax_feedback_persistence.sql...
NOTICE (00000): constraint "filing_submissions_authority_mode_shape_check" of relation "filing_submissions" does not exist, skipping
NOTICE (00000): index "authority_test_runs_evidence_identity_key" does not exist, skipping
Applying migration 20260714081443_explicit_data_api_grants.sql...
Applying migration 20260715084507_trusted_aal2_boundary.sql...
Applying migration 20260715120700_revoke_anonymous_mutation_rpcs.sql...
Applying migration 20260715143000_retention_safe_document_removal.sql...
NOTICE (00000): policy "owners can delete removed unlinked document objects" for relation "storage.objects" does not exist, skipping
Applying migration 20260715180000_controlled_production_beta.sql...
NOTICE (00000): policy "company members read production pilot entitlements" for relation "public.production_pilot_entitlements" does not exist, skipping
NOTICE (00000): policy "company members read filing approval snapshots" for relation "public.filing_approval_snapshots" does not exist, skipping
NOTICE (00000): policy "company members read production filing submissions" for relation "public.production_filing_submissions" does not exist, skipping
NOTICE (00000): policy "company members read production filing events" for relation "public.production_filing_events" does not exist, skipping
NOTICE (00000): policy "active operators read production pilot entitlements" for relation "public.production_pilot_entitlements" does not exist, skipping
NOTICE (00000): policy "active operators read filing approval snapshots" for relation "public.filing_approval_snapshots" does not exist, skipping
NOTICE (00000): policy "active operators read production filing submissions" for relation "public.production_filing_submissions" does not exist, skipping
NOTICE (00000): policy "active operators read production filing events" for relation "public.production_filing_events" does not exist, skipping
Applying migration 20260716110000_authority_operations.sql...
NOTICE (00000): policy "active admin operators read authority operations" for relation "public.authority_operations" does not exist, skipping
Applying migration 20260716125903_rf1086_system_user_requests.sql...
NOTICE (00000): constraint "system_user_requests_confirm_url_check" of relation "system_user_requests" does not exist, skipping
NOTICE (00000): constraint "system_user_requests_confirm_url_canonical" of relation "system_user_requests" does not exist, skipping
NOTICE (00000): policy "system_user_requests_owner_read" for relation "public.system_user_requests" does not exist, skipping
NOTICE (00000): policy "system_user_requests_operator_read" for relation "public.system_user_requests" does not exist, skipping
NOTICE (00000): constraint "production_pilot_entitlements_verified_request_required" of relation "production_pilot_entitlements" does not exist, skipping
Applying migration 20260716140100_rf1086_systemregister_callback_operation.sql...
Applying migration 20260716155621_rf1086_feedback_reconciliation.sql...
NOTICE (00000): policy "production_feedback_artifacts_owner_read" for relation "public.production_feedback_artifacts" does not exist, skipping
NOTICE (00000): policy "production_feedback_artifacts_operator_read" for relation "public.production_feedback_artifacts" does not exist, skipping
Applying migration 20260717110000_customer_agreement_acceptances.sql...
NOTICE (00000): trigger "prevent_customer_agreement_acceptance_mutation" for relation "public.customer_agreement_acceptances" does not exist, skipping
NOTICE (00000): policy "company members can read customer agreement acceptances" for relation "public.customer_agreement_acceptances" does not exist, skipping
Applying migration 20260717113000_restrict_customer_agreement_creation.sql...
Applying migration 20260717120000_existing_company_agreement_reacceptance.sql...
Applying migration 20260719090000_add_annual_full_time_equivalents.sql...
NOTICE (42701): column "annual_full_time_equivalents" of relation "annual_data" already exists, skipping
Applying migration 20260801090000_company_access_invitations.sql...
NOTICE (00000): policy "members and accepted owners can read company memberships" for relation "public.company_memberships" does not exist, skipping
NOTICE (00000): policy "company access commands read companies" for relation "public.companies" does not exist, skipping
NOTICE (00000): policy "company access commands read invitations" for relation "public.company_invitations" does not exist, skipping
NOTICE (00000): policy "company access commands create invitations" for relation "public.company_invitations" does not exist, skipping
NOTICE (00000): policy "company access commands update invitations" for relation "public.company_invitations" does not exist, skipping
NOTICE (00000): policy "company access commands read memberships" for relation "public.company_memberships" does not exist, skipping
NOTICE (00000): policy "company access commands accept memberships" for relation "public.company_memberships" does not exist, skipping
NOTICE (00000): policy "company access commands update memberships" for relation "public.company_memberships" does not exist, skipping
NOTICE (00000): policy "company access commands remove memberships" for relation "public.company_memberships" does not exist, skipping
NOTICE (00000): policy "company access commands read receipts" for relation "public.company_access_command_receipts" does not exist, skipping
NOTICE (00000): policy "company access recovery reads own receipts" for relation "public.company_access_command_receipts" does not exist, skipping
NOTICE (00000): policy "company access recovery updates own receipts" for relation "public.company_access_command_receipts" does not exist, skipping
NOTICE (00000): policy "company access recovery reads own membership" for relation "public.company_memberships" does not exist, skipping
NOTICE (00000): policy "company access recovery reads own audit evidence" for relation "public.audit_events" does not exist, skipping
NOTICE (00000): policy "company access recovery reads own delivery evidence" for relation "public.notification_outbox" does not exist, skipping
NOTICE (00000): policy "company access recovery creates own delivery evidence" for relation "public.notification_outbox" does not exist, skipping
NOTICE (00000): policy "company access commands create receipts" for relation "public.company_access_command_receipts" does not exist, skipping
NOTICE (00000): policy "company access commands clear receipt tokens" for relation "public.company_access_command_receipts" does not exist, skipping
WARNING (01006): no privileges could be revoked for "company_access_create_invitation"
WARNING (01006): no privileges could be revoked for "company_access_lookup_invitation"
WARNING (01006): no privileges could be revoked for "company_access_accept_invitation"
WARNING (01006): no privileges could be revoked for "company_access_revoke_invitation"
WARNING (01006): no privileges could be revoked for "company_access_resend_invitation"
WARNING (01006): no privileges could be revoked for "company_access_administer_membership"
WARNING (01006): no privileges could be revoked for "company_access_pending_invitation_side_effects"
WARNING (01006): no privileges could be revoked for "company_access_complete_invitation_side_effect"
WARNING (01007): no privileges were granted for "company_access_create_invitation"
WARNING (01007): no privileges were granted for "company_access_lookup_invitation"
WARNING (01007): no privileges were granted for "company_access_accept_invitation"
WARNING (01007): no privileges were granted for "company_access_revoke_invitation"
WARNING (01007): no privileges were granted for "company_access_resend_invitation"
WARNING (01007): no privileges were granted for "company_access_administer_membership"
WARNING (01007): no privileges were granted for "company_access_pending_invitation_side_effects"
WARNING (01007): no privileges were granted for "company_access_complete_invitation_side_effect"
Applying migration 20260808120000_company_access_cancellation_lifecycle.sql...
NOTICE (00000): policy "legacy cancellation hides superseded rows" for relation "public.company_cancellations" does not exist, skipping
NOTICE (00000): trigger "company_archive_track_companies" for relation "public.companies" does not exist, skipping
NOTICE (00000): trigger "company_archive_track_opening_balance_setups" for relation "public.opening_balance_setups" does not exist, skipping
NOTICE (00000): trigger "company_archive_track_opening_shareholders" for relation "public.opening_shareholders" does not exist, skipping
NOTICE (00000): trigger "company_archive_track_ledger_entries" for relation "public.ledger_entries" does not exist, skipping
NOTICE (00000): trigger "company_archive_track_documents" for relation "public.documents" does not exist, skipping
NOTICE (00000): trigger "company_archive_track_filing_previews" for relation "public.filing_previews" does not exist, skipping
NOTICE (00000): trigger "company_archive_track_filing_submissions" for relation "public.filing_submissions" does not exist, skipping
NOTICE (00000): trigger "company_archive_track_holding_actions" for relation "public.holding_actions" does not exist, skipping
NOTICE (00000): trigger "company_archive_track_billing_accounts" for relation "public.billing_accounts" does not exist, skipping
NOTICE (00000): trigger "company_archive_track_authority_permissions" for relation "public.authority_permissions" does not exist, skipping
NOTICE (00000): trigger "company_archive_track_authority_test_runs" for relation "public.authority_test_runs" does not exist, skipping
NOTICE (00000): trigger "company_archive_track_filing_review_comments" for relation "public.filing_review_comments" does not exist, skipping
NOTICE (00000): trigger "company_archive_track_audit_events" for relation "public.audit_events" does not exist, skipping
NOTICE (00000): trigger "company_archive_track_investment_positions" for relation "public.investment_positions" does not exist, skipping
NOTICE (00000): trigger "company_archive_track_investment_lots" for relation "public.investment_lots" does not exist, skipping
NOTICE (00000): trigger "company_archive_track_investment_lot_allocations" for relation "public.investment_lot_allocations" does not exist, skipping
NOTICE (00000): trigger "company_archive_track_bank_suggestion_acceptances" for relation "public.bank_suggestion_acceptances" does not exist, skipping
NOTICE (00000): trigger "company_archive_track_corporate_decisions" for relation "public.corporate_decisions" does not exist, skipping
NOTICE (00000): trigger "company_archive_track_corporate_document_sets" for relation "public.corporate_document_sets" does not exist, skipping
NOTICE (00000): trigger "company_archive_track_corporate_document_artifacts" for relation "public.corporate_document_artifacts" does not exist, skipping
NOTICE (00000): trigger "company_archive_track_corporate_document_events" for relation "public.corporate_document_events" does not exist, skipping
NOTICE (00000): trigger "company_archive_track_corporate_decision_finalizations" for relation "public.corporate_decision_finalizations" does not exist, skipping
NOTICE (00000): policy "company access commands read cancellations" for relation "public.company_cancellations" does not exist, skipping
NOTICE (00000): policy "company access commands create cancellations" for relation "public.company_cancellations" does not exist, skipping
NOTICE (00000): policy "company access commands update cancellations" for relation "public.company_cancellations" does not exist, skipping
NOTICE (00000): policy "company access members read deletion reviews" for relation "public.company_deletion_reviews" does not exist, skipping
NOTICE (00000): policy "company access commands append deletion reviews" for relation "public.company_deletion_reviews" does not exist, skipping
NOTICE (00000): policy "company access lifecycle reads documents" for relation "public.documents" does not exist, skipping
NOTICE (00000): policy "company access lifecycle appends audit evidence" for relation "public.audit_events" does not exist, skipping
NOTICE (00000): policy "company access lifecycle updates company marker" for relation "public.companies" does not exist, skipping
WARNING (01006): no privileges could be revoked for "company_access_request_cancellation"
WARNING (01006): no privileges could be revoked for "company_access_resume_cancellation"
WARNING (01006): no privileges could be revoked for "company_access_review_deletion"
WARNING (01006): no privileges could be revoked for "company_access_finalize_deletion"
WARNING (01006): no privileges could be revoked for "company_access_list_cancellations"
WARNING (01006): no privileges could be revoked for "company_access_reconcile_cancellation_operation"
WARNING (01007): no privileges were granted for "company_access_request_cancellation"
WARNING (01007): no privileges were granted for "company_access_resume_cancellation"
WARNING (01007): no privileges were granted for "company_access_review_deletion"
WARNING (01007): no privileges were granted for "company_access_finalize_deletion"
WARNING (01007): no privileges were granted for "company_access_list_cancellations"
WARNING (01007): no privileges were granted for "company_access_reconcile_cancellation_operation"
Applying migration 20260826095900_company_access_policy_schema.sql...
Applying migration 20260826100000_company_access_onboarding.sql...
NOTICE (00000): policy "company access backend reads own operator grant" for relation "public.support_operators" does not exist, skipping
NOTICE (00000): policy "company access onboarding creates companies" for relation "public.companies" does not exist, skipping
NOTICE (00000): policy "company access onboarding creates owner membership" for relation "public.company_memberships" does not exist, skipping
NOTICE (00000): policy "company access reads agreement evidence" for relation "public.customer_agreement_acceptances" does not exist, skipping
NOTICE (00000): policy "company access appends current agreement evidence" for relation "public.customer_agreement_acceptances" does not exist, skipping
Applying migration 20260826110000_company_year_admission.sql...
Applying migration 20260827100000_ledger_capability.sql...
NOTICE (00000): trigger "ledger_entries_enforce_boundary" for relation "ledger.entries" does not exist, skipping
NOTICE (00000): constraint "ledger_entries_source_capability_check" of relation "entries" does not exist, skipping
NOTICE (00000): trigger "ledger_entries_enforce_boundary" for relation "ledger.entries" does not exist, skipping
WARNING (01006): no privileges could be revoked for "company_access_company_year_allows_consequential_v1"
WARNING (01007): no privileges were granted for "company_access_company_year_allows_consequential_v1"
WARNING (01007): no privileges were granted for "company_access_company_year_allows_consequential_v1"
NOTICE (00000): policy "ledger workflow reads receipts" for relation "backend_system.ledger_workflow_receipts" does not exist, skipping
NOTICE (00000): policy "ledger workflow appends receipts" for relation "backend_system.ledger_workflow_receipts" does not exist, skipping
NOTICE (00000): policy "ledger workflow creates opening setups" for relation "public.opening_balance_setups" does not exist, skipping
NOTICE (00000): policy "ledger workflow reads opening setups" for relation "public.opening_balance_setups" does not exist, skipping
NOTICE (00000): policy "ledger workflow creates opening shareholders" for relation "public.opening_shareholders" does not exist, skipping
NOTICE (00000): policy "ledger workflow reads opening shareholders" for relation "public.opening_shareholders" does not exist, skipping
NOTICE (00000): policy "ledger store reads entries" for relation "ledger.entries" does not exist, skipping
NOTICE (00000): policy "ledger store posts entries" for relation "ledger.entries" does not exist, skipping
NOTICE (00000): policy "ledger store reads period locks" for relation "ledger.period_locks" does not exist, skipping
NOTICE (00000): policy "ledger store creates period locks" for relation "ledger.period_locks" does not exist, skipping
NOTICE (00000): policy "ledger store reads command receipts" for relation "backend_system.ledger_command_receipts" does not exist, skipping
NOTICE (00000): policy "ledger store appends command receipts" for relation "backend_system.ledger_command_receipts" does not exist, skipping
NOTICE (00000): trigger "ledger_command_receipts_immutable" for relation "backend_system.ledger_command_receipts" does not exist, skipping
NOTICE (00000): trigger "ledger_workflow_receipts_immutable" for relation "backend_system.ledger_workflow_receipts" does not exist, skipping
NOTICE (00000): trigger "ledger_cursor_signing_keys_immutable" for relation "backend_system.ledger_cursor_signing_keys" does not exist, skipping
NOTICE (00000): trigger "ledger_migration_source_rows_immutable" for relation "backend_system.ledger_migration_source_rows" does not exist, skipping
NOTICE (00000): trigger "ledger_migration_quarantine_immutable" for relation "backend_system.ledger_migration_quarantine" does not exist, skipping
NOTICE (00000): trigger "ledger_migration_reconciliations_immutable" for relation "backend_system.ledger_migration_reconciliations" does not exist, skipping
NOTICE (00000): trigger "ledger_entries_legacy_insert" for relation "public.ledger_entries" does not exist, skipping
WARNING (01006): no privileges could be revoked for "claim_ledger_workflow_v1"
WARNING (01006): no privileges could be revoked for "record_opening_snapshot_legacy_v1"
WARNING (01006): no privileges could be revoked for "list_opening_snapshots_legacy_v1"
WARNING (01006): no privileges could be revoked for "complete_ledger_workflow_v1"
WARNING (01007): no privileges were granted for "list_opening_snapshots_legacy_v1"
WARNING (01007): no privileges were granted for "claim_ledger_workflow_v1"
WARNING (01007): no privileges were granted for "record_opening_snapshot_legacy_v1"
WARNING (01007): no privileges were granted for "complete_ledger_workflow_v1"
Applying migration 20260827100500_ledger_writer_coordinators.sql...
Starting containers...
Waiting for health checks...
Started supabase local development setup.

Local dev security notice
All services bind to 0.0.0.0 (network-accessible, not just localhost)
API keys and JWT secrets are shared defaults. Do not use in production
Studio, pgMeta (/pg/*), and analytics have no authentication

A new version of Supabase CLI is available: v2.116.0 (currently installed v2.109.1)
We recommend updating regularly for new features and bug fixes: https://supabase.com/docs/guides/cli/getting-started#updating-the-supabase-cli
Using workdir /var/folders/xh/8bj3tmcx7gs4j0qxzkcf9rw00000gn/T//talli-supabase-local.vv9988
Stopped services: [supabase_inbucket_tallig92927 supabase_realtime_tallig92927 supabase_imgproxy_tallig92927 supabase_pg_meta_tallig92927 supabase_studio_tallig92927 supabase_edge_runtime_tallig92927 supabase_analytics_tallig92927 supabase_vector_tallig92927 supabase_pooler_tallig92927]
A new version of Supabase CLI is available: v2.116.0 (currently installed v2.109.1)
We recommend updating regularly for new features and bug fixes: https://supabase.com/docs/guides/cli/getting-started#updating-the-supabase-cli
Using workdir /var/folders/xh/8bj3tmcx7gs4j0qxzkcf9rw00000gn/T//talli-supabase-local.vv9988
Stopped services: [supabase_inbucket_tallig92927 supabase_realtime_tallig92927 supabase_imgproxy_tallig92927 supabase_pg_meta_tallig92927 supabase_studio_tallig92927 supabase_edge_runtime_tallig92927 supabase_analytics_tallig92927 supabase_vector_tallig92927 supabase_pooler_tallig92927]
A new version of Supabase CLI is available: v2.116.0 (currently installed v2.109.1)
We recommend updating regularly for new features and bug fixes: https://supabase.com/docs/guides/cli/getting-started#updating-the-supabase-cli
Using workdir /var/folders/xh/8bj3tmcx7gs4j0qxzkcf9rw00000gn/T//talli-supabase-local.vv9988
A new version of Supabase CLI is available: v2.116.0 (currently installed v2.109.1)
We recommend updating regularly for new features and bug fixes: https://supabase.com/docs/guides/cli/getting-started#updating-the-supabase-cli
[database-isolation] exit=0
[database-isolation] durationMs=170960

[whitespace] command=bash scripts/check-clean-worktree.sh
[whitespace] exit=0
[whitespace] durationMs=88

executedAt=2026-08-27T07:52:23.646Z
verdict=pass
