customer-ready-release-gate revision=41bcead181bc26f9c2e540ca5fbf53a8114e0120
startedAt=2026-09-14T03:30:37.130Z

[schema-setup] command=git clone --depth 1 --branch v1.62.47 https://github.com/Skatteetaten/skattemeldingen.git
Cloning into '/var/folders/xh/8bj3tmcx7gs4j0qxzkcf9rw00000gn/T/talli-customer-ready-gate-ecY30H/skattemeldingen'...
warning: refs/tags/v1.62.47 980e1eab4d0de1e6582adc4fde9be029d55c4694 is not a commit!
Note: switching to '7ac8c6a32238dd0d53e7ac01a6949bb3376f2bba'.

You are in 'detached HEAD' state. You can look around, make experimental
changes and commit them, and you can discard any commits you make in this
state without impacting any branches by switching back to a branch.

If you want to create a new branch to retain commits you create, you may
do so (now or later) by using -c with the switch command. Example:

  git switch -c <new-branch-name>

Or undo this operation with:

  git switch -

Turn off this advice by setting config variable advice.detachedHead to false
[schema-setup] exit=0
[schema-setup] durationMs=16655

[credential-scan] command=npm run test:credential-scan

> talli-repository@0.1.0 test:credential-scan
> node --test tests/committed_credentials.test.mjs && node scripts/check-committed-credentials.mjs

✔ the credential scanner scans its own clean repository without matching itself (518.347375ms)
✔ the credential scanner rejects a tracked source credential (181.324292ms)
ℹ tests 2
ℹ suites 0
ℹ pass 2
ℹ fail 0
ℹ cancelled 0
ℹ skipped 0
ℹ todo 0
ℹ duration_ms 747.493292
[credential-scan] exit=0
[credential-scan] durationMs=1301

[typecheck] command=npm run typecheck

> talli-repository@0.1.0 typecheck
> npm --prefix apps/web run typecheck


> talli-web@0.1.0 typecheck
> tsc --noEmit
[typecheck] exit=0
[typecheck] durationMs=1832

[architecture] command=npm run check:architecture

> talli-repository@0.1.0 check:architecture
> node scripts/check-architecture.mjs --write-evidence && git diff --exit-code -- architecture/dependency-evidence.json

{
  "edges": [
    {
      "from": "backend-system:accounting-document-lifecycle",
      "imports": [
        "talli_backend.modules.documents.public"
      ],
      "kind": "workflow",
      "to": "backend:documents"
    },
    {
      "from": "backend-system:annual-agreement-cleanup",
      "imports": [
        "talli_backend.modules.billing.public"
      ],
      "kind": "workflow",
      "to": "backend:billing"
    },
    {
      "from": "backend-system:annual-billing-reads-and-cancellation",
      "imports": [
        "talli_backend.modules.billing.public"
      ],
      "kind": "workflow",
      "to": "backend:billing"
    },
    {
      "from": "backend-system:annual-billing-support",
      "imports": [
        "talli_backend.modules.billing.public"
      ],
      "kind": "workflow",
      "to": "backend:billing"
    },
    {
      "from": "backend-system:annual-provider-notification-intake",
      "imports": [
        "talli_backend.modules.billing.public"
      ],
      "kind": "workflow",
      "to": "backend:billing"
    },
    {
      "from": "backend-system:annual-refund-recovery",
      "imports": [
        "talli_backend.modules.billing.public"
      ],
      "kind": "workflow",
      "to": "backend:billing"
    },
    {
      "from": "backend-system:annual-support-agreement-cleanup-recovery",
      "imports": [
        "talli_backend.modules.billing.public"
      ],
      "kind": "workflow",
      "to": "backend:billing"
    },
    {
      "from": "backend-system:annual-support-refund-recovery",
      "imports": [
        "talli_backend.modules.billing.public"
      ],
      "kind": "workflow",
      "to": "backend:billing"
    },
    {
      "from": "backend-system:authority-connections-owner-lifecycle",
      "imports": [
        "talli_backend.modules.authority_connections.public"
      ],
      "kind": "workflow",
      "to": "backend:authority_connections"
    },
    {
      "from": "backend-system:authority-connections-owner-lifecycle",
      "imports": [
        "talli_backend.modules.company_access.public"
      ],
      "kind": "workflow",
      "to": "backend:company_access"
    },
    {
      "from": "backend-system:authority-connections-state",
      "imports": [
        "talli_backend.modules.authority_connections.public"
      ],
      "kind": "workflow",
      "to": "backend:authority_connections"
    },
    {
      "from": "backend-system:authority-connections-state",
      "imports": [
        "talli_backend.modules.billing.public"
      ],
      "kind": "workflow",
      "to": "backend:billing"
    },
    {
      "from": "backend-system:authority-operations",
      "imports": [
        "talli_backend.modules.authority_connections.public"
      ],
      "kind": "workflow",
      "to": "backend:authority_connections"
    },
    {
      "from": "backend-system:banking-reconciliation",
      "imports": [
        "talli_backend.modules.banking.public"
      ],
      "kind": "workflow",
      "to": "backend:banking"
    },
    {
      "from": "backend-system:billing-and-filing-entitlement",
      "imports": [
        "talli_backend.modules.billing.public"
      ],
      "kind": "workflow",
      "to": "backend:billing"
    },
    {
      "from": "backend-system:company-access-administration",
      "imports": [
        "talli_backend.modules.company_access.public"
      ],
      "kind": "workflow",
      "to": "backend:company_access"
    },
    {
      "from": "backend-system:company-access-context",
      "imports": [
        "talli_backend.modules.company_access.public"
      ],
      "kind": "workflow",
      "to": "backend:company_access"
    },
    {
      "from": "backend-system:company-access-onboarding-and-support",
      "imports": [
        "talli_backend.modules.company_access.public"
      ],
      "kind": "workflow",
      "to": "backend:company_access"
    },
    {
      "from": "backend-system:company-tax-assessment-previews",
      "imports": [
        "talli_backend.modules.company_tax_filing.public"
      ],
      "kind": "workflow",
      "to": "backend:company_tax_filing"
    },
    {
      "from": "backend-system:company-tax-filing-preparation",
      "imports": [
        "talli_backend.modules.company_tax_filing.public"
      ],
      "kind": "workflow",
      "to": "backend:company_tax_filing"
    },
    {
      "from": "backend-system:company-tax-filing-reads",
      "imports": [
        "talli_backend.modules.company_tax_filing.public"
      ],
      "kind": "workflow",
      "to": "backend:company_tax_filing"
    },
    {
      "from": "backend-system:company-tax-settlement",
      "imports": [
        "talli_backend.modules.banking.public"
      ],
      "kind": "workflow",
      "to": "backend:banking"
    },
    {
      "from": "backend-system:company-tax-settlement",
      "imports": [
        "talli_backend.modules.company_tax_filing.public"
      ],
      "kind": "workflow",
      "to": "backend:company_tax_filing"
    },
    {
      "from": "backend-system:company-tax-settlement",
      "imports": [
        "talli_backend.modules.documents.public"
      ],
      "kind": "workflow",
      "to": "backend:documents"
    },
    {
      "from": "backend-system:company-tax-settlement",
      "imports": [
        "talli_backend.modules.ledger.public"
      ],
      "kind": "workflow",
      "to": "backend:ledger"
    },
    {
      "from": "backend-system:company-tax-source-facts",
      "imports": [
        "talli_backend.modules.company_tax_filing.public"
      ],
      "kind": "workflow",
      "to": "backend:company_tax_filing"
    },
    {
      "from": "backend-system:company-tax-tt02-evidence-import",
      "imports": [
        "talli_backend.modules.audit.public"
      ],
      "kind": "workflow",
      "to": "backend:audit"
    },
    {
      "from": "backend-system:company-tax-tt02-evidence-import",
      "imports": [
        "talli_backend.modules.company_tax_filing.public"
      ],
      "kind": "workflow",
      "to": "backend:company_tax_filing"
    },
    {
      "from": "backend-system:company-year-eligibility-and-admission",
      "imports": [
        "talli_backend.modules.company_access.public"
      ],
      "kind": "workflow",
      "to": "backend:company_access"
    },
    {
      "from": "backend-system:corporate-governance",
      "imports": [
        "talli_backend.modules.banking.public"
      ],
      "kind": "workflow",
      "to": "backend:banking"
    },
    {
      "from": "backend-system:corporate-governance",
      "imports": [
        "talli_backend.modules.company_access.public"
      ],
      "kind": "workflow",
      "to": "backend:company_access"
    },
    {
      "from": "backend-system:corporate-governance",
      "imports": [
        "talli_backend.modules.corporate_governance.public"
      ],
      "kind": "workflow",
      "to": "backend:corporate_governance"
    },
    {
      "from": "backend-system:corporate-governance",
      "imports": [
        "talli_backend.modules.documents.public"
      ],
      "kind": "workflow",
      "to": "backend:documents"
    },
    {
      "from": "backend-system:corporate-governance",
      "imports": [
        "talli_backend.modules.ledger.public"
      ],
      "kind": "workflow",
      "to": "backend:ledger"
    },
    {
      "from": "backend-system:investment-activity",
      "imports": [
        "talli_backend.modules.banking.public"
      ],
      "kind": "workflow",
      "to": "backend:banking"
    },
    {
      "from": "backend-system:investment-activity",
      "imports": [
        "talli_backend.modules.investments.public"
      ],
      "kind": "workflow",
      "to": "backend:investments"
    },
    {
      "from": "backend-system:investment-activity",
      "imports": [
        "talli_backend.modules.ledger.public"
      ],
      "kind": "workflow",
      "to": "backend:ledger"
    },
    {
      "from": "backend-system:launch-signoff-records",
      "imports": [
        "talli_backend.modules.company_access.public"
      ],
      "kind": "workflow",
      "to": "backend:company_access"
    },
    {
      "from": "backend-system:ledger-posting-and-period-control",
      "imports": [
        "talli_backend.modules.ledger.public"
      ],
      "kind": "workflow",
      "to": "backend:ledger"
    },
    {
      "from": "backend-system:marketing-funnel-measurement",
      "imports": [
        "talli_backend.modules.marketing_measurement.public"
      ],
      "kind": "workflow",
      "to": "backend-system:marketing_measurement"
    },
    {
      "from": "backend-system:new-year-start",
      "imports": [
        "talli_backend.modules.ledger.public"
      ],
      "kind": "workflow",
      "to": "backend:ledger"
    },
    {
      "from": "backend-system:new-year-start",
      "imports": [
        "talli_backend.modules.shareholder_register_filing.public"
      ],
      "kind": "workflow",
      "to": "backend:shareholder_register_filing"
    },
    {
      "from": "backend-system:passive-validation-observation",
      "imports": [
        "talli_backend.modules.validation_observation.public"
      ],
      "kind": "workflow",
      "to": "backend-system:validation_observation"
    },
    {
      "from": "backend-system:shareholder-register-filing",
      "imports": [
        "talli_backend.modules.billing.public"
      ],
      "kind": "workflow",
      "to": "backend:billing"
    },
    {
      "from": "backend-system:shareholder-register-filing",
      "imports": [
        "talli_backend.modules.company_access.public"
      ],
      "kind": "workflow",
      "to": "backend:company_access"
    },
    {
      "from": "backend-system:shareholder-register-filing",
      "imports": [
        "talli_backend.modules.documents.public"
      ],
      "kind": "workflow",
      "to": "backend:documents"
    },
    {
      "from": "backend-system:shareholder-register-filing",
      "imports": [
        "talli_backend.modules.shareholder_register_filing.public"
      ],
      "kind": "workflow",
      "to": "backend:shareholder_register_filing"
    },
    {
      "from": "backend-system:system-boundary-tracer",
      "imports": [
        "talli_backend.modules.system_boundary.public"
      ],
      "kind": "workflow",
      "to": "backend-system:system_boundary"
    }
  ],
  "generatedBy": "scripts/check-architecture.mjs",
  "modules": [
    "backend-system:marketing_measurement",
    "backend-system:system_boundary",
    "backend-system:validation_observation",
    "backend:audit",
    "backend:authority_connections",
    "backend:banking",
    "backend:billing",
    "backend:company_access",
    "backend:company_tax_filing",
    "backend:corporate_governance",
    "backend:documents",
    "backend:investments",
    "backend:ledger",
    "backend:shareholder_register_filing",
    "web:authority-connections",
    "web:banking",
    "web:billing",
    "web:company-access",
    "web:company-tax-filing",
    "web:corporate-governance",
    "web:documents",
    "web:investments",
    "web:ledger",
    "web:operator-controls",
    "web:public-acquisition",
    "web:shareholder-register-filing",
    "web:system-boundary"
  ],
  "schemaVersion": "1.0",
  "technicalOwnership": [
    {
      "owner": "backend-system",
      "table": "annual_notification_inbox.receipts"
    },
    {
      "owner": "backend-system",
      "table": "backend_system.annual_checkout_observation_work"
    },
    {
      "owner": "backend-system",
      "table": "backend_system.authority_connections_overlap_grants"
    },
    {
      "owner": "backend-system",
      "table": "backend_system.banking_command_receipts"
    },
    {
      "owner": "backend-system",
      "table": "backend_system.banking_migration_reconciliations"
    },
    {
      "owner": "backend-system",
      "table": "backend_system.banking_migration_runs"
    },
    {
      "owner": "backend-system",
      "table": "backend_system.banking_migration_source_rows"
    },
    {
      "owner": "backend-system",
      "table": "backend_system.company_tax_return_migration_inventory"
    },
    {
      "owner": "backend-system",
      "table": "backend_system.company_tax_return_migration_state"
    },
    {
      "owner": "backend-system",
      "table": "backend_system.company_tax_return_quarantine"
    },
    {
      "owner": "backend-system",
      "table": "backend_system.company_tax_return_reconciliations"
    },
    {
      "owner": "backend-system",
      "table": "backend_system.company_tax_return_source_rows"
    },
    {
      "owner": "backend-system",
      "table": "backend_system.ledger_command_receipts"
    },
    {
      "owner": "backend-system",
      "table": "backend_system.ledger_cursor_signing_keys"
    },
    {
      "owner": "backend-system",
      "table": "backend_system.ledger_migration_quarantine"
    },
    {
      "owner": "backend-system",
      "table": "backend_system.ledger_migration_reconciliations"
    },
    {
      "owner": "backend-system",
      "table": "backend_system.ledger_migration_runs"
    },
    {
      "owner": "backend-system",
      "table": "backend_system.ledger_migration_source_rows"
    },
    {
      "owner": "backend-system",
      "table": "backend_system.ledger_workflow_receipts"
    },
    {
      "owner": "backend-system",
      "table": "backend_system.marketing_consent_actions"
    },
    {
      "owner": "backend-system",
      "table": "backend_system.marketing_funnel_events"
    },
    {
      "owner": "backend-system",
      "table": "backend_system.marketing_funnel_withdrawals"
    },
    {
      "owner": "backend-system",
      "table": "backend_system.marketing_measurement_releases"
    },
    {
      "owner": "backend-system",
      "table": "backend_system.tax_settlement_migration_inventory"
    },
    {
      "owner": "backend-system",
      "table": "backend_system.tax_settlement_migration_state"
    },
    {
      "owner": "backend-system",
      "table": "backend_system.tax_settlement_quarantine"
    },
    {
      "owner": "backend-system",
      "table": "backend_system.tax_settlement_reconciliations"
    },
    {
      "owner": "backend-system",
      "table": "backend_system.tax_settlement_source_rows"
    },
    {
      "owner": "backend-system",
      "table": "backend_system.validation_observation_control"
    },
    {
      "owner": "backend-system",
      "table": "backend_system.validation_observations"
    },
    {
      "owner": "backend-system",
      "table": "backend_system.validation_pilot_entitlements"
    },
    {
      "owner": "backend-system",
      "table": "backend_system.validation_reviewers"
    },
    {
      "owner": "backend-system",
      "table": "backend_system.validation_runs"
    },
    {
      "owner": "backend-system",
      "table": "billing.billing_command_receipts"
    },
    {
      "owner": "backend-system",
      "table": "public.company_access_command_receipts"
    },
    {
      "owner": "backend-system",
      "table": "public.launch_signoffs"
    },
    {
      "owner": "backend-system",
      "table": "public.notification_outbox"
    },
    {
      "owner": "backend-system",
      "table": "shareholder_register_filing.migration_inventory"
    },
    {
      "owner": "backend-system",
      "table": "shareholder_register_filing.migration_quarantine"
    },
    {
      "owner": "backend-system",
      "table": "shareholder_register_filing.migration_state"
    }
  ]
}
[architecture] exit=0
[architecture] durationMs=16372

[boundary] command=npm run test:boundary

> talli-repository@0.1.0 test:boundary
> npm run test:boundary-backend && npm run test:boundary-web && npm run test:boundary-contract


> talli-repository@0.1.0 test:boundary-backend
> uv run --project apps/backend pytest -c apps/backend/pyproject.toml apps/backend/tests -m "not billing_database and not authority_database and not company_tax_database"

============================= test session starts ==============================
platform darwin -- Python 3.12.12, pytest-8.4.1, pluggy-1.6.0
rootdir: /Users/kristianelmer/.codex/worktrees/d060/Holding accounting/apps/backend
configfile: pyproject.toml
plugins: anyio-4.14.2
collected 4318 items / 861 deselected / 3457 selected

apps/backend/tests/test_altinn_authority_operations.py ................. [  0%]
........................................................................ [  2%]
.......................                                                  [  3%]
apps/backend/tests/test_altinn_system_user.py .......................... [  3%]
........................................................................ [  6%]
...............                                                          [  6%]
apps/backend/tests/test_annual_billing_api.py .......................... [  7%]
...............                                                          [  7%]
apps/backend/tests/test_annual_billing_policy.py ....................... [  8%]
................                                                         [  8%]
apps/backend/tests/test_annual_billing_runtime_configuration.py ........ [  9%]
...................................                                      [ 10%]
apps/backend/tests/test_annual_checkout_api.py ......................... [ 10%]
..........................                                               [ 11%]
apps/backend/tests/test_annual_checkout_reconciliation_cli.py .......... [ 11%]
.................                                                        [ 12%]
apps/backend/tests/test_annual_checkout_service.py ..................... [ 12%]
..............................                                           [ 13%]
apps/backend/tests/test_annual_cleanup_api.py .......................... [ 14%]
.......                                                                  [ 14%]
apps/backend/tests/test_annual_cleanup_service.py ...................... [ 15%]
.............                                                            [ 15%]
apps/backend/tests/test_annual_notification_intake.py .................. [ 16%]
...........                                                              [ 16%]
apps/backend/tests/test_annual_observation_service.py .................. [ 17%]
........                                                                 [ 17%]
apps/backend/tests/test_annual_refund_recovery_api.py .................. [ 17%]
...                                                                      [ 17%]
apps/backend/tests/test_annual_refund_recovery_service.py .............. [ 18%]
...........                                                              [ 18%]
apps/backend/tests/test_annual_refund_service.py ....................... [ 19%]
...............................                                          [ 20%]
apps/backend/tests/test_annual_refund_targets_api.py ................    [ 20%]
apps/backend/tests/test_annual_support_api.py .................          [ 21%]
apps/backend/tests/test_annual_support_cleanup_api.py .................. [ 21%]
.......                                                                  [ 21%]
apps/backend/tests/test_annual_support_cleanup_service.py .............. [ 22%]
..............                                                           [ 22%]
apps/backend/tests/test_annual_support_refund_recovery_api.py .......... [ 23%]
..................                                                       [ 23%]
apps/backend/tests/test_annual_support_refund_recovery_service.py ...... [ 23%]
...................                                                      [ 24%]
apps/backend/tests/test_annual_support_refund_targets_api.py ........... [ 24%]
......                                                                   [ 24%]
apps/backend/tests/test_authority_callback_transport.py ...........      [ 25%]
apps/backend/tests/test_authority_connections_api.py .................   [ 25%]
apps/backend/tests/test_authority_connections_service.py ............... [ 26%]
.................................                                        [ 26%]
apps/backend/tests/test_authority_connections_state_workflow.py .....    [ 27%]
apps/backend/tests/test_authority_filing_tools.py ...................... [ 27%]
......................................................                   [ 29%]
apps/backend/tests/test_authority_filing_transports.py ................. [ 29%]
.............................................                            [ 31%]
apps/backend/tests/test_authority_operations.py ........................ [ 31%]
.....                                                                    [ 31%]
apps/backend/tests/test_authority_operations_api.py ............         [ 32%]
apps/backend/tests/test_authority_tool_grant.py ........................ [ 32%]
...........                                                              [ 33%]
apps/backend/tests/test_authority_tool_rf1086.py ....................... [ 33%]
.....................                                                    [ 34%]
apps/backend/tests/test_banking.py ..........                            [ 34%]
apps/backend/tests/test_banking_api.py ....                              [ 34%]
apps/backend/tests/test_banking_connections_api.py ..                    [ 35%]
apps/backend/tests/test_banking_consent.py ....                          [ 35%]
apps/backend/tests/test_banking_file_fallback.py .....                   [ 35%]
apps/backend/tests/test_banking_file_workflow.py .                       [ 35%]
apps/backend/tests/test_banking_provider_adapters.py ....                [ 35%]
apps/backend/tests/test_banking_provider_contract.py ...                 [ 35%]
apps/backend/tests/test_banking_public_contract.py ..                    [ 35%]
apps/backend/tests/test_banking_sync.py ....                             [ 35%]
apps/backend/tests/test_banking_workflow.py .                            [ 35%]
apps/backend/tests/test_billing.py ............                          [ 36%]
apps/backend/tests/test_billing_api.py ......                            [ 36%]
apps/backend/tests/test_billing_equivalence.py ......................... [ 36%]
................                                                         [ 37%]
apps/backend/tests/test_billing_provider.py .....                        [ 37%]
apps/backend/tests/test_company_access.py .............................. [ 38%]
....                                                                     [ 38%]
apps/backend/tests/test_company_cancellation_lifecycle.py .............. [ 38%]
...........                                                              [ 39%]
apps/backend/tests/test_company_eligibility.py ......................... [ 40%]
................................                                         [ 40%]
apps/backend/tests/test_company_onboarding.py ....................       [ 41%]
apps/backend/tests/test_company_onboarding_migration.py ...              [ 41%]
apps/backend/tests/test_company_support_access.py .....                  [ 41%]
apps/backend/tests/test_company_tax_authority_payload.py ........        [ 41%]
apps/backend/tests/test_company_tax_evidence_import.py ................. [ 42%]
....                                                                     [ 42%]
apps/backend/tests/test_company_tax_filing.py ...................        [ 43%]
apps/backend/tests/test_company_tax_filing_api.py ...................... [ 43%]
.....                                                                    [ 43%]
apps/backend/tests/test_company_tax_filing_workflow.py ........          [ 44%]
apps/backend/tests/test_company_tax_preparation.py ..................... [ 44%]
....                                                                     [ 44%]
apps/backend/tests/test_company_tax_readiness.py ....................... [ 45%]
........................................................................ [ 47%]
........................................................................ [ 49%]
................................................................         [ 51%]
apps/backend/tests/test_company_tax_rehearsal.py ....................... [ 52%]
........................................................................ [ 54%]
...............                                                          [ 54%]
apps/backend/tests/test_company_tax_return_characterization.py ......... [ 54%]
........................................................................ [ 57%]
........................................................................ [ 59%]
....                                                                     [ 59%]
apps/backend/tests/test_company_tax_source_facts.py .................... [ 59%]
.......                                                                  [ 60%]
apps/backend/tests/test_company_tax_workspace.py ...........             [ 60%]
apps/backend/tests/test_corporate_governance.py ....................     [ 60%]
apps/backend/tests/test_corporate_governance_api.py .........            [ 61%]
apps/backend/tests/test_corporate_governance_public_contract.py ...      [ 61%]
apps/backend/tests/test_corporate_governance_supported_events.py ....... [ 61%]
..........                                                               [ 61%]
apps/backend/tests/test_corporate_governance_workflow.py ............... [ 62%]
.                                                                        [ 62%]
apps/backend/tests/test_documents.py ............                        [ 62%]
apps/backend/tests/test_documents_api.py ...                             [ 62%]
apps/backend/tests/test_investments.py .......................           [ 63%]
apps/backend/tests/test_investments_api.py .............                 [ 63%]
apps/backend/tests/test_investments_public_contract.py ...               [ 63%]
apps/backend/tests/test_investments_supported_patterns.py .............. [ 64%]
.........                                                                [ 64%]
apps/backend/tests/test_investments_workflow.py ..........               [ 64%]
apps/backend/tests/test_launch_signoffs_api.py ............              [ 65%]
apps/backend/tests/test_ledger.py ..........................             [ 65%]
apps/backend/tests/test_ledger_api.py .......................            [ 66%]
apps/backend/tests/test_ledger_company_year_close.py ................... [ 67%]
                                                                         [ 67%]
apps/backend/tests/test_ledger_corrections.py ...........                [ 67%]
apps/backend/tests/test_ledger_full_year_reconstruction.py ............  [ 67%]
apps/backend/tests/test_ledger_opening_bank_input.py ............        [ 68%]
apps/backend/tests/test_ledger_public_contract.py ........               [ 68%]
apps/backend/tests/test_ledger_supported_patterns.py ................... [ 68%]
.............................................                            [ 70%]
apps/backend/tests/test_ledger_workflow.py .......                       [ 70%]
apps/backend/tests/test_legacy_billing_retirement.py ................... [ 70%]
.............                                                            [ 71%]
apps/backend/tests/test_legacy_rf1086_api.py ....................        [ 71%]
apps/backend/tests/test_marketing_measurement_api.py ........            [ 72%]
apps/backend/tests/test_maskinporten.py ................................ [ 73%]
.....................................                                    [ 74%]
apps/backend/tests/test_new_year_opening.py ........                     [ 74%]
apps/backend/tests/test_postgres_authority_connections.py ......         [ 74%]
apps/backend/tests/test_postgres_shareholder_register_filing.py ........ [ 74%]
....................                                                     [ 75%]
apps/backend/tests/test_rf1086_archive_source.py ....................... [ 75%]
.....                                                                    [ 76%]
apps/backend/tests/test_rf1086_authority.py ............................ [ 76%]
........................................................................ [ 79%]
.........................                                                [ 79%]
apps/backend/tests/test_rf1086_cli_equivalence.py .................      [ 80%]
apps/backend/tests/test_rf1086_offline_equivalence.py .................. [ 80%]
....                                                                     [ 80%]
apps/backend/tests/test_rf1086_preparation.py .......................... [ 81%]
.........................                                                [ 82%]
apps/backend/tests/test_rf1086_rule_equivalence.py ..................... [ 82%]
.......                                                                  [ 83%]
apps/backend/tests/test_rf1086_source_facts.py ......................... [ 83%]
................                                                         [ 84%]
apps/backend/tests/test_shareholder_register_filing_api.py ............. [ 84%]
........................................................................ [ 86%]
.......................                                                  [ 87%]
apps/backend/tests/test_shareholder_register_filing_contract.py ...      [ 87%]
apps/backend/tests/test_shareholder_register_filing_production.py ...... [ 87%]
........................................................................ [ 89%]
................................................................         [ 91%]
apps/backend/tests/test_supabase_banking.py ............                 [ 92%]
apps/backend/tests/test_supabase_corporate_governance.py ...........     [ 92%]
apps/backend/tests/test_supabase_documents.py .....                      [ 92%]
apps/backend/tests/test_supabase_investments.py ...............          [ 92%]
apps/backend/tests/test_supabase_ledger.py ............................. [ 93%]
......................................................                   [ 95%]
apps/backend/tests/test_supabase_marketing_measurement.py s              [ 95%]
apps/backend/tests/test_supabase_validation_observation.py s             [ 95%]
apps/backend/tests/test_system_boundary.py ......                        [ 95%]
apps/backend/tests/test_validation_observation.py .................      [ 96%]
apps/backend/tests/test_vipps_billing.py ............................... [ 96%]
.......................                                                  [ 97%]
apps/backend/tests/test_vipps_mt_conformance_runner.py ................. [ 98%]
...........................................                              [ 99%]
apps/backend/tests/test_vipps_webhook.py .......................         [100%]

========= 3455 passed, 2 skipped, 861 deselected in 149.05s (0:02:29) ==========

> talli-repository@0.1.0 test:boundary-web
> node --experimental-strip-types --test apps/web/tests/system-boundary-presentation.test.mjs apps/web/tests/banking-presentation.test.mjs apps/web/tests/banking-connection-presentation.test.mjs apps/web/tests/company-access-presentation.test.mjs apps/web/tests/company-access-administration.test.mjs apps/web/tests/company-access-cancellation.test.mjs apps/web/tests/company-access-onboarding.test.mjs apps/web/tests/company-access-stage-exit.test.mjs apps/web/tests/company-access-action-recovery.test.mjs apps/web/tests/company-eligibility.test.mjs apps/web/tests/company-year-eligibility-gate.test.mjs apps/web/tests/corporate-governance-draft-lifecycle.test.mjs apps/web/tests/corporate-governance-presentation.test.mjs apps/web/tests/corporate-governance-transport.test.mjs apps/web/tests/documents-presentation.test.mjs apps/web/tests/investments-presentation.test.mjs apps/web/tests/invitation-side-effects.test.mjs apps/web/tests/internal-redirect.test.mjs apps/web/tests/ledger-audit-side-effects.test.mjs apps/web/tests/ledger-presentation.test.mjs apps/web/tests/company-tax-transport.test.mjs apps/web/tests/ledger-writer-transport.test.mjs apps/web/tests/marketing-measurement.test.mjs apps/web/tests/owner-mfa-transition.test.mjs apps/web/tests/reauthentication.test.mjs apps/web/tests/public-acquisition.test.mjs tests/customer_agreement_actions.test.mjs tests/customer_agreement_reacceptance_ui.test.mjs apps/web/tests/operator-read-recovery.test.mjs apps/web/tests/authority-connections-transport.test.mjs tests/authority_connections_retirement.test.mjs apps/web/tests/shareholder-register-filing-transport.test.mjs && node --test tests/rf1086_workspace_fixture_safety.test.mjs tests/shareholder_register_browser_fixture_safety.test.mjs tests/rf1086_mixed_actions.test.mjs tests/rf1086_workspace_composition.test.mjs tests/company_tax_workspace_composition.test.mjs

✔ company connection reads batch more than 100 memberships without dropping or trusting unrelated records (43.841625ms)
✔ authorityConnectionsStartSystemUserRequest carries only intent identity through authenticated no-store generated transport (0.389541ms)
✔ authorityConnectionsRetrySystemUserRequest carries only intent identity through authenticated no-store generated transport (0.226583ms)
✔ authorityConnectionsReconcileSystemUserRequest carries only intent identity through authenticated no-store generated transport (0.204125ms)
✔ callback generated transport forwards proof separately from its sole request identity (0.249083ms)
✔ generated authority result rejects unknown statuses and malformed response contracts (0.645583ms)
✔ generated operator mutation preserves exact audit identity and redacted response (0.694125ms)
✔ technical signoff command has no recording actor or trusted timestamp (0.324583ms)
✔ connection presentation exposes only masked account, coverage and freshness (0.696417ms)
✔ recovery states give one calm next action and make missing coverage visible (0.128958ms)
✔ banking transport follows opaque pages through the generated client (19.900542ms)
✔ bank file transport persists a backend preview before explicit acceptance (1.343292ms)
✔ banking presentation preserves the frozen consumer shape without recreating policy (0.597417ms)
✔ banking error presentation preserves retry identity only for unknown outcomes (0.142917ms)
✔ create_invitation:outbox remains reachable and recovery finishes without another command (0.9955ms)
✔ create_invitation:audit remains reachable and recovery finishes without another command (0.152708ms)
✔ accept_invitation:audit remains reachable and recovery finishes without another command (0.158ms)
✔ revoke_invitation:audit remains reachable and recovery finishes without another command (0.146542ms)
✔ resend_invitation:outbox remains reachable and recovery finishes without another command (0.157959ms)
✔ resend_invitation:audit remains reachable and recovery finishes without another command (2.657833ms)
✔ recovery actor comes from the server context and cannot claim another actor's continuation (0.215541ms)
✔ delivery persistence is owned by atomic completion, never by a browser outbox insert (0.1425ms)
✔ company-access administration transport uses only generated client operations (63.459792ms)
✔ generated decoders fail closed on every unknown or token-shaped invitation field (4.248791ms)
✔ cancellation lifecycle transport uses generated operations with bearer and deadline (84.167708ms)
✔ generated cancellation decoders reject malformed optional fields, UUIDs, and timestamps (2.491125ms)
✔ generated review decoder enforces evidence-reference length bounds (9.801208ms)
✔ truncated successful command JSON becomes a typed 502 and preserves the operation (0.466833ms)
✔ every concurrent archive source failure trips the completion barrier (0.245542ms)
✔ actions preserve exact cancellation inputs for network and decoder failures (0.085541ms)
✔ web cancellation lifecycle has no direct Supabase persistence or caller-owned proof (11.637166ms)
✔ an unknown organization keeps the specific Enhetsregisteret guidance (0.49375ms)
✔ agreement reacceptance uses an authenticated generated-client request (60.188041ms)
✔ actions and agreement gates have no direct business-persistence facade (22.865333ms)
✔ company-access and system-boundary transports share typed fail-closed backend configuration (2.494417ms)
✔ both transports reject remote HTTP in every Node environment (0.354458ms)
✔ company-access and system-boundary accept the same HTTPS and loopback origins (31.879042ms)
✔ company-access transport sends the established session only through the generated client (0.556417ms)
✔ the company-access app boundary owns its presentation model instead of a Supabase row DTO (82.540584ms)
✔ owner context preserves the admitted company-year and current safety gate (0.759584ms)
✔ company record presentation maps the generated camel-case contract to existing web registry facts (0.111708ms)
✔ company-access transport fails closed on a partial context response (0.290834ms)
✔ generated company-context decoder rejects lower assurance, lower scope, and non-owner roles (0.388625ms)
✔ company records and case-bound operator access use authenticated generated-client operations (4.553541ms)
✔ a verified user without an owner company reaches onboarding but other context failures stay closed (0.323125ms)
✔ system-user callback delegates relationship authorization to the verified backend boundary (1.155042ms)
✔ every Stage 1 web consumer authorizes through company-access contracts (140.102792ms)
✔ stale admission evidence gets a truthful restart route (0.746916ms)
✔ precheck and definitive eligibility use public generated-client calls (27.031292ms)
✔ company-year admission is authenticated and carries the exact immutable boundary (0.625083ms)
✔ company-year recheck is authenticated, trigger-bound, and fail-closed decoded (0.49925ms)
✔ the functional public journey owns no policy, direct fetch, or business persistence (10.324666ms)
✔ preview sends original facts and returns authoritative normalized payload and account lines (28.390709ms)
✔ capture keeps released path and stable identity without retrying an ambiguous outcome (1.086584ms)
✔ generated preview guard rejects malformed backend output (0.536167ms)
✔ generated preview guard rejects malformed backend output (0.384917ms)
✔ generated preview guard rejects malformed backend output (0.442708ms)
✔ Archive read preserves all source fields and conceals malformed or foreign output as a failed source (1.624042ms)
✔ submission preserves the original coded validation redirect: bad-date-shape (0.105417ms)
✔ submission preserves the original coded validation redirect: zero (0.037917ms)
✔ submission preserves the original coded validation redirect: negative (0.039125ms)
✔ submission preserves the original coded validation redirect: unknown-kind (0.065708ms)
✔ submission preserves the original coded validation redirect: unknown-document-status (0.03575ms)
✔ submission preserves the original coded validation redirect: payable-with-bank (0.031083ms)
✔ submission preserves the original coded validation redirect: validation-order (0.038416ms)
✔ unparseable amount text retains backend-owned validation: abc (0.625833ms)
✔ unparseable amount text retains backend-owned validation: Infinity (25.79175ms)
✔ unparseable amount text retains backend-owned validation: 1,5 (0.295375ms)
✔ filing workspace keeps a failed source unavailable and checks returned scope (1.237541ms)
✔ TT02 import preserves evidence bytes, IDs, replay and MFA presentation (0.508375ms)
✔ TT02 presenter distinguishes projection validation from persistence rejection (0.073792ms)
✔ Tax preparation sends generated commands and rejects foreign scope (0.714583ms)
✔ Tax lookup and acknowledgement only return absence for an explicit owned not-found (0.877417ms)
✔ TT02 import retains the missing-company message (0.069959ms)
✔ Tax assessment previews send ordered source facts unchanged through generated endpoints (0.468209ms)
✔ readiness transport rejects wrong scope or corrupt policy output (0.2205ms)
✔ readiness transport rejects wrong scope or corrupt policy output (0.16175ms)
✔ readiness transport rejects wrong scope or corrupt policy output (0.180125ms)
✔ readiness transport rejects wrong scope or corrupt policy output (0.15025ms)
✔ generated Tax source client binds company/year and preserves complete empty-history evidence (0.54ms)
✔ generated Tax source client refuses incomplete shapes and mismatched scope (0.633417ms)
✔ the recheck helper carries future serialized triggers through the API (0.899292ms)
✔ a blocked recheck stops the consequential operation and preserves its next step (0.290834ms)
✔ missing admission and provider failure both fail closed (0.166917ms)
✔ registration failure removes every newly persisted governance document (1.552541ms)
✔ registration failure preserves cleanup failures for reconciliation (0.218084ms)
✔ governance errors expose stable Norwegian owner guidance (0.509417ms)
✔ shareholder-loan form presentation explains treatment without exposing posting policy (0.445417ms)
✔ shareholder-loan errors never fall through to dividend guidance (0.106167ms)
✔ only transport and server failures preserve an unknown-outcome retry (0.083166ms)
✔ decision-facts transport sends only identity and accepts the generated response (70.627667ms)
✔ owner-dividend lifecycle transport preserves path and idempotency evidence (0.44625ms)
✔ owner-dividend transport rejects malformed lifecycle responses (0.466834ms)
✔ shareholder-loan transport preserves identity and rejects malformed responses (0.35125ms)
✔ document presentation is a transport-only shape conversion (0.8575ms)
✔ signed upload uses exactly the backend-issued object and finalizes once (123.917625ms)
✔ an ambiguous signed-transfer error is not blindly finalized (0.765834ms)
✔ invitation login continuation accepts only same-origin absolute paths (0.521792ms)
✔ investments transport uses generated routes, auth, idempotency, and opaque paging (26.04875ms)
✔ investment unit reads reject lossy wire values (1.08325ms)
✔ investment position reads preserve contract-declared lifecycle movement facts (0.258583ms)
✔ investment unit presentation stays decimal-string exact (0.172208ms)
✔ investments presentation maps canonical wire facts without owning policy (1.121167ms)
✔ investments errors preserve retry identity only for unknown outcomes (10.736292ms)
✔ investment actions require explicit owner and dividend attestations (30.785209ms)
✔ investment wizard controls can shrink inside the mobile grid (1.110167ms)
✔ side-effect identity is deterministic, actor-scoped, and purpose-scoped (0.896ms)
✔ two actors can reuse one operation id without losing audit evidence (6.416167ms)
✔ same-actor retry reconciles exact rows and recovers an audit failure (0.45925ms)
✔ foreign rows are not an oracle because actor-derived ids never trigger their lookup (0.128625ms)
✔ ledger audit identity is deterministic and actor scoped (0.941916ms)
✔ ledger audit replay reconciles the exact immutable row (0.176ms)
✔ ledger audit failure cannot be reported as success (0.290041ms)
✔ an in-progress idempotent command preserves its operation id for retry (0.978542ms)
✔ ledger errors keep the frozen plain-Norwegian guidance (0.195167ms)
✔ year-scoped opening transport sends one exact company/year read and preserves zero or one row (34.151708ms)
✔ year-scoped opening transport rejects another year without a broader or repeated read (0.639125ms)
✔ year-scoped opening transport rejects another company without a broader or repeated read (3.718583ms)
✔ year-scoped opening transport rejects multiple snapshots without a broader or repeated read (3.917416ms)
✔ year-scoped opening transport rejects a continuation page without a broader or repeated read (1.904125ms)
✔ year-scoped opening transport rejects a hidden continuation cursor without a broader or repeated read (0.321125ms)
✔ year-scoped opening transport rejects an incomplete page without a broader or repeated read (0.267542ms)
✔ year-scoped opening transport rejects inconsistent share capital without a broader or repeated read (0.370083ms)
✔ year-scoped opening transport rejects a holder bound to another setup without a broader or repeated read (0.337167ms)
✔ year-scoped opening transport rejects inconsistent shareholder totals without a broader or repeated read (0.256375ms)
✔ opening-snapshot transport chunks companies and follows opaque pages (1.276833ms)
✔ opening-snapshot compatibility projection preserves the frozen shape (0.172916ms)
✔ opening-snapshot decoders reject malformed collections and invariants (0.664458ms)
✔ ledger query transport follows opaque pages through the generated client (0.51125ms)
✔ reconstruction readiness comes from the generated backend contract (0.454083ms)
✔ current company-year close comes from the generated read-only backend contract (0.368917ms)
✔ company-year close presentation distinguishes stale and blocked assessments (0.090167ms)
✔ generated reconstruction decoder rejects unknown gap codes (0.150916ms)
✔ generated reconstruction decoder preserves historical null and rejects partial bindings (0.29425ms)
✔ generated company-year close decoder rejects unknown gap codes (0.121959ms)
✔ generated ledger query rejects a partial expanded source pair (0.234833ms)
✔ source-aware ledger query fails closed against a source-unaware backend (0.233875ms)
✔ source-aware ledger queries opt into the expanded response (0.156416ms)
✔ ledger mutation transport injects decimal money and idempotency headers (0.235084ms)
✔ administrative-cost transport requires exact purpose-bound success evidence (0.463084ms)
✔ new-year start uses the generated atomic workflow without exposing ledger lines (0.210125ms)
✔ new-year start rejects malformed or non-opening success evidence (0.213625ms)
✔ opening setup action has no direct business persistence or duplicate posting policy (0.778667ms)
✔ manual journals and period locks reconcile their frozen audit continuation (0.526292ms)
✔ ledger presentation maps generated facts without recreating posting policy (0.299083ms)
✔ opening entries recover their setup identity from canonical ledger source facts (3.297708ms)
✔ archive presentation preserves the complete frozen ledger row projection (0.16525ms)
✔ ledger period-lock transport returns an empty result without a backend call (0.0815ms)
✔ every approved ledger-coordinator form submits one operation ID (1.063ms)
✔ client action wizards keep one stable operation ID for their mounted form (0.095333ms)
✔ ledger retry IDs are plumbed only to the matching page form (0.316291ms)
✔ all relocated transactional writers use the stable operation ID at the generated boundary (0.570792ms)
✔ share purchases and sales use the investments generated interface (0.215875ms)
✔ share-sale wizard submits intent without duplicating authoritative FIFO policy (0.099416ms)
✔ committed retries reach the coordinator before mutable legacy state can reject them (0.363125ms)
✔ unknown coordinator outcomes preserve only the scoped retry operation (0.579958ms)
✔ apps/web/tests/ledger-writer-transport.test.mjs (221.013209ms)
✔ consented anonymous funnel events accept only the bounded public vocabulary (1.22475ms)
✔ the first-party endpoint records one consented event without caching it (74.051709ms)
✔ the generated backend client receives only an irreversible session hash (0.946584ms)
✔ consent withdrawal deletes the bounded anonymous session through the same origin (0.477041ms)
✔ the beacon-compatible POST endpoint accepts only the bounded withdrawal command (0.384084ms)
✔ the first-party endpoint rejects an oversized chunked body while streaming (0.636125ms)
✔ the browser creates no optional storage before explicit consent and expires it after thirty minutes (0.216458ms)
✔ funnel producers emit only a bounded event from an active consent session (0.131833ms)
✔ the operator view consumes aggregate report fields without exposing raw identifiers (9.810083ms)
✔ consent presentation uses accurate session wording and equal choices (2.163083ms)
✔ support entry authorizes before protected reads and preserves its recovery destination (78.724625ms)
✔ marketing entry authorizes before protected reads and preserves its recovery destination (18.680209ms)
✔ failed case or annual read suppresses ancillary reads, mutation controls and protected evidence (47.17ms)
✔ malformed or duplicate case/cursor selection never triggers protected page loaders (50.39925ms)
✔ authorized support-role entry retains ordinary support and marketing behavior (13.937625ms)
✔ presentation shell leaves scoped auth recovery to each page without mutating the session (3.2025ms)
✔ page access preserves missing/rejected sessions, provider errors and both authorized operator roles (13.0925ms)
✔ complete operator selection survives login and MFA without losing either cursor (20.171ms)
✔ malformed, duplicate and orphan operator selection cannot invoke protected loaders (138.272ms)
✔ late selected-target failure keeps full recovery destination and suppresses ancillary controls (40.114334ms)
✔ owner AAL2 is distinguished from other context failures without weakening the gate (0.940917ms)
✔ owner MFA inspection chooses enrollment, challenge, or verified state and fails closed (0.242917ms)
✔ enrollment and verification expose no provider errors and only resume after confirmed AAL2 (0.334ms)
✔ explicit fresh MFA intent challenges an existing AAL2 session without a browser age decision (0.151667ms)
✔ owner transition is reachable after company-year admission and exposes an accessible, Norwegian MFA gate (15.111292ms)
✔ the public offer stays in free recruitment mode with one eligibility action (1.145667ms)
✔ the three-step eligibility explanation keeps its visual order for assistive technology (0.103958ms)
✔ the static homepage renders every required offer field in the approved order (0.226417ms)
✔ the recruitment homepage presents the approved annual offer exactly (0.081917ms)
✔ the public offer carries the approved proof links, minimum FAQ, and final eligibility invitation (4.50525ms)
✔ the complete public company-year promise is pinned to the canonical manifest (0.113458ms)
✔ live claims and checkout deny by default and every ad stop rule is binding (0.227416ms)
✔ the indexable public route set carries canonical metadata and no live overclaim (0.664ms)
✔ explicit reauthentication displays the login form despite a backend-rejected but valid Supabase session (21.155917ms)
✔ ordinary signed-in login and signup redirects and unconfirmed-user gate remain intact (74.963084ms)
✔ signIn preserves explicit reauthentication and next through failures (15.989167ms)
✔ signInWithGoogle preserves explicit reauthentication and next through failures (7.384458ms)
✔ successful password login consumes recovery intent; ordinary unconfirmed credentials keep verification recovery (3.141667ms)
✔ Google startup carries recovery through its callback URL (1.544208ms)
✔ the Google form carries the same explicit recovery intent as password sign-in (3.377ms)
✔ denied, missing, failed and unavailable OAuth callbacks return to an actionable recovery login (40.353916ms)
✔ successful callback returns to the scoped page while ordinary email confirmation failure is unchanged (4.645625ms)
✔ retained history reads keep every requested company and all years with authenticated no-store transport (15.769875ms)
✔ archive source requests exactly one company/year and retains company-wide review facts (1.118625ms)
✔ archive source rejects company without silently broadening or dropping evidence (0.661458ms)
✔ archive source rejects year without silently broadening or dropping evidence (0.409417ms)
✔ archive source rejects preview-company without silently broadening or dropping evidence (0.400459ms)
✔ archive source rejects preview-year without silently broadening or dropping evidence (0.386958ms)
✔ archive source rejects duplicate-preview without silently broadening or dropping evidence (0.320083ms)
✔ archive source rejects comment-company without silently broadening or dropping evidence (0.364833ms)
✔ archive source rejects duplicate-comment without silently broadening or dropping evidence (0.395333ms)
✔ archive source rejects nested-issue without silently broadening or dropping evidence (1.31575ms)
✔ archive source rejects extra-workspace-field without silently broadening or dropping evidence (0.393166ms)
✔ year-bound archive decoding does not relax the unchanged all-history workspace decoder (0.54775ms)
✔ workspace rejects company instead of presenting a successful partial history (0.2035ms)
✔ workspace rejects child-company instead of presenting a successful partial history (0.154042ms)
✔ workspace rejects duplicate instead of presenting a successful partial history (0.165542ms)
✔ workspace rejects year instead of presenting a successful partial history (0.178708ms)
✔ workspace rejects invalid-status instead of presenting a successful partial history (0.136917ms)
✔ preview generation sends only original input identities and rejects a misbound audit scope (0.31825ms)
✔ a preview read cannot substitute another aggregate (0.194959ms)
✔ shipped Send and recovery generated contracts keep exact paths and nullable recovery result (0.280292ms)
✔ presentation preserves nested original payload/manifest bytes and field names (0.18125ms)
✔ canonical invalid approval input and stale MFA retain existing owner guidance codes (0.093334ms)
✔ canonical ownership fallback requires exact not-found (404/SHAREHOLDER_REGISTER_FILING_NOT_FOUND) (0.411625ms)
✔ canonical ownership fallback requires exact not-found (404/OTHER_NOT_FOUND) (0.234291ms)
✔ canonical ownership fallback requires exact not-found (403/SHAREHOLDER_REGISTER_FILING_FORBIDDEN) (0.206208ms)
✔ canonical ownership fallback requires exact not-found (503/SHAREHOLDER_REGISTER_FILING_UNAVAILABLE) (0.19775ms)
✔ presents the generated tracer response as a safe Norwegian success (1.176042ms)
✔ presents transport failures without leaking exception details (0.114167ms)
✔ generated client accepts the declared success shape (14.011417ms)
✔ generated client maps the typed correlation option to the declared header (0.603708ms)
✔ generated client fails closed on an undeclared success shape (0.427417ms)
✔ generated client rejects an availability value outside the closed contract (0.273792ms)
✔ missing backend configuration fails closed with a typed error (0.185209ms)
✔ web liveness stays process-only while readiness fails invalid configuration (0.3505ms)
✔ web readiness validates local configuration without depending on backend reachability (0.248958ms)
✔ Authority Connections retirement leaves no web authority signing, token or credential transport (45.448083ms)
✔ the four standalone authority commands execute backend modules and retain their public command names (1.184292ms)
✔ authority, RF and Tax facades are retired while Annual Accounts retains its frozen records (1.008041ms)
✔ company-year admission validates explicit authority and every immutable document before the generated command (11.897542ms)
✔ the customer sees and explicitly accepts the complete pinned promise (4.364ms)
✔ legacy AS-only creation controls are absent (10.279208ms)
✔ owner layout replaces children with an accessible reacceptance gate (1.484875ms)
✔ Server Action reaccepts through the authenticated generated-client boundary (0.558875ms)
ℹ tests 242
ℹ suites 0
ℹ pass 242
ℹ fail 0
ℹ cancelled 0
ℹ skipped 0
ℹ todo 0
ℹ duration_ms 1401.259667
✔ owner actions compile as a Next server-action module (70.690459ms)
✔ stored Tax receipt remains byte-equivalent after wire presentation: synthetic-completed-pending-feedback (0.994958ms)
✔ stored Tax receipt remains byte-equivalent after wire presentation: synthetic-blank-url (0.148958ms)
✔ stored Tax receipt remains byte-equivalent after wire presentation: synthetic-second-owner (0.125417ms)
✔ stored Tax receipt remains byte-equivalent after wire presentation: synthetic-explicit-recorded-time (0.133125ms)
✔ nested receipt, call, feedback and payload-reference extension fields survive presentation (0.289084ms)
✔ one query per company supplies the complete source and keeps omitted year unscoped (8.55575ms)
✔ one unavailable company discards partial results and retains an explicit error (4.371125ms)
✔ incomplete receipt type fails the whole source visibly (4.63475ms)
✔ incomplete receipt hash fails the whole source visibly (3.493917ms)
✔ incomplete feedback classification fails the whole source visibly (3.244959ms)
✔ incomplete payload reference fails the whole source visibly (3.011292ms)
✔ incomplete call chronology fails the whole source visibly (2.692792ms)
✔ incomplete unsupported raw payload fails the whole source visibly (3.024333ms)
✔ Archive includes Tax-only submissions and only their linked evidence for the requested year (25.74775ms)
✔ Archive source failure returns unavailable before building an archive or recording a receipt (8.382709ms)
✔ readiness refresh uses every owned Tax readiness family (34.185125ms)
✔ readiness refresh stops without snapshot or Audit writes on Tax failure (23.657667ms)
✔ missing session token cannot turn an authorized company scope into complete empty Tax data (2.434542ms)
✔ readiness preview failure stops the real refresh before any snapshot or Audit write (17.289458ms)
✔ workspace assessment preserves portfolio estimate ordering and primary-company readiness scope (2.337084ms)
✔ missing Tax assessment dependencies never yield zero or clear previews (1.917334ms)
✔ missing Tax assessment dependencies never yield zero or clear previews (1.879542ms)
✔ one failed assessment query discards partial success and preserves an explicit source error (1.934208ms)
✔ addFilingOverride uses canonical ownership even when a public RF mirror exists (38.901208ms)
✔ addFilingOverride fails closed before any legacy effect when canonical ownership is unavailable (5.742791ms)
✔ addFilingReviewComment uses canonical ownership even when a public RF mirror exists (3.595167ms)
✔ addFilingReviewComment fails closed before any legacy effect when canonical ownership is unavailable (3.311542ms)
✔ acknowledgeFilingReviewComment uses canonical ownership even when a public RF mirror exists (2.57525ms)
✔ acknowledgeFilingReviewComment fails closed before any legacy effect when canonical ownership is unavailable (2.217ms)
✔ addFilingOverride preserves the sibling validator, writer and subsequent audit (2.962583ms)
✔ addFilingReviewComment preserves the sibling validator, writer and subsequent audit (4.191625ms)
✔ acknowledgeFilingReviewComment preserves the sibling validator, writer and subsequent audit (2.112042ms)
✔ RF simulation delegates all five retired persistence effects before its unchanged audit (1.687833ms)
✔ confirmAuthorityPermission preserves step-up and audit for RF (1.927667ms)
✔ confirmAuthorityPermission preserves step-up and audit for sibling (1.554959ms)
✔ recordAuthorityTestEvidence preserves step-up and audit for RF (2.365083ms)
✔ recordAuthorityTestEvidence preserves step-up and audit for sibling (2.424417ms)
✔ addFilingOverride uses owned Tax before exactly one existing Audit continuation (2.536375ms)
✔ addFilingOverride stops on unavailable Tax without a sibling write or Audit continuation (2.5185ms)
✔ addFilingReviewComment uses owned Tax before exactly one existing Audit continuation (2.035542ms)
✔ addFilingReviewComment stops on unavailable Tax without a sibling write or Audit continuation (2.061667ms)
✔ acknowledgeFilingReviewComment uses owned Tax before exactly one existing Audit continuation (1.736541ms)
✔ acknowledgeFilingReviewComment stops on unavailable Tax without a sibling write or Audit continuation (1.566459ms)
✔ confirmAuthorityPermission uses owned Tax before exactly one existing Audit continuation (1.434375ms)
✔ confirmAuthorityPermission stops on unavailable Tax without a sibling write or Audit continuation (1.523291ms)
✔ recordAuthorityTestEvidence uses owned Tax before exactly one existing Audit continuation (4.491833ms)
✔ recordAuthorityTestEvidence stops on unavailable Tax without a sibling write or Audit continuation (1.801875ms)
✔ TT02 import sends original file bytes to owned API and has no web persistence continuation (2.238333ms)
✔ failed RF source preserves explicit unavailable state and never returns successful partial facts (34.176375ms)
✔ composition replaces overlap mirrors by identity and preserves sibling records and ordering (14.477583ms)
✔ one scoped source read supplies every family without substituting a current year (5.912541ms)
✔ workspace RF backend refuses hosted database before opening a listener (108.889458ms)
✔ workspace RF backend refuses hosted Supabase before opening a listener (106.1255ms)
✔ workspace RF backend refuses global RF activation before opening a listener (98.208542ms)
✔ workspace RF backend refuses global operator activation before opening a listener (99.811292ms)
✔ workspace RF backend refuses ambient credential before opening a listener (92.825042ms)
✔ workspace API requests use the actual current Supabase session and exact denial statuses (3.941125ms)
✔ feedback fixture refuses hosted databases and undeclared operations before actor or SQL effects (1.210208ms)
✔ feedback fixture verifies the token owner before reading membership or connecting an actor database session (0.380542ms)
✔ workspace RF assertions use canonical commands and preserve sibling tax and audit rehearsals (2.449083ms)
✔ fixture access refuses external databases and undeclared relations before SQL (0.471709ms)
✔ fixture restores exact USER trigger modes on success without disabling foreign keys (0.65175ms)
✔ fixture restores exact USER trigger modes on rollback without disabling foreign keys (0.181958ms)
✔ fresh RF fixture permits only its five exact method templates and loopback egress (136.946291ms)
✔ fresh local RF mock preserves request identity and emits relationship-bound feedback (46.304875ms)
✔ fresh browser starts without a preview or approval and verifies the complete durable result (1.41975ms)
✔ ambiguous fresh mock response records the original mutation before disconnecting (5.27175ms)
✔ fresh RF browser uses finite fixture authority while preserving foreign keys and signoff storage (0.528083ms)
✔ fresh RF basis binds every opening row to its existing owner without seeding filing success (1.0065ms)
✔ fresh RF cleanup removes scoped public mirrors before openings (success) (1.129958ms)
✔ fresh RF cleanup removes scoped public mirrors before openings (failure preserved) (0.752667ms)
✔ fresh signoff fixture restores exact prior rows and USER triggers (success) (9.490791ms)
✔ fresh signoff fixture restores exact prior rows and USER triggers (seed) (1.128625ms)
✔ fresh signoff fixture restores exact prior rows and USER triggers (restore) (1.628541ms)
ℹ tests 75
ℹ suites 0
ℹ pass 75
ℹ fail 0
ℹ cancelled 0
ℹ skipped 0
ℹ todo 0
ℹ duration_ms 652.562833

> talli-repository@0.1.0 test:boundary-contract
> node --test tests/contract/web_fastapi_boundary.test.mjs tests/company_access_review_fixes.test.mjs tests/company_access_review_round_2.test.mjs tests/company_access_onboarding_cutover.test.mjs tests/corporate_governance_review_fixes.test.mjs

✔ eligibility, admission, and agreement operations are generated-client boundaries (14.163625ms)
✔ the web onboarding slice has no legacy business-policy or persistence path (1.212875ms)
✔ the complete Stage 1 web boundary is Supabase-auth-only (12.024125ms)
✔ company access owns agreement evidence and the #138 facade has exited (0.523583ms)
✔ the onboarding overlap and destructive contract are separate release artifacts (0.763875ms)
✔ capability owns immutable business request contracts (5.661625ms)
✔ every invitation decoder rejects unknown and token-shaped response fields (1.90275ms)
✔ all company-access success responses declare X-Request-ID (9.01375ms)
✔ login preserves a sanitized invitation continuation for password and OAuth (1.094625ms)
✔ invitation side effects reconcile in the trusted actor and command namespace (0.985708ms)
✔ shipped server actions expose receipt-owned recovery without browser command inputs (0.93375ms)
✔ membership role selector has a target-specific accessible name (0.379875ms)
✔ capability manifest attributes the latest company-access ownership migration (0.373625ms)
✔ authorization and hashing use versioned least-privilege helper boundaries (3.749625ms)
✔ destructive contract is a later release artifact outside the automatic runner (1.452208ms)
✔ cutover removes every authenticated self-membership update surface (1.357209ms)
✔ command receipts are backend-system technical idempotency state (1.989042ms)
✔ owner receipt visibility is atomic while acceptance keeps actor replay semantics (1.072584ms)
✔ evidence distinguishes forced receipt RLS from genuine non-owner RLS (1.317041ms)
✔ OpenAPI validates command UUIDs and RFC3339 revisions (8.772834ms)
✔ the committed contract exposes one stable capability-prefixed tracer operation (9.6745ms)
✔ the committed contract exposes the authenticated company-context operation (8.241541ms)
✔ the committed contract exposes company-access invitation and membership administration (7.241084ms)
✔ the committed contract exposes only ledger-owned browser commands (6.91875ms)
✔ the committed contract assigns shareholder loans to corporate governance (6.845583ms)
✔ the committed contract gives investments its complete activity interface (6.635292ms)
✔ opening snapshots use the ledger compatibility authenticated read contract (6.456708ms)
✔ the committed contract exposes the account-free banking workflow (7.671292ms)
✔ the tracer contract declares optional request and response correlation headers (6.746709ms)
✔ OpenAPI and generated TypeScript artifacts are byte-clean (1499.458917ms)
✔ the OpenAPI document validates and operation IDs are globally unique (30.225ms)
✔ the current response contract remains compatible with the explicit v1 baseline (74.250417ms)
✔ compatibility rejects newly required parameters and request bodies (34.986625ms)
✔ compatibility rejects narrower authentication requirements (10.966834ms)
✔ compatibility rejects removed or changed response headers (17.688041ms)
✔ the generated package version matches the OpenAPI contract version (16.849ms)
✔ the generated client is committed and carries its provenance marker (1.621375ms)
✔ the web tracer uses the generated package through a thin transport wrapper (0.133208ms)
✔ annual refund recovery is an additive authenticated POST with no caller authority fields (6.598708ms)
✔ annual refund target discovery preserves a minimal independent read contract (6.623625ms)
✔ annual checkout preparation is an independent read without purchase authority (6.64675ms)
✔ annual checkout withdrawal uses the original accepted body and key with a separate minimal result (6.434666ms)
✔ corporate-governance manifests declare the implemented public surface (4.218042ms)
✔ backend workflow documentation has one canonical governance workflow (1.381834ms)
✔ lifecycle reader exposes migrated source-hash compatibility explicitly (1.166834ms)
✔ local gate rehearses predecessor ledger cutover before governance retires it (0.552625ms)
✔ complete gate uses the backend-managed Python runtime (0.590333ms)
✔ governance review regressions run in the complete acceptance boundary (0.50925ms)
✔ document evidence ownership is acyclic and declared (1.742ms)
✔ document evidence registration cannot forge trusted actor or owner context (0.715125ms)
✔ historical document evidence uses a migration-only backfill contract (0.886416ms)
✔ future annual-data compatibility scopes remain frozen without a checker bypass (2.086ms)
✔ canonical decision payloads share one serializer (0.761459ms)
ℹ tests 53
ℹ suites 0
ℹ pass 53
ℹ fail 0
ℹ cancelled 0
ℹ skipped 0
ℹ todo 0
ℹ duration_ms 1843.788
[boundary] exit=0
[boundary] durationMs=154639

[build-web] command=TALLI_BACKEND_URL=http://127.0.0.1:8000 TALLI_MARKETING_MEASUREMENT_INTERNAL_KEY=<local-only> npm run build:web && npm run test:browser-public-acquisition:built

> talli-repository@0.1.0 build:web
> npm --prefix apps/web run build


> talli-web@0.1.0 build
> cd ../.. && node apps/web/scripts/run-next.mjs build

▲ Next.js 16.3.4 (Turbopack)
✓ Running next.config.ts took 20ms

  Creating an optimized production build ...
✓ Compiled successfully in 581ms
  Running TypeScript ...
  Finished TypeScript in 1064ms ...
  Collecting page data using 9 workers ...
  Generating static pages using 9 workers (0/34) ...
  Generating static pages using 9 workers (8/34)
  Generating static pages using 9 workers (16/34)
  Generating static pages using 9 workers (25/34)
✓ Generating static pages using 9 workers (34/34) in 223ms
  Finalizing page optimization ...

Route (app)
┌ ○ /
├ ○ /_not-found
├ ƒ /actions
├ ƒ /actions/[type]
├ ƒ /api/marketing-events
├ ○ /apple-icon.png
├ ƒ /archive/[companyId]/[incomeYear]/download
├ ƒ /auth/confirm
├ ƒ /auth/systembruker/confirm
├ ƒ /bank/callback
├ ƒ /billing
├ ƒ /companies/[companyId]/annual-reporting/[incomeYear]
├ ƒ /companies/[companyId]/annual-reporting/[incomeYear]/[obligation]
├ ƒ /companies/[companyId]/annual-reporting/[incomeYear]/review
├ ƒ /connections
├ ƒ /corporate-decisions/[decisionId]
├ ƒ /dashboard
├ ○ /databehandleravtale
├ ƒ /documents
├ ƒ /documents/[documentId]/download
├ ƒ /documents/[documentId]/preview
├ ○ /email-confirmed
├ ƒ /filing
├ ƒ /filing/[obligation]
├ ƒ /health/live
├ ƒ /health/ready
├ ○ /hjelp
├ ○ /icon.svg
├ ƒ /invite/accept
├ ƒ /login
├ ƒ /mfa
├ ƒ /onboarding
├ ƒ /operator
├ ƒ /operator/marketing
├ ○ /passer-talli
├ ○ /personvern
├ ○ /pris
├ ○ /robots.txt
├ ƒ /selskapsgrense
├ ƒ /signup
├ ○ /sikkerhet
├ ○ /sitemap.xml
├ ○ /sjekk-selskapet
├ ○ /status
├ ƒ /system-boundary
├ ƒ /transactions
├ ○ /ui
├ ƒ /verify-email
├ ○ /vilkar
├ ƒ /workspace
└ ƒ /year-end


○  (Static)   prerendered as static content
ƒ  (Dynamic)  server-rendered on demand


> talli-repository@0.1.0 test:browser-public-acquisition:built
> node --test tests/browser_public_acquisition.mjs

✔ the production public journey is consent-silent, accessible, mobile-safe, and privacy bounded (4465.654375ms)
ℹ tests 1
ℹ suites 0
ℹ pass 1
ℹ fail 0
ℹ cancelled 0
ℹ skipped 0
ℹ todo 0
ℹ duration_ms 4709.775208
[build-web] exit=0
[build-web] durationMs=9198

[build-backend] command=npm run build:backend

> talli-repository@0.1.0 build:backend
> uv build --project apps/backend
Building source distribution...
Building wheel from source distribution...
Successfully built apps/backend/dist/talli_backend-0.1.0.tar.gz
Successfully built apps/backend/dist/talli_backend-0.1.0-py3-none-any.whl
[build-backend] exit=0
[build-backend] durationMs=1606

[boundary-smoke] command=npm run test:boundary-smoke

> talli-repository@0.1.0 test:boundary-smoke
> node --test tests/production_boundary_smoke.mjs

✔ built artifacts support both deployment orders and isolate backend failure (1894.899666ms)
ℹ tests 1
ℹ suites 0
ℹ pass 1
ℹ fail 0
ℹ cancelled 0
ℹ skipped 0
ℹ todo 0
ℹ duration_ms 6946.500916
[boundary-smoke] exit=0
[boundary-smoke] durationMs=7095

[launch-rehearsal] command=TALLI_PYTHON_BIN=apps/backend/.venv/bin/python TALLI_SKATTE_XSD_DIR=<pinned-v1.62.47> npm run test:launch-rehearsal

> talli-repository@0.1.0 test:launch-rehearsal
> npm run test:opening && npm run test:documents && npm run test:bank && npm run test:bank-suggestions && npm run test:deployed-contract && npm run test:supabase-grants && npm run test:provider-ports && npm run test:manual-journal && npm run test:share-purchase && npm run test:share-sale && npm run test:investment-lots-schema && npm run test:dividend-received && npm run test:owner-dividend && npm run test:owner-dividend-payment && npm run test:shareholder-loan && npm run test:annual-data && npm run test:annual-readiness && npm run test:annual-corporate-documents && npm run test:authority-evidence && npm run test:authority-adapters && npm run test:authority-operations && npm run test:maskinporten && npm run test:system-user-requests && npm run test:rf1086:authority-client && npm run test:rf1086:production-pilot && npm run test:python-runtime && npm run test:corporate-documents && npm run test:corporate-decision-workflow && npm run test:corporate-governance-supported-events && npm run test:rf1086:persisted && npm run test:rf1086:submission && npm run test:annual-accounts && npm run test:annual-accounts-xml && npm run test:annual-accounts-authority && npm run test:annual-accounts-authority-script && npm run test:company-tax-return && npm run test:company-tax-return-xml && npm run test:company-tax-return-authority && npm run test:company-tax-return-authority-script && npm run test:review && npm run test:billing && npm run test:cancellation && npm run test:operator-support && npm run test:operator-mfa && npm run test:deadlines && npm run test:archive && npm run test:backup-restore && npm run test:security && npm run test:trusted-aal2-schema && npm run test:filing-release-gate && npm run test:production-filing-guide && npm run test:launch-copy && npm run test:launch-signoff && npm run test:validation-observation-launch-off && npm run test:legal-policy && npm run test:ci-gate


> talli-repository@0.1.0 test:opening
> node --experimental-strip-types --test tests/opening_balance.test.mjs

✔ new-year start replaces the duplicate browser opening policy (0.575208ms)
✔ public contract accepts only new-year business facts (0.12075ms)
ℹ tests 2
ℹ suites 0
ℹ pass 2
ℹ fail 0
ℹ cancelled 0
ℹ skipped 0
ℹ todo 0
ℹ duration_ms 61.259292

> talli-repository@0.1.0 test:documents
> node --experimental-strip-types --test apps/web/tests/documents-presentation.test.mjs tests/documents.test.mjs tests/document_removal_schema.test.mjs tests/documents_advisor_cleanup.test.mjs tests/documents_supported_pattern_evidence.test.mjs tests/workspace_presentation.test.mjs

✔ document presentation is a transport-only shape conversion (0.84775ms)
✔ signed upload uses exactly the backend-issued object and finalizes once (17.053459ms)
✔ an ambiguous signed-transfer error is not blindly finalized (0.609791ms)
✔ document metadata is forced-RLS capability state behind restricted functions (4.012166ms)
✔ safe removal is reference-aware, audited, and metadata-restoring (2.80225ms)
✔ all broad browser bucket policies and legacy removal execution are revoked (3.603ms)
✔ FastAPI is the only document lifecycle and object-operation policy boundary (3.493ms)
✔ web document paths retain only the one backend-issued signed upload (3.99025ms)
✔ other producers retain a DocumentId relationship and never create document metadata (2.364709ms)
✔ documents cleanup removes the residual browser metadata policy (3.516792ms)
✔ documents cleanup plans request-local settings once per statement (1.271584ms)
✔ documents advisor cleanup has an explicit predecessor rollback (4.254917ms)
✔ web source has no direct document metadata or object-storage persistence (48.129625ms)
✔ neighboring application capabilities retain identifiers but no document writers (313.660958ms)
✔ document backup remains a document-owned projection consumed by legacy archive composition (0.919625ms)
✔ customer forms do not seed synthetic accounting facts (4.800208ms)
✔ dashboard enters the dedicated annual workspace (2.594667ms)
ℹ tests 17
ℹ suites 0
ℹ pass 17
ℹ fail 0
ℹ cancelled 0
ℹ skipped 0
ℹ todo 0
ℹ duration_ms 417.975917

> talli-repository@0.1.0 test:bank
> uv run --project apps/backend pytest -c apps/backend/pyproject.toml apps/backend/tests/test_banking.py apps/backend/tests/test_banking_api.py -q

..............                                                           [100%]
14 passed in 1.43s

> talli-repository@0.1.0 test:bank-suggestions
> node --experimental-strip-types --test tests/bank_suggestion_schema.test.mjs tests/bank_suggestion_integration.test.mjs

✔ banking coordinator revalidates the suggestion inside the atomic writer (2.676792ms)
✔ transaction queue requires an explicit owner submit for every suggestion (0.681375ms)
✔ bank suggestion approvals are immutable and posted atomically (2.4605ms)
✔ database independently validates rule, version, direction, ambiguity, and period lock (0.712458ms)
ℹ tests 4
ℹ suites 0
ℹ pass 4
ℹ fail 0
ℹ cancelled 0
ℹ skipped 0
ℹ todo 0
ℹ duration_ms 51.889792

> talli-repository@0.1.0 test:deployed-contract
> node --test tests/deployed_schema_contract.test.mjs

✔ deployed schema contract covers every post-baseline product capability (0.827209ms)
✔ reports only missing OpenAPI paths in stable order (0.120667ms)
✔ reports compatibility paths that survived a completed stage exit (0.088792ms)
✔ fails closed when the response is not a PostgREST OpenAPI document (0.715334ms)
✔ contracted Tax schema needs no retired import RPC and rejects its restoration (0.151959ms)
ℹ tests 5
ℹ suites 0
ℹ pass 5
ℹ fail 0
ℹ cancelled 0
ℹ skipped 0
ℹ todo 0
ℹ duration_ms 53.430167

> talli-repository@0.1.0 test:supabase-grants
> node --test tests/supabase_explicit_grants.test.mjs

✔ Supabase Data API grants fail closed for anon and explicitly enable service_role (3.422084ms)
✔ anonymous sessions cannot invoke authenticated mutation RPCs (0.773875ms)
✔ Systembruker request objects have explicit least-privilege grants (1.178292ms)
ℹ tests 3
ℹ suites 0
ℹ pass 3
ℹ fail 0
ℹ cancelled 0
ℹ skipped 0
ℹ todo 0
ℹ duration_ms 52.024208

> talli-repository@0.1.0 test:provider-ports
> node --experimental-strip-types --test tests/provider_ports.test.mjs

✔ bank provider port fails closed until a provider is approved (0.685333ms)
✔ bank webhook receipts are replay-safe without persisting raw provider identifiers (0.450625ms)
✔ bank diagnostics redact bearer and credential material (0.20375ms)
✔ document extraction port validates tenant scope and remains disabled (0.19475ms)
✔ extraction output is always review-required and restricted to supported fields (1.184375ms)
ℹ tests 5
ℹ suites 0
ℹ pass 5
ℹ fail 0
ℹ cancelled 0
ℹ skipped 0
ℹ todo 0
ℹ duration_ms 81.868083

> talli-repository@0.1.0 test:manual-journal
> uv run --project apps/backend pytest apps/backend/tests/test_ledger.py apps/backend/tests/test_ledger_api.py -k manual -q && node --test apps/web/tests/ledger-presentation.test.mjs

....                                                                     [100%]
4 passed, 45 deselected in 1.15s
✔ an in-progress idempotent command preserves its operation id for retry (0.690958ms)
✔ ledger errors keep the frozen plain-Norwegian guidance (0.148042ms)
✔ year-scoped opening transport sends one exact company/year read and preserves zero or one row (15.831042ms)
✔ year-scoped opening transport rejects another year without a broader or repeated read (0.648416ms)
✔ year-scoped opening transport rejects another company without a broader or repeated read (1.007792ms)
✔ year-scoped opening transport rejects multiple snapshots without a broader or repeated read (0.392ms)
✔ year-scoped opening transport rejects a continuation page without a broader or repeated read (0.280834ms)
✔ year-scoped opening transport rejects a hidden continuation cursor without a broader or repeated read (0.230042ms)
✔ year-scoped opening transport rejects an incomplete page without a broader or repeated read (0.232333ms)
✔ year-scoped opening transport rejects inconsistent share capital without a broader or repeated read (0.31025ms)
✔ year-scoped opening transport rejects a holder bound to another setup without a broader or repeated read (0.285667ms)
✔ year-scoped opening transport rejects inconsistent shareholder totals without a broader or repeated read (0.22425ms)
✔ opening-snapshot transport chunks companies and follows opaque pages (1.07925ms)
✔ opening-snapshot compatibility projection preserves the frozen shape (0.134917ms)
✔ opening-snapshot decoders reject malformed collections and invariants (0.61475ms)
✔ ledger query transport follows opaque pages through the generated client (0.472041ms)
✔ reconstruction readiness comes from the generated backend contract (0.417333ms)
✔ current company-year close comes from the generated read-only backend contract (0.320583ms)
✔ company-year close presentation distinguishes stale and blocked assessments (0.090667ms)
✔ generated reconstruction decoder rejects unknown gap codes (0.141125ms)
✔ generated reconstruction decoder preserves historical null and rejects partial bindings (0.286708ms)
✔ generated company-year close decoder rejects unknown gap codes (0.1175ms)
✔ generated ledger query rejects a partial expanded source pair (0.209875ms)
✔ source-aware ledger query fails closed against a source-unaware backend (0.200791ms)
✔ source-aware ledger queries opt into the expanded response (0.159459ms)
✔ ledger mutation transport injects decimal money and idempotency headers (0.220709ms)
✔ administrative-cost transport requires exact purpose-bound success evidence (0.430458ms)
✔ new-year start uses the generated atomic workflow without exposing ledger lines (0.197917ms)
✔ new-year start rejects malformed or non-opening success evidence (0.185167ms)
✔ opening setup action has no direct business persistence or duplicate posting policy (0.718375ms)
✔ manual journals and period locks reconcile their frozen audit continuation (0.41525ms)
✔ ledger presentation maps generated facts without recreating posting policy (0.26425ms)
✔ opening entries recover their setup identity from canonical ledger source facts (0.212ms)
✔ archive presentation preserves the complete frozen ledger row projection (0.094625ms)
✔ ledger period-lock transport returns an empty result without a backend call (0.056625ms)
✔ every approved ledger-coordinator form submits one operation ID (1.003667ms)
✔ client action wizards keep one stable operation ID for their mounted form (0.087583ms)
✔ ledger retry IDs are plumbed only to the matching page form (0.356375ms)
✔ all relocated transactional writers use the stable operation ID at the generated boundary (0.623792ms)
✔ share purchases and sales use the investments generated interface (0.218208ms)
✔ share-sale wizard submits intent without duplicating authoritative FIFO policy (0.103625ms)
✔ committed retries reach the coordinator before mutable legacy state can reject them (0.361166ms)
✔ unknown coordinator outcomes preserve only the scoped retry operation (0.57ms)
ℹ tests 43
ℹ suites 0
ℹ pass 43
ℹ fail 0
ℹ cancelled 0
ℹ skipped 0
ℹ todo 0
ℹ duration_ms 148.387125

> talli-repository@0.1.0 test:share-purchase
> uv run --project apps/backend pytest -c apps/backend/pyproject.toml apps/backend/tests/test_investments.py apps/backend/tests/test_investments_public_contract.py apps/backend/tests/test_investments_workflow.py apps/backend/tests/test_investments_api.py -q && node --test apps/web/tests/investments-presentation.test.mjs && npm run test:investments-database-lifecycle

.................................................                        [100%]
49 passed in 3.08s
✔ investments transport uses generated routes, auth, idempotency, and opaque paging (18.973042ms)
✔ investment unit reads reject lossy wire values (0.876708ms)
✔ investment position reads preserve contract-declared lifecycle movement facts (0.233458ms)
✔ investment unit presentation stays decimal-string exact (0.16725ms)
✔ investments presentation maps canonical wire facts without owning policy (1.880792ms)
✔ investments errors preserve retry identity only for unknown outcomes (0.171666ms)
✔ investment actions require explicit owner and dividend attestations (1.791334ms)
✔ investment wizard controls can shrink inside the mobile grid (0.291208ms)
ℹ tests 8
ℹ suites 0
ℹ pass 8
ℹ fail 0
ℹ cancelled 0
ℹ skipped 0
ℹ todo 0
ℹ duration_ms 132.667375

> talli-repository@0.1.0 test:investments-database-lifecycle
> node --test --test-concurrency=1 tests/investments_capability_schema.test.mjs tests/investments_database_runtime.test.mjs

✔ the complete local database gate includes the investments lifecycle (1.312792ms)
✔ bank facts are claimed atomically through one restricted reversible routine (1.419833ms)
✔ year-end measurement is executable, restricted, and reverses fail closed (0.718625ms)
✔ lifecycle public cutover removes every v1 writer grant reversibly (1.997125ms)
✔ contract and rollback artifacts bound hosted backend-system DDL authority (1.567875ms)
✔ forward correction-source replay stays insert-only across rollback (0.29875ms)
✔ expand and workflow keep predecessor and successor stores coherent (0.723167ms)
✔ canonical investments tables are forced-RLS and runtime roles do not own them (0.549875ms)
✔ investment lifecycle expansion separates recognition, settlement, and measurement (1.614125ms)
✔ investment lifecycle workflow persists recognition and settlement separately (2.210583ms)
✔ share-sale lifecycle recognizes exact FIFO facts before separate settlement (1.023667ms)
✔ income lifecycle separates declaration or entitlement from cash receipt (1.0695ms)
✔ lifecycle corrections preserve history and supersede only equal settlements (1.197125ms)
✔ sale workflow owns FIFO persistence behind restricted investments functions (1.041125ms)
✔ contract reconciles live state before removing predecessor production names (0.451542ms)
✔ rollback disables successor first, preserves data, and is recutover-safe (0.351833ms)
✔ sale contract reconciles FIFO state before removing predecessor names (0.420875ms)
✔ sale rollback is non-destructive and recutover-safe (0.345334ms)
✔ received-dividend workflow owns policy persistence behind restricted functions (0.590959ms)
✔ received-dividend contract reconciles before predecessor removal (0.288542ms)
✔ received-dividend rollback is non-destructive and recutover-safe (0.2275ms)
✔ allocation identities remain stable across the overlap window (0.240917ms)
✔ complete stage exit reconciles before deleting every investment predecessor (0.8715ms)
✔ complete stage exit removes overlap-era and duplicate write policies (0.672917ms)
✔ complete stage exit binds canonical investment writes to archive freshness (0.981333ms)
✔ supported patterns keep writes private and publish correction lineage (2.168292ms)
✔ supported-pattern rollback restores the exact predecessor or refuses after new data (0.356625ms)
✔ supported-pattern authority cleanup grants no runtime authority (0.656459ms)
✔ manual-evidence migration bounds owner authority after cleanup (0.505125ms)
✔ lifecycle measurement bounds owner authority after cleanup (0.238416ms)
✔ measurement reversals and investment boundaries are executable and reversible (1.412125ms)
✔ settled wrong-amount corrections bind both reversals atomically (0.581709ms)
✔ investments schema is private, forced-RLS, and restricted-role owned (21587.067708ms)
ℹ tests 33
ℹ suites 0
ℹ pass 33
ℹ fail 0
ℹ cancelled 0
ℹ skipped 0
ℹ todo 0
ℹ duration_ms 21715.918459

> talli-repository@0.1.0 test:share-sale
> uv run --project apps/backend pytest -c apps/backend/pyproject.toml apps/backend/tests/test_investments.py apps/backend/tests/test_investments_public_contract.py apps/backend/tests/test_investments_workflow.py apps/backend/tests/test_investments_api.py apps/backend/tests/test_supabase_investments.py -q && node --test apps/web/tests/investments-presentation.test.mjs apps/web/tests/ledger-presentation.test.mjs && npm run test:investments-database-lifecycle

................................................................         [100%]
64 passed in 3.11s
✔ investments transport uses generated routes, auth, idempotency, and opaque paging (20.428875ms)
✔ investment unit reads reject lossy wire values (0.892125ms)
✔ investment position reads preserve contract-declared lifecycle movement facts (0.22425ms)
✔ investment unit presentation stays decimal-string exact (0.172708ms)
✔ investments presentation maps canonical wire facts without owning policy (1.490208ms)
✔ investments errors preserve retry identity only for unknown outcomes (0.108125ms)
✔ investment actions require explicit owner and dividend attestations (1.540833ms)
✔ investment wizard controls can shrink inside the mobile grid (0.246875ms)
✔ an in-progress idempotent command preserves its operation id for retry (0.780708ms)
✔ ledger errors keep the frozen plain-Norwegian guidance (0.143458ms)
✔ year-scoped opening transport sends one exact company/year read and preserves zero or one row (15.694916ms)
✔ year-scoped opening transport rejects another year without a broader or repeated read (1.143166ms)
✔ year-scoped opening transport rejects another company without a broader or repeated read (0.404709ms)
✔ year-scoped opening transport rejects multiple snapshots without a broader or repeated read (0.370375ms)
✔ year-scoped opening transport rejects a continuation page without a broader or repeated read (0.278ms)
✔ year-scoped opening transport rejects a hidden continuation cursor without a broader or repeated read (0.22975ms)
✔ year-scoped opening transport rejects an incomplete page without a broader or repeated read (0.24325ms)
✔ year-scoped opening transport rejects inconsistent share capital without a broader or repeated read (0.305333ms)
✔ year-scoped opening transport rejects a holder bound to another setup without a broader or repeated read (0.292375ms)
✔ year-scoped opening transport rejects inconsistent shareholder totals without a broader or repeated read (0.235292ms)
✔ opening-snapshot transport chunks companies and follows opaque pages (1.044417ms)
✔ opening-snapshot compatibility projection preserves the frozen shape (0.129917ms)
✔ opening-snapshot decoders reject malformed collections and invariants (0.567417ms)
✔ ledger query transport follows opaque pages through the generated client (0.465542ms)
✔ reconstruction readiness comes from the generated backend contract (0.401709ms)
✔ current company-year close comes from the generated read-only backend contract (0.296833ms)
✔ company-year close presentation distinguishes stale and blocked assessments (0.082959ms)
✔ generated reconstruction decoder rejects unknown gap codes (0.127167ms)
✔ generated reconstruction decoder preserves historical null and rejects partial bindings (0.263042ms)
✔ generated company-year close decoder rejects unknown gap codes (0.10975ms)
✔ generated ledger query rejects a partial expanded source pair (0.189917ms)
✔ source-aware ledger query fails closed against a source-unaware backend (0.1715ms)
✔ source-aware ledger queries opt into the expanded response (0.15075ms)
✔ ledger mutation transport injects decimal money and idempotency headers (0.19125ms)
✔ administrative-cost transport requires exact purpose-bound success evidence (0.643542ms)
✔ new-year start uses the generated atomic workflow without exposing ledger lines (0.239459ms)
✔ new-year start rejects malformed or non-opening success evidence (0.225042ms)
✔ opening setup action has no direct business persistence or duplicate posting policy (0.552208ms)
✔ manual journals and period locks reconcile their frozen audit continuation (0.402709ms)
✔ ledger presentation maps generated facts without recreating posting policy (0.254541ms)
✔ opening entries recover their setup identity from canonical ledger source facts (0.195792ms)
✔ archive presentation preserves the complete frozen ledger row projection (0.099583ms)
✔ ledger period-lock transport returns an empty result without a backend call (0.057083ms)
✔ every approved ledger-coordinator form submits one operation ID (0.982542ms)
✔ client action wizards keep one stable operation ID for their mounted form (0.069125ms)
✔ ledger retry IDs are plumbed only to the matching page form (0.281334ms)
✔ all relocated transactional writers use the stable operation ID at the generated boundary (0.528417ms)
✔ share purchases and sales use the investments generated interface (0.18975ms)
✔ share-sale wizard submits intent without duplicating authoritative FIFO policy (0.065084ms)
✔ committed retries reach the coordinator before mutable legacy state can reject them (0.332125ms)
✔ unknown coordinator outcomes preserve only the scoped retry operation (0.530167ms)
ℹ tests 51
ℹ suites 0
ℹ pass 51
ℹ fail 0
ℹ cancelled 0
ℹ skipped 0
ℹ todo 0
ℹ duration_ms 147.714333

> talli-repository@0.1.0 test:investments-database-lifecycle
> node --test --test-concurrency=1 tests/investments_capability_schema.test.mjs tests/investments_database_runtime.test.mjs

✔ the complete local database gate includes the investments lifecycle (1.243917ms)
✔ bank facts are claimed atomically through one restricted reversible routine (1.288542ms)
✔ year-end measurement is executable, restricted, and reverses fail closed (0.671875ms)
✔ lifecycle public cutover removes every v1 writer grant reversibly (1.798208ms)
✔ contract and rollback artifacts bound hosted backend-system DDL authority (1.307167ms)
✔ forward correction-source replay stays insert-only across rollback (0.281209ms)
✔ expand and workflow keep predecessor and successor stores coherent (0.686083ms)
✔ canonical investments tables are forced-RLS and runtime roles do not own them (0.534708ms)
✔ investment lifecycle expansion separates recognition, settlement, and measurement (1.60475ms)
✔ investment lifecycle workflow persists recognition and settlement separately (1.933458ms)
✔ share-sale lifecycle recognizes exact FIFO facts before separate settlement (1.038417ms)
✔ income lifecycle separates declaration or entitlement from cash receipt (1.120625ms)
✔ lifecycle corrections preserve history and supersede only equal settlements (1.210083ms)
✔ sale workflow owns FIFO persistence behind restricted investments functions (1.042917ms)
✔ contract reconciles live state before removing predecessor production names (0.559167ms)
✔ rollback disables successor first, preserves data, and is recutover-safe (0.388083ms)
✔ sale contract reconciles FIFO state before removing predecessor names (0.448583ms)
✔ sale rollback is non-destructive and recutover-safe (0.361167ms)
✔ received-dividend workflow owns policy persistence behind restricted functions (0.615708ms)
✔ received-dividend contract reconciles before predecessor removal (0.301792ms)
✔ received-dividend rollback is non-destructive and recutover-safe (0.229375ms)
✔ allocation identities remain stable across the overlap window (0.239041ms)
✔ complete stage exit reconciles before deleting every investment predecessor (0.90175ms)
✔ complete stage exit removes overlap-era and duplicate write policies (0.689875ms)
✔ complete stage exit binds canonical investment writes to archive freshness (0.940083ms)
✔ supported patterns keep writes private and publish correction lineage (2.140584ms)
✔ supported-pattern rollback restores the exact predecessor or refuses after new data (0.341542ms)
✔ supported-pattern authority cleanup grants no runtime authority (0.608958ms)
✔ manual-evidence migration bounds owner authority after cleanup (0.510458ms)
✔ lifecycle measurement bounds owner authority after cleanup (0.354209ms)
✔ measurement reversals and investment boundaries are executable and reversible (1.357833ms)
✔ settled wrong-amount corrections bind both reversals atomically (0.560709ms)
✔ investments schema is private, forced-RLS, and restricted-role owned (20896.264125ms)
ℹ tests 33
ℹ suites 0
ℹ pass 33
ℹ fail 0
ℹ cancelled 0
ℹ skipped 0
ℹ todo 0
ℹ duration_ms 21025.061833

> talli-repository@0.1.0 test:investment-lots-schema
> node --test tests/investment_lots_schema.test.mjs

✔ FIFO migration owns lot history and atomic investment writes (2.673458ms)
✔ legacy positions fail closed until lot history is reconstructed (0.707667ms)
ℹ tests 2
ℹ suites 0
ℹ pass 2
ℹ fail 0
ℹ cancelled 0
ℹ skipped 0
ℹ todo 0
ℹ duration_ms 51.635709

> talli-repository@0.1.0 test:dividend-received
> uv run --project apps/backend pytest apps/backend/tests/test_investments.py apps/backend/tests/test_investments_workflow.py apps/backend/tests/test_investments_api.py apps/backend/tests/test_supabase_investments.py -k 'dividend or activity' -q && node --test apps/web/tests/investments-presentation.test.mjs && node --test tests/investments_capability_schema.test.mjs tests/investments_database_runtime.test.mjs

..........                                                               [100%]
10 passed, 51 deselected in 1.07s
✔ investments transport uses generated routes, auth, idempotency, and opaque paging (20.482708ms)
✔ investment unit reads reject lossy wire values (0.961041ms)
✔ investment position reads preserve contract-declared lifecycle movement facts (0.244458ms)
✔ investment unit presentation stays decimal-string exact (0.180583ms)
✔ investments presentation maps canonical wire facts without owning policy (1.58475ms)
✔ investments errors preserve retry identity only for unknown outcomes (0.112708ms)
✔ investment actions require explicit owner and dividend attestations (1.740958ms)
✔ investment wizard controls can shrink inside the mobile grid (0.339959ms)
ℹ tests 8
ℹ suites 0
ℹ pass 8
ℹ fail 0
ℹ cancelled 0
ℹ skipped 0
ℹ todo 0
ℹ duration_ms 136.177875
✔ the complete local database gate includes the investments lifecycle (1.089833ms)
✔ bank facts are claimed atomically through one restricted reversible routine (1.293834ms)
✔ year-end measurement is executable, restricted, and reverses fail closed (0.738792ms)
✔ lifecycle public cutover removes every v1 writer grant reversibly (1.885708ms)
✔ contract and rollback artifacts bound hosted backend-system DDL authority (1.566208ms)
✔ forward correction-source replay stays insert-only across rollback (0.323667ms)
✔ expand and workflow keep predecessor and successor stores coherent (0.736542ms)
✔ canonical investments tables are forced-RLS and runtime roles do not own them (0.567667ms)
✔ investment lifecycle expansion separates recognition, settlement, and measurement (1.766083ms)
✔ investment lifecycle workflow persists recognition and settlement separately (2.198208ms)
✔ share-sale lifecycle recognizes exact FIFO facts before separate settlement (0.998125ms)
✔ income lifecycle separates declaration or entitlement from cash receipt (1.112708ms)
✔ lifecycle corrections preserve history and supersede only equal settlements (1.406958ms)
✔ sale workflow owns FIFO persistence behind restricted investments functions (1.1525ms)
✔ contract reconciles live state before removing predecessor production names (0.486166ms)
✔ rollback disables successor first, preserves data, and is recutover-safe (0.396875ms)
✔ sale contract reconciles FIFO state before removing predecessor names (0.529459ms)
✔ sale rollback is non-destructive and recutover-safe (0.376959ms)
✔ received-dividend workflow owns policy persistence behind restricted functions (0.648584ms)
✔ received-dividend contract reconciles before predecessor removal (0.339917ms)
✔ received-dividend rollback is non-destructive and recutover-safe (0.259125ms)
✔ allocation identities remain stable across the overlap window (0.267ms)
✔ complete stage exit reconciles before deleting every investment predecessor (0.990625ms)
✔ complete stage exit removes overlap-era and duplicate write policies (1.268417ms)
✔ complete stage exit binds canonical investment writes to archive freshness (1.260875ms)
✔ supported patterns keep writes private and publish correction lineage (5.292125ms)
✔ supported-pattern rollback restores the exact predecessor or refuses after new data (0.60025ms)
✔ supported-pattern authority cleanup grants no runtime authority (1.382416ms)
✔ manual-evidence migration bounds owner authority after cleanup (0.788167ms)
✔ lifecycle measurement bounds owner authority after cleanup (0.353083ms)
✔ measurement reversals and investment boundaries are executable and reversible (2.432625ms)
✔ settled wrong-amount corrections bind both reversals atomically (0.777334ms)
✔ investments schema is private, forced-RLS, and restricted-role owned (20844.672708ms)
ℹ tests 33
ℹ suites 0
ℹ pass 33
ℹ fail 0
ℹ cancelled 0
ℹ skipped 0
ℹ todo 0
ℹ duration_ms 20898.046208

> talli-repository@0.1.0 test:owner-dividend
> node --experimental-strip-types --test tests/owner_dividend.test.mjs

✔ legacy owner-dividend accounting and placeholder helpers are gone (0.673542ms)
✔ dividend basis and fact hashes are owned by the Python governance capability (0.326458ms)
✔ server sends owner-dividend intent to governance without duplicating policy (0.4655ms)
✔ wizard reviews all owners and meeting facts with proportional allocation only (0.465042ms)
✔ workspace no longer embeds the legacy posting form or placeholder copy (0.203583ms)
ℹ tests 5
ℹ suites 0
ℹ pass 5
ℹ fail 0
ℹ cancelled 0
ℹ skipped 0
ℹ todo 0
ℹ duration_ms 57.143167

> talli-repository@0.1.0 test:owner-dividend-payment
> node --experimental-strip-types --test tests/owner_dividend_payment.test.mjs

✔ server delegates policy-bound accounting atomically to governance (0.760375ms)
✔ workspace presents only eligible transactions for each finalized open payable (0.211833ms)
ℹ tests 2
ℹ suites 0
ℹ pass 2
ℹ fail 0
ℹ cancelled 0
ℹ skipped 0
ℹ todo 0
ℹ duration_ms 53.594333

> talli-repository@0.1.0 test:shareholder-loan
> node --experimental-strip-types --test tests/shareholder_loan.test.mjs

✔ shareholder-loan intent crosses only the governance generated boundary (0.652ms)
✔ active Supabase integration no longer imports or exercises browser-owned loan policy (0.300375ms)
✔ shareholder-loan wizard submits intent without owning domain or ledger policy (0.126583ms)
ℹ tests 3
ℹ suites 0
ℹ pass 3
ℹ fail 0
ℹ cancelled 0
ℹ skipped 0
ℹ todo 0
ℹ duration_ms 55.104

> talli-repository@0.1.0 test:annual-data
> node --experimental-strip-types --test tests/annual_data.test.mjs

✔ builds structured year-end answers without free text (0.796709ms)
✔ does not mark activity years as no-activity (0.082917ms)
✔ seeds recorded activity into an unsaved year-end interview (0.094291ms)
✔ recorded activity cannot be hidden by a stale saved false answer (0.061625ms)
✔ keeps user confirmations independent from registered activity (0.06975ms)
ℹ tests 5
ℹ suites 0
ℹ pass 5
ℹ fail 0
ℹ cancelled 0
ℹ skipped 0
ℹ todo 0
ℹ duration_ms 80.343792

> talli-repository@0.1.0 test:annual-readiness
> node --experimental-strip-types --test tests/annual_readiness_gates.test.mjs

✔ evaluates ready state separately for all annual obligations (2.791875ms)
✔ returns hard blocks for missing permission and billing (0.221667ms)
✔ composes a clear owned Tax assessment with no-activity annual data (0.159542ms)
✔ keeps accepted warnings separate from open warnings (0.234375ms)
✔ reports open warnings and obligation-specific blocks (0.703666ms)
✔ Annual cannot turn missing or wrong-scope Tax preview into ready (0.097291ms)
✔ Annual cannot turn missing or wrong-scope Tax preview into ready (0.066375ms)
✔ Annual cannot turn missing or wrong-scope Tax preview into ready (0.07225ms)
✔ Annual cannot turn missing or wrong-scope Tax preview into ready (0.116583ms)
ℹ tests 9
ℹ suites 0
ℹ pass 9
ℹ fail 0
ℹ cancelled 0
ℹ skipped 0
ℹ todo 0
ℹ duration_ms 90.526375

> talli-repository@0.1.0 test:annual-corporate-documents
> node --experimental-strip-types --test tests/annual_corporate_documents.test.mjs

✔ annual basis helpers were removed from the web authority boundary (1.779834ms)
✔ annual decisions render only inside the Python backend (1.093375ms)
✔ annual readiness is read from the Python governance API (1.094792ms)
✔ annual server action uses backend canonicalization and rendered artifacts (0.538792ms)
✔ year-end and filing UI expose the annual corporate lifecycle honestly (0.629417ms)
ℹ tests 5
ℹ suites 0
ℹ pass 5
ℹ fail 0
ℹ cancelled 0
ℹ skipped 0
ℹ todo 0
ℹ duration_ms 62.15725

> talli-repository@0.1.0 test:authority-evidence
> node --experimental-strip-types --test tests/authority_test_evidence.test.mjs tests/annual_accounts_authority_evidence_import.test.mjs tests/company_tax_return_authority_evidence_import.test.mjs tests/rf1086_tt02_evidence.test.mjs tests/company_tax_return_tt02_evidence.test.mjs tests/annual_accounts_tt02_evidence.test.mjs

✔ runtime imports validated RR0002 evidence as pending without enabling production (0.791292ms)
✔ workspace offers a JSON evidence import and defaults manual evidence to pending (0.21ms)
✔ annual-accounts TT02 evidence is submitted, archived, test-only, and secret-free (3.231375ms)
✔ builds accepted authority test evidence with receipt and archive refs (0.500583ms)
✔ imports submitted annual-accounts TT02 evidence as pending runtime evidence (1.235ms)
✔ imports completed company-tax TT02 evidence as company- and year-bound pending evidence (61.283125ms)
✔ company-tax TT02 import fails closed on identity, authority, handoff, receipt, or archive mismatches (630.93175ms)
✔ annual-accounts TT02 import fails closed on company, production, and submission mismatches (0.376083ms)
✔ requires test reference and recorder (1.273584ms)
✔ gate requires accepted evidence with receipt and archive refs (0.152625ms)
✔ gate surfaces latest rejected, blocked, and pending evidence (7.491417ms)
✔ legacy predecessor migration links test-authority submissions without opening the direct-write policy (1.775792ms)
✔ legacy predecessor migration exposes one authenticated owner-AAL2-protected atomic import RPC (1.026875ms)
✔ RPC evidence URLs use one canonical HTTPS grammar and reject traversal (0.272041ms)
✔ RPC retries compare evidence content without replacing the original actors (0.161834ms)
✔ owner evidence import uses the authenticated Company Tax API and stable errors (0.261958ms)
✔ workspace offers a company-tax JSON evidence import bound to the active year (0.1615ms)
✔ company-tax TT02 evidence is submitted, receipted, archived, test-only, and secret-free (4.251125ms)
✔ RF-1086 TT02 evidence is accepted, complete, and secret-free (3.077208ms)
ℹ tests 19
ℹ suites 0
ℹ pass 19
ℹ fail 0
ℹ cancelled 0
ℹ skipped 0
ℹ todo 0
ℹ duration_ms 790.372583

> talli-repository@0.1.0 test:authority-adapters
> node --experimental-strip-types --test tests/authority_adapters.test.mjs

✔ RF-1086 transport is implemented but every production authority adapter remains disabled (0.966208ms)
✔ RF-1086 plan preserves XML document, confirmation, feedback, and receipt sequence (0.095625ms)
✔ tax return and annual accounts plans require an ID-porten person signing handoff (0.108417ms)
ℹ tests 3
ℹ suites 0
ℹ pass 3
ℹ fail 0
ℹ cancelled 0
ℹ skipped 0
ℹ todo 0
ℹ duration_ms 80.962417

> talli-repository@0.1.0 test:authority-operations
> uv run --project apps/backend pytest -c apps/backend/pyproject.toml apps/backend/tests/test_authority_operations.py apps/backend/tests/test_altinn_authority_operations.py apps/backend/tests/test_authority_operations_api.py -q && node --test tests/authority_operations_schema.test.mjs tests/authority_operations_actions.test.mjs

........................................................................ [ 47%]
........................................................................ [ 94%]
.........                                                                [100%]
153 passed in 2.72s
✔ authority actions carry exact intent to the authenticated backend without web audit or credentials (0.710292ms)
✔ operator UI exposes only the immutable RF-1086 operation and redacted results (0.1835ms)
✔ operator audit history uses generated transport and retains current-admin UI visibility (0.118208ms)
✔ callback operation carries only its fixed action identity through the shared transport (0.106917ms)
✔ operator callback UI is native, exact, and honest about its narrow effect (0.438792ms)
✔ authority operations are constrained, RLS protected, and service-written (0.904958ms)
✔ rollback revokes access before dropping the table (0.486583ms)
✔ callback operation migration expands only the constrained safe audit contract (0.466375ms)
✔ callback rollback removes callback rows before restoring the original constraints (0.856959ms)
ℹ tests 9
ℹ suites 0
ℹ pass 9
ℹ fail 0
ℹ cancelled 0
ℹ skipped 0
ℹ todo 0
ℹ duration_ms 53.693958

> talli-repository@0.1.0 test:maskinporten
> uv run --project apps/backend pytest -c apps/backend/pyproject.toml apps/backend/tests/test_maskinporten.py apps/backend/tests/test_authority_tool_grant.py -q

........................................................................ [ 69%]
................................                                         [100%]
104 passed in 9.91s

> talli-repository@0.1.0 test:system-user-requests
> uv run --project apps/backend pytest -c apps/backend/pyproject.toml apps/backend/tests/test_authority_connections_service.py apps/backend/tests/test_authority_connections_api.py apps/backend/tests/test_altinn_system_user.py apps/backend/tests/test_authority_callback_transport.py apps/backend/tests/test_authority_connections_state_workflow.py -q && node --test tests/system_user_callback_route.test.mjs apps/web/tests/authority-connections-transport.test.mjs

........................................................................ [ 37%]
........................................................................ [ 74%]
..................................................                       [100%]
194 passed in 3.93s
✔ company connection reads batch more than 100 memberships without dropping or trusting unrelated records (29.390584ms)
✔ authorityConnectionsStartSystemUserRequest carries only intent identity through authenticated no-store generated transport (0.393334ms)
✔ authorityConnectionsRetrySystemUserRequest carries only intent identity through authenticated no-store generated transport (0.22025ms)
✔ authorityConnectionsReconcileSystemUserRequest carries only intent identity through authenticated no-store generated transport (0.200292ms)
✔ callback generated transport forwards proof separately from its sole request identity (0.236041ms)
✔ generated authority result rejects unknown statuses and malformed response contracts (0.629375ms)
✔ generated operator mutation preserves exact audit identity and redacted response (0.683959ms)
✔ technical signoff command has no recording actor or trusted timestamp (0.297917ms)
✔ production route import defers canonical origin validation until a callback request (94.540125ms)
✔ callback redirects use only the fixed Talli origin, with localhost limited to non-production (0.409834ms)
✔ callback ignores all query parameters and forwards only its local cookie with bound server proof (2.375625ms)
✔ missing or invalid cookie, missing session, and missing transport key fail before backend effects (0.523208ms)
✔ backend owner, stale-request or provider rejection exposes no private diagnostic (0.23225ms)
✔ callback rejects a backend result for another request (0.148834ms)
✔ callback maps only existing local presentation states (0.841459ms)
✔ web callback proof interoperates with the backend verifier and binds request plus bearer (23.792ms)
ℹ tests 16
ℹ suites 0
ℹ pass 16
ℹ fail 0
ℹ cancelled 0
ℹ skipped 0
ℹ todo 0
ℹ duration_ms 248.580959

> talli-repository@0.1.0 test:rf1086:authority-client
> uv run --project apps/backend pytest -c apps/backend/pyproject.toml apps/backend/tests/test_rf1086_authority.py apps/backend/tests/test_authority_tool_rf1086.py -q

........................................................................ [ 42%]
........................................................................ [ 85%]
.........................                                                [100%]
169 passed in 9.86s

> talli-repository@0.1.0 test:rf1086:production-pilot
> node --experimental-strip-types --test tests/production_pilot.test.mjs tests/production_submission.test.mjs tests/controlled_production_beta_schema.test.mjs tests/rf1086_production_environment.test.mjs tests/controlled_production_beta_actions.test.mjs tests/rf1086_production_runbook.test.mjs && uv run --project apps/backend pytest -c apps/backend/pyproject.toml apps/backend/tests/test_shareholder_register_filing_production.py apps/backend/tests/test_postgres_shareholder_register_filing.py apps/backend/tests/test_shareholder_register_filing_api.py apps/backend/tests/test_legacy_rf1086_api.py -q

✔ operator entitlement action is exact and database-authorized (1.209959ms)
✔ owner approval delegates persisted identity and acknowledgement to the authenticated RF boundary (0.242916ms)
✔ send action carries only approval identity through the authenticated backend transport (0.167ms)
✔ owner connection actions accept only local UUID selection and enforce fresh AAL2 before flow orchestration (0.315708ms)
✔ production UI never equates receipt transport with final acceptance (0.16625ms)
✔ production history reports unavailable backend reads through the existing error result (0.166542ms)
✔ all migrations use portable JSONB object checks (7.695375ms)
✔ creates a separate production-only aggregate with constrained states (2.362625ms)
✔ denies direct customer mutation and keeps authority events service-only (0.54575ms)
✔ approval and begin RPCs enforce owner AAL2 and an exact active entitlement (0.524375ms)
✔ acceptance requires explicit final authority evidence and events are append-only (0.194084ms)
✔ rollback revokes RPC access before dropping additive objects (0.133958ms)
✔ Systembruker binding preserves every existing production filing gate (0.609666ms)
✔ canonical RF relocation preserves physical production aggregates and uses dedicated authority (1.328542ms)
✔ canonical begin retains owner MFA, exact System User and Billing bindings, and every original release gate (0.920083ms)
✔ uses the backend's exact pilot decision without duplicating entitlement matching in the web app (0.797125ms)
✔ fails closed when the backend does not return a pilot or billing decision (0.135708ms)
✔ a non-exempt backend decision cannot skip the billing-refund signoff (0.108291ms)
✔ recovery presentation carries the recorded identity through the generated backend contract (1.056125ms)
✔ RF producer preserves the public Documents lifecycle and original filing linkage (0.213417ms)
✔ filing page auto-resumes pending reconciliation and always exposes manual retry (0.131875ms)
✔ legacy web default cannot infer backend production readiness from browser-host environment (0.6845ms)
✔ runbook covers the hand-held first production filing and immediate rollback (0.752709ms)
✔ release docs require callback verification before self-service activation (0.108834ms)
✔ runbook defines the activation order, recovery matrix, and local-proof boundary (0.278834ms)
ℹ tests 25
ℹ suites 0
ℹ pass 25
ℹ fail 0
ℹ cancelled 0
ℹ skipped 0
ℹ todo 0
ℹ duration_ms 92.390375
........................................................................ [ 24%]
........................................................................ [ 48%]
........................................................................ [ 72%]
........................................................................ [ 96%]
..........                                                               [100%]
298 passed in 19.61s

> talli-repository@0.1.0 test:python-runtime
> node --experimental-strip-types --test tests/python_runtime.test.mjs

✔ uses an explicit configured Python runtime (0.440833ms)
✔ finds the project virtualenv for local filing-engine calls (0.089583ms)
✔ fails closed when no dependency-complete Python runtime is configured (0.211584ms)
ℹ tests 3
ℹ suites 0
ℹ pass 3
ℹ fail 0
ℹ cancelled 0
ℹ skipped 0
ℹ todo 0
ℹ duration_ms 75.933792

> talli-repository@0.1.0 test:corporate-documents
> node --experimental-strip-types --test tests/corporate_documents.test.mjs tests/corporate_document_schema.test.mjs tests/corporate_document_database_runtime.test.mjs

✔ corporate lifecycle RPCs pass a fresh PostgreSQL rehearsal (2797.087667ms)
✔ corporate decision schema is immutable, tenant scoped, and hash bound (3.105583ms)
✔ accounting policy accounts are server-side reviewed facts (0.874833ms)
✔ database RPCs recompute canonical hashes and persisted accounting facts (1.776209ms)
✔ the web owns transport and presentation, not governance or rendering (2.795959ms)
ℹ tests 5
ℹ suites 0
ℹ pass 5
ℹ fail 0
ℹ cancelled 0
ℹ skipped 0
ℹ todo 0
ℹ duration_ms 2849.435708

> talli-repository@0.1.0 test:corporate-decision-workflow
> node --experimental-strip-types --test tests/corporate_decision_workflow.test.mjs

✔ signed corporate upload validates PDF bytes and delegates immutable storage identity (1.270334ms)
✔ server exposes step-up-protected immutable lifecycle actions (0.515792ms)
✔ review, signed attestation, and preview UI use honest owner-only copy (0.193ms)
✔ superseded decisions are terminal in the owner UI (0.132167ms)
ℹ tests 4
ℹ suites 0
ℹ pass 4
ℹ fail 0
ℹ cancelled 0
ℹ skipped 0
ℹ todo 0
ℹ duration_ms 87.979334

> talli-repository@0.1.0 test:corporate-governance-supported-events
> uv run --project apps/backend pytest -c apps/backend/pyproject.toml apps/backend/tests/test_corporate_governance.py apps/backend/tests/test_corporate_governance_public_contract.py apps/backend/tests/test_corporate_governance_supported_events.py apps/backend/tests/test_corporate_governance_workflow.py apps/backend/tests/test_corporate_governance_api.py apps/backend/tests/test_ledger_corrections.py -q && node --experimental-strip-types --test tests/corporate_governance_cross_output_reconciliation.test.mjs tests/archive_export.test.mjs tests/corporate_governance_review_fixes.test.mjs tests/ledger_supported_event_reversals_schema.test.mjs

........................................................................ [ 94%]
....                                                                     [100%]
76 passed in 2.79s
✔ builds company-year archive from persisted workspace rows (2.755625ms)
✔ archive download fetches only sanitized authority runs linked by submission id (0.892ms)
✔ archive ledger facts come through the generated capability query with a frozen projection (0.7615ms)
✔ #191 freezes the complete supported capital, financing, and group matrix (0.83825ms)
✔ every supported occurrence is cent-exact, balanced, signed, and source-addressable (0.286042ms)
✔ RF-1086 receives only registered issuer-capital facts (0.149709ms)
✔ group-contribution tax handoffs retain gross, tax, and after-tax amounts separately (0.081041ms)
✔ the pinned account set and immutable finalization contract stay executable (0.952834ms)
✔ corporate-governance manifests declare the implemented public surface (3.929416ms)
✔ backend workflow documentation has one canonical governance workflow (1.104875ms)
✔ lifecycle reader exposes migrated source-hash compatibility explicitly (1.137584ms)
✔ local gate rehearses predecessor ledger cutover before governance retires it (0.754291ms)
✔ complete gate uses the backend-managed Python runtime (0.586541ms)
✔ governance review regressions run in the complete acceptance boundary (0.47425ms)
✔ document evidence ownership is acyclic and declared (1.686625ms)
✔ document evidence registration cannot forge trusted actor or owner context (0.748917ms)
✔ historical document evidence uses a migration-only backfill contract (0.716625ms)
✔ future annual-data compatibility scopes remain frozen without a checker bypass (2.044667ms)
✔ canonical decision payloads share one serializer (0.619709ms)
✔ supported event reversals preserve immutable balanced lineage (3.276084ms)
ℹ tests 20
ℹ suites 0
ℹ pass 20
ℹ fail 0
ℹ cancelled 0
ℹ skipped 0
ℹ todo 0
ℹ duration_ms 83.308958

> talli-repository@0.1.0 test:rf1086:persisted
> uv run --project apps/backend pytest -c apps/backend/pyproject.toml apps/backend/tests/test_rf1086_rule_equivalence.py apps/backend/tests/test_rf1086_preparation.py apps/backend/tests/test_rf1086_source_facts.py -q

........................................................................ [ 60%]
................................................                         [100%]
120 passed in 0.24s

> talli-repository@0.1.0 test:rf1086:submission
> uv run --project apps/backend pytest -c apps/backend/pyproject.toml apps/backend/tests/test_rf1086_preparation.py apps/backend/tests/test_rf1086_offline_equivalence.py apps/backend/tests/test_rf1086_cli_equivalence.py -q

........................................................................ [ 80%]
..................                                                       [100%]
90 passed in 3.75s

> talli-repository@0.1.0 test:annual-accounts
> node --experimental-strip-types --test tests/annual_accounts_payload.test.mjs

✔ builds verified RR0002 annual accounts payload fields (1.005708ms)
✔ includes system costs, bank interest, and share-sale losses in annual result (0.133125ms)
✔ separates tax expense from result before tax and includes tax payable in debt (0.12725ms)
✔ returns annual accounts feedback for missing notes and unsupported cases (0.140042ms)
✔ persists annual accounts payload feedback into readiness gate shape (1.987292ms)
ℹ tests 5
ℹ suites 0
ℹ pass 5
ℹ fail 0
ℹ cancelled 0
ℹ skipped 0
ℹ todo 0
ℹ duration_ms 84.231209

> talli-repository@0.1.0 test:annual-accounts-xml
> node --experimental-strip-types --test tests/annual_accounts_xml.test.mjs

✔ renders deterministic live-schema RR0002 main and company-accounts XML (1.59325ms)
✔ rejects a payload with readiness blocks (0.29925ms)
✔ rejects unbalanced or fractional whole-kroner payloads (0.81925ms)
✔ rejects a missing field or mismatched official orid (0.230084ms)
✔ rejects a calendar-invalid approval date (0.098667ms)
ℹ tests 5
ℹ suites 0
ℹ pass 5
ℹ fail 0
ℹ cancelled 0
ℹ skipped 0
ℹ todo 0
ℹ duration_ms 83.01375

> talli-repository@0.1.0 test:annual-accounts-authority
> uv run --project apps/backend pytest -c apps/backend/pyproject.toml apps/backend/tests/test_authority_filing_transports.py -q

..............................................................           [100%]
62 passed in 0.12s

> talli-repository@0.1.0 test:annual-accounts-authority-script
> uv run --project apps/backend pytest -c apps/backend/pyproject.toml apps/backend/tests/test_authority_filing_tools.py -q && node --test tests/authority_tool_payload.test.mjs

........................................................................ [ 94%]
....                                                                     [100%]
76 passed in 4.27s
✔ annual subprocess uses the unchanged frozen generator and passes feedback (1.847416ms)
✔ payload subprocess rejects arbitrary module/path dispatch without reflecting input (68.660875ms)
ℹ tests 2
ℹ suites 0
ℹ pass 2
ℹ fail 0
ℹ cancelled 0
ℹ skipped 0
ℹ todo 0
ℹ duration_ms 148.94975

> talli-repository@0.1.0 test:company-tax-return
> node --experimental-strip-types --test tests/company_tax_return_payload.test.mjs

✔ builds 2025 schema-backed company tax return payload candidate (54.382833ms)
✔ uses the current-draft party number for both authority documents (52.203541ms)
✔ reconciles interest, costs, exempt gains, and non-deductible losses (52.906125ms)
✔ renders a negative taxable basis as a positive whole-number loss (52.545958ms)
✔ blocks unsupported tax treatment and shareholder loans (52.568791ms)
✔ builds no-activity payload candidate without activity warnings (51.596334ms)
✔ blocks unsupported owner dividend and blocking actions (53.231541ms)
✔ persists tax return payload feedback into skattemelding readiness (1.534333ms)
✔ archives pending company-tax TT02 feedback without relabeling it as a simulated receipt (0.53625ms)
ℹ tests 9
ℹ suites 0
ℹ pass 9
ℹ fail 0
ℹ cancelled 0
ℹ skipped 0
ℹ todo 0
ℹ duration_ms 453.011709

> talli-repository@0.1.0 test:company-tax-return-xml
> node --experimental-strip-types --test tests/company_tax_return_xml.test.mjs

✔ renders deterministic 2025 XML with escaped values and schema order (106.387ms)
✔ rendered XML validates against the pinned official schemas when supplied (125.507625ms)
ℹ tests 2
ℹ suites 0
ℹ pass 2
ℹ fail 0
ℹ cancelled 0
ℹ skipped 0
ℹ todo 0
ℹ duration_ms 283.870792

> talli-repository@0.1.0 test:company-tax-return-authority
> uv run --project apps/backend pytest -c apps/backend/pyproject.toml apps/backend/tests/test_authority_filing_transports.py -q

..............................................................           [100%]
62 passed in 0.12s

> talli-repository@0.1.0 test:company-tax-return-authority-script
> uv run --project apps/backend pytest -c apps/backend/pyproject.toml apps/backend/tests/test_authority_filing_tools.py -q && node --test tests/authority_tool_payload.test.mjs

........................................................................ [ 94%]
....                                                                     [100%]
76 passed in 4.33s
✔ annual subprocess uses the unchanged frozen generator and passes feedback (1.965625ms)
✔ payload subprocess rejects arbitrary module/path dispatch without reflecting input (66.845209ms)
ℹ tests 2
ℹ suites 0
ℹ pass 2
ℹ fail 0
ℹ cancelled 0
ℹ skipped 0
ℹ todo 0
ℹ duration_ms 145.558625

> talli-repository@0.1.0 test:review
> node --experimental-strip-types --test tests/review_workflow.test.mjs

✔ advisory review comments can be acknowledged (0.433042ms)
✔ hard review comments cannot be acknowledged as advisory (0.2005ms)
✔ hard review comments block simulated submission (0.08025ms)
✔ workspace invitation presentation marks pending invitations expired (0.099416ms)
✔ review checklist keeps advisory comments separate from hard system blocks (0.402292ms)
ℹ tests 5
ℹ suites 0
ℹ pass 5
ℹ fail 0
ℹ cancelled 0
ℹ skipped 0
ℹ todo 0
ℹ duration_ms 77.392667

> talli-repository@0.1.0 test:billing
> uv run --project apps/backend pytest -c apps/backend/pyproject.toml apps/backend/tests/test_billing.py apps/backend/tests/test_legacy_billing_retirement.py apps/backend/tests/test_annual_billing_policy.py apps/backend/tests/test_annual_checkout_service.py apps/backend/tests/test_annual_cleanup_service.py apps/backend/tests/test_annual_refund_service.py apps/backend/tests/test_annual_refund_recovery_service.py apps/backend/tests/test_annual_refund_recovery_api.py apps/backend/tests/test_annual_refund_targets_api.py apps/backend/tests/test_annual_support_refund_recovery_service.py apps/backend/tests/test_annual_support_cleanup_service.py apps/backend/tests/test_annual_support_refund_recovery_api.py apps/backend/tests/test_annual_support_cleanup_api.py apps/backend/tests/test_annual_support_refund_targets_api.py apps/backend/tests/test_vipps_billing.py apps/backend/tests/test_vipps_webhook.py apps/backend/tests/test_annual_billing_runtime_configuration.py apps/backend/tests/test_annual_checkout_reconciliation_cli.py apps/backend/tests/test_annual_observation_service.py apps/backend/tests/test_vipps_mt_conformance_runner.py apps/backend/tests/test_annual_notification_intake.py apps/backend/tests/test_billing_equivalence.py apps/backend/tests/test_billing_provider.py apps/backend/tests/test_billing_api.py apps/backend/tests/test_annual_billing_api.py apps/backend/tests/test_annual_checkout_api.py apps/backend/tests/test_annual_cleanup_api.py apps/backend/tests/test_annual_support_api.py -q && node --experimental-strip-types --test tests/billing_persisted.test.mjs tests/billing_reconciliation_action.test.mjs apps/web/tests/billing-transport.test.mjs apps/web/tests/annual-billing-ui.test.mjs apps/web/tests/annual-support-ui.test.mjs apps/web/tests/annual-cleanup-control.test.mjs apps/web/tests/annual-checkout-observation.test.mjs apps/web/tests/annual-checkout-request.test.mjs apps/web/tests/annual-refund-recovery.test.mjs apps/web/tests/annual-support-refund-recovery.test.mjs apps/web/tests/annual-support-cleanup-recovery.test.mjs apps/web/tests/reauthentication.test.mjs apps/web/tests/operator-read-recovery.test.mjs

........................................................................ [  8%]
........................................................................ [ 16%]
........................................................................ [ 25%]
........................................................................ [ 33%]
........................................................................ [ 41%]
........................................................................ [ 50%]
........................................................................ [ 58%]
........................................................................ [ 66%]
........................................................................ [ 75%]
........................................................................ [ 83%]
........................................................................ [ 91%]
........................................................................ [100%]
864 passed in 45.77s
✔ annual history keeps stored purchase prices and terms separate from today's offer (80.924416ms)
✔ purchase and offer archive downloads bypass Next navigation and its automatic prefetch (39.828334ms)
✔ only persisted cancellation confirms success even after an ambiguous response (1.993875ms)
✔ pending history never claims paid access and still permits renewal cancellation (1.726166ms)
✔ failed history never claims paid access and still permits renewal cancellation (1.013334ms)
✔ refunded history never claims paid access and still permits renewal cancellation (0.853625ms)
✔ nonrecurring purchase does not suggest renewal; history retains company and cursor (1.16ms)
✔ owner refund evidence shows cumulative liability and settled money independently (1.163791ms)
✔ a pending refund past its initiation target never implies late initiation or bank receipt (0.978583ms)
✔ a created attempt does not erase outstanding owner refund liability (0.960292ms)
✔ a failed attempt does not erase outstanding owner refund liability (0.849375ms)
✔ a request without recorded liability is visible without inventing refund rights or settlement (1.488583ms)
✔ web-first deployment keeps predecessor history and cancellation while refund details are unavailable (6.576083ms)
✔ cancellation unavailable recovery preserves the exact company/purchase/key/history (42.250709ms)
✔ cancellation step-up recovery preserves the exact company/purchase/key/history (2.593667ms)
✔ cancellation sign-in recovery preserves the exact company/purchase/key/history (2.322292ms)
✔ successful cancellation refreshes history without fabricating a success flag (2.123125ms)
✔ missing session reaches sign-in with replay context before any mutation (1.840917ms)
✔ billing page binds the selected company and admitted year without loading legacy workspace state (11.594208ms)
✔ unknown company and malformed cursor never send an annual request (25.084416ms)
✔ owner history remains available without admission, with each stored year and original action scope (7.931958ms)
✔ new current offer never replaces older purchase terms or archive year (7.946958ms)
✔ partial capture stays visible independently of price, refunds and paid access (9.047ms)
✔ web-first fallback is explicitly limited and never passes a company history cursor to the old snapshot (90.042666ms)
✔ unavailable offer preserves readable history but a later access rejection hides it (34.698875ms)
✔ an empty company-wide history without admission is an authorized empty result (17.888417ms)
✔ an empty continuation page never claims the company has no purchase history (6.774375ms)
✔ read failure offers fresh history and MFA recovery retains cancellation context (11.549375ms)
✔ read after uncertain cancellation reuses the key only on the same purchase (15.380833ms)
✔ discovery loads only the selected canonical purchase and keeps money in history (8.739417ms)
✔ absent or unavailable discovery retains authorized history without claiming no refund (54.977667ms)
✔ discovery authentication rejection suppresses all earlier protected reads (40.885834ms)
✔ invalid or off-page selection sends no discovery request and never substitutes another purchase (29.984958ms)
✔ foreign discovery scope and replaced representative cannot silently select the earlier request (25.163292ms)
✔ login preserves selected request and both cursors without performing any action (6.037709ms)
✔ unavailable discovery retries the same page and receipt while newest navigation explicitly resets them (15.285792ms)
✔ Company Access mfa failure retains the selected second company before authorization succeeds (5.578333ms)
✔ Company Access login failure retains the selected second company before authorization succeeds (5.229042ms)
✔ Company Access retry failure retains the selected second company before authorization succeeds (6.146417ms)
✔ billing account layout leaves legal and company recovery to its authorized page (4.802667ms)
✔ persisted cancellation exposes explicit agreement recovery for pending purchase without recurring consent (0.869208ms)
✔ persisted cancellation exposes explicit agreement recovery for paid purchase without recurring consent (0.583375ms)
✔ persisted cancellation exposes explicit agreement recovery for failed purchase without recurring consent (0.579625ms)
✔ persisted cancellation exposes explicit agreement recovery for refunded purchase without recurring consent (0.541292ms)
✔ owner recovery selection survives login without trusting a forged cleanup confirmation (12.145917ms)
✔ only stored pending history exposes status recovery: pending (7.247542ms)
✔ only stored pending history exposes status recovery: paid (7.3225ms)
✔ only stored pending history exposes status recovery: refunded (6.623625ms)
✔ only stored pending history exposes status recovery: failed (14.323625ms)
✔ checkout recovery marker survives login and page MFA without triggering observation (20.017209ms)
✔ checkout preparation is read-only and follows the selected admitted company-year (15.627083ms)
✔ unverified initiating user or later preparation access rejection hides protected history (20.544209ms)
✔ checkout selection starts on newest history and retains its earlier page as a separate backlink (10.957041ms)
✔ pending checkout and canceled-agreement recovery coexist with distinct sibling identities (0.627ms)
✔ scoped pending observation refreshes canonical history and discards partial checkout details (122.017875ms)
✔ scoped paid observation refreshes canonical history and discards partial checkout details (30.466542ms)
✔ scoped refunded observation refreshes canonical history and discards partial checkout details (5.007042ms)
✔ scoped failed observation refreshes canonical history and discards partial checkout details (8.359708ms)
✔ step-up keeps original checkout and company-wide cursor for explicit recovery (18.461375ms)
✔ sign-in keeps original checkout and company-wide cursor for explicit recovery (6.354209ms)
✔ unavailable keeps original checkout and company-wide cursor for explicit recovery (4.552375ms)
✔ missing session and malformed intent cannot observe a checkout (40.54375ms)
✔ foreign company or purchase cannot refresh or confirm the requested checkout (9.69575ms)
✔ repeated checks keep the same purchase and no new operation identity (4.249792ms)
✔ failed revalidation cannot announce a locally paid purchase (9.825417ms)
✔ status check starts idle and contains only original-intent and navigation fields (51.201667ms)
✔ pending result leaves canonical history in charge of payment status and money (5.145583ms)
✔ paid result leaves canonical history in charge of payment status and money (4.596208ms)
✔ refunded result leaves canonical history in charge of payment status and money (8.734ms)
✔ failed result leaves canonical history in charge of payment status and money (4.37375ms)
✔ in-flight request disables duplicate clicks and hides older messages (31.740375ms)
✔ foreign result and recovery state stay hidden on the current purchase (9.171667ms)
✔ lost browser response retains retry and read-only history refresh without inventing payment (48.983833ms)
✔ only a fresh scoped pending observation exposes its explicit approval link (61.169833ms)
✔ restoration retains exact original body/key/year/user without network work (1.668333ms)
✔ withdrawal choice persists before recovery and cannot revert or change intent (0.181875ms)
✔ only a matching saved request can be removed; late A cannot erase B (0.136375ms)
✔ storage read failure cannot overwrite or release retained intent (0.11325ms)
✔ storage write failure cannot overwrite or release retained intent (0.093208ms)
✔ storage remove failure cannot overwrite or release retained intent (0.075334ms)
✔ unsupported draft version is retained without replacement (0.117958ms)
✔ unsupported draft initiatingUserId is retained without replacement (0.06475ms)
✔ unsupported draft idempotencyKey is retained without replacement (0.070125ms)
✔ unsupported draft beforePurchaseId is retained without replacement (0.119959ms)
✔ unsupported draft phase is retained without replacement (0.076084ms)
✔ unsupported draft providerUrl is retained without replacement (0.072042ms)
✔ unsupported draft token is retained without replacement (0.053125ms)
✔ draft business input companyId fails before use (0.060958ms)
✔ draft business input incomeYear fails before use (0.049542ms)
✔ draft business input incomeYear fails before use (0.05025ms)
✔ draft business input termsDigest fails before use (0.039666ms)
✔ draft business input purchaseAccepted fails before use (0.042083ms)
✔ draft business input recurringConsent fails before use (0.040167ms)
✔ draft business input offerVersion fails before use (0.037ms)
✔ draft business input consentVersion fails before use (0.037125ms)
✔ draft business input readiness fails before use (0.042792ms)
✔ draft business input actorId fails before use (0.053542ms)
✔ history navigation selects the purchase on newest history and keeps prior cursor only as a backlink (9.380458ms)
✔ checkout-requested verifies exact token subject and forwards only original body/key (79.9475ms)
✔ checkout-requested blocks missing or changed initiating user {"token":null} (12.107042ms)
✔ checkout-requested blocks missing or changed initiating user {"user":null} (8.257917ms)
✔ checkout-requested blocks missing or changed initiating user {"user":"30000000-0000-4000-8000-000000000001"} (4.192917ms)
✔ checkout-requested sign-in preserves request and explicit recovery return (33.182041ms)
✔ checkout-requested step-up preserves request and explicit recovery return (3.972542ms)
✔ checkout-requested unavailable preserves request and explicit recovery return (3.405958ms)
✔ checkout-requested cannot resolve a foreign response or failed canonical refresh (5.841084ms)
✔ checkout-requested cannot resolve a foreign response or failed canonical refresh (4.34625ms)
✔ withdrawal-requested verifies exact token subject and forwards only original body/key (6.253292ms)
✔ withdrawal-requested blocks missing or changed initiating user {"token":null} (9.47425ms)
✔ withdrawal-requested blocks missing or changed initiating user {"user":null} (6.84ms)
✔ withdrawal-requested blocks missing or changed initiating user {"user":"30000000-0000-4000-8000-000000000001"} (3.585833ms)
✔ withdrawal-requested sign-in preserves request and explicit recovery return (2.691208ms)
✔ withdrawal-requested step-up preserves request and explicit recovery return (2.6855ms)
✔ withdrawal-requested unavailable preserves request and explicit recovery return (2.480792ms)
✔ withdrawal-requested cannot resolve a foreign response or failed canonical refresh (42.644375ms)
✔ withdrawal-requested cannot resolve a foreign response or failed canonical refresh (2.636375ms)
✔ wrong phase, malformed or duplicate draft cannot reach a checkout command (2.520083ms)
✔ owner cleanup action returns only the scoped backend confirmed result (128.330125ms)
✔ owner cleanup action returns only the scoped backend pending result (5.052292ms)
✔ owner cleanup action returns only the scoped backend unknown result (4.220834ms)
✔ owner cleanup action returns only the scoped backend deferred result (15.174167ms)
✔ owner cleanup step-up never trusts previous confirmation and retains retry scope (3.683875ms)
✔ owner cleanup sign-in never trusts previous confirmation and retains retry scope (3.239667ms)
✔ owner cleanup unavailable never trusts previous confirmation and retains retry scope (5.243333ms)
✔ missing session and malformed scope never call the provider recovery endpoint (21.389791ms)
✔ retries use the same purchase without a browser operation key and reject mismatched response scope (4.283917ms)
✔ owner cleanup starts idle and only an explicit form can run recovery (25.158625ms)
✔ owner cleanup renders confirmed without claiming another outcome (75.057292ms)
✔ owner cleanup renders pending without claiming another outcome (3.763125ms)
✔ owner cleanup renders unknown without claiming another outcome (35.594917ms)
✔ owner cleanup renders deferred without claiming another outcome (4.009458ms)
✔ pending submission disables repeated clicks and hides stale success (4.022833ms)
✔ foreign purchase state cannot appear on the current control (20.163875ms)
✔ lost browser action response stays unconfirmed and the same purchase can retry (10.058042ms)
✔ pending recovery refreshes canonical money while returning only exact-operation feedback (212.381542ms)
✔ unknown recovery refreshes canonical money while returning only exact-operation feedback (23.702ms)
✔ confirmed recovery refreshes canonical money while returning only exact-operation feedback (8.246583ms)
✔ failed recovery refreshes canonical money while returning only exact-operation feedback (18.515291ms)
✔ step-up retains original receipt and both cursors for explicit retry (5.19525ms)
✔ sign-in retains original receipt and both cursors for explicit retry (8.696334ms)
✔ unavailable retains original receipt and both cursors for explicit retry (4.641375ms)
✔ billing rejection reaches the real MFA inspection through its page and client with exact receipt context (98.100542ms)
✔ missing MFA session preserves fresh intent and the entire nested billing return through login (111.005917ms)
✔ malformed scope cannot call backend and missing session refreshes protected history (26.503958ms)
✔ foreign response and failed history refresh never announce confirmation (35.143ms)
✔ repeated explicit checks send the same receipt without a new operation key (3.803833ms)
✔ render is idle, keeps exact receipt fields and disables duplicate pending submission (13.595083ms)
✔ confirmation remains operation-scoped and foreign or stale request states stay hidden (81.553542ms)
✔ lost browser response preserves the same receipt and only explicit retry calls again (26.907458ms)
✔ pending operator action verifies the exact token and sends only original scoped IDs (165.979333ms)
✔ unknown operator action verifies the exact token and sends only original scoped IDs (32.944333ms)
✔ confirmed operator action verifies the exact token and sends only original scoped IDs (4.979459ms)
✔ missing or changed verified operator blocks dispatch {"token":null} (7.162833ms)
✔ missing or changed verified operator blocks dispatch {"userId":null} (4.099459ms)
✔ missing or changed verified operator blocks dispatch {"userError":{}} (4.479791ms)
✔ missing or changed verified operator blocks dispatch {"userId":"10000000-0000-4000-8000-000000000099"} (3.350708ms)
✔ 401/AUTHENTICATION_REQUIRED refreshes all operator evidence and keeps complete explicit return (5.628ms)
✔ 403/BILLING_STEP_UP_REQUIRED refreshes all operator evidence and keeps complete explicit return (19.483459ms)
✔ 403/BILLING_FORBIDDEN refreshes all operator evidence and keeps complete explicit return (3.2055ms)
✔ 404/BILLING_NOT_FOUND refreshes all operator evidence and keeps complete explicit return (2.8565ms)
✔ 503/BILLING_UNAVAILABLE refreshes all operator evidence and keeps complete explicit return (2.650375ms)
✔ duplicate, missing and malformed identity or cursors never dispatch (68.217917ms)
✔ foreign response or failed canonical refresh cannot report confirmation (16.682541ms)
✔ explicit repeated operator checks retain the same three IDs and no attempt key (2.585125ms)
✔ actual control stays read-only on render and blocks duplicate events until same-request pending recovery settles (68.382208ms)
✔ lost action response leaves original scope for explicit retry and never posts during a fresh mount (91.134208ms)
✔ late results after unmount cannot replace a new operator's state (43.447917ms)
✔ feedback remains operation-scoped and mismatched identity never announces confirmation (55.753375ms)
✔ pending operator action verifies the exact token and sends only original scoped IDs (130.904292ms)
✔ unknown operator action verifies the exact token and sends only original scoped IDs (6.94125ms)
✔ confirmed operator action verifies the exact token and sends only original scoped IDs (5.191875ms)
✔ failed operator action verifies the exact token and sends only original scoped IDs (24.673916ms)
✔ missing or changed verified operator blocks dispatch {"token":null} (4.4515ms)
✔ missing or changed verified operator blocks dispatch {"userId":null} (5.121625ms)
✔ missing or changed verified operator blocks dispatch {"userError":{}} (8.949125ms)
✔ missing or changed verified operator blocks dispatch {"userId":"10000000-0000-4000-8000-000000000099"} (3.422708ms)
✔ 401/AUTHENTICATION_REQUIRED refreshes all operator evidence and keeps complete explicit return (3.665125ms)
✔ 403/BILLING_STEP_UP_REQUIRED refreshes all operator evidence and keeps complete explicit return (3.5345ms)
✔ 403/BILLING_FORBIDDEN refreshes all operator evidence and keeps complete explicit return (10.938875ms)
✔ 404/BILLING_NOT_FOUND refreshes all operator evidence and keeps complete explicit return (2.876333ms)
✔ 503/BILLING_UNAVAILABLE refreshes all operator evidence and keeps complete explicit return (2.8625ms)
✔ duplicate, missing and malformed identity or cursors never dispatch (169.750333ms)
✔ foreign response or failed canonical refresh cannot report confirmation (102.201042ms)
✔ explicit repeated operator checks retain the same four IDs and no attempt key (2.438708ms)
✔ actual control stays read-only on render and blocks duplicate events until same-request pending recovery settles (28.463541ms)
✔ lost action response leaves original scope for explicit retry and never posts during a fresh mount (28.107042ms)
✔ late results after unmount cannot replace a new operator's state (29.510792ms)
✔ feedback remains operation-scoped and mismatched identity never announces confirmation (34.11625ms)
✔ support view preserves outstanding money, deadline, failed and unknown effects after a partial refund (37.242875ms)
✔ support view distinguishes absent refund and stop evidence from confirmation (1.943417ms)
✔ empty and denied support states remain distinct and errors hide previous data (1.597708ms)
✔ billing-only support case loads annual evidence without company-profile rows and retains its cursor (6.396083ms)
✔ profile-only or unreadable cases cannot trigger annual billing reads (104.056917ms)
✔ early fresh MFA rejection remains recoverable before the annual support read (17.439166ms)
✔ annual access failure remains an error even when the generic support case is readable (16.953167ms)
✔ operator read 401/AUTH_REQUIRED retains recovery and hides all earlier case evidence (20.77175ms)
✔ operator read 403/FRESH_MFA_REQUIRED retains recovery and hides all earlier case evidence (9.624333ms)
✔ operator read 403/BILLING_STEP_UP_REQUIRED retains recovery and hides all earlier case evidence (29.265125ms)
✔ operator read 403/AAL2_REQUIRED retains recovery and hides all earlier case evidence (22.193333ms)
✔ operator read 403/SUPPORT_ACCESS_DENIED retains recovery and hides all earlier case evidence (45.01925ms)
✔ operator read 404/COMPANY_ACCESS_NOT_FOUND retains recovery and hides all earlier case evidence (8.397792ms)
✔ operator read 503/FRESH_MFA_REQUIRED retains recovery and hides all earlier case evidence (21.509042ms)
✔ returned case/company bindings and missing session fail before protected evidence is presented (30.571458ms)
✔ generated annual support transport carries company/case/cursor without caching or mutation (14.655125ms)
✔ operator target read uses exact page actor and selected authorized purchase before publishing evidence (3.254166ms)
✔ changed or unverifiable operator clears evidence before protected data reads (7.556375ms)
✔ selected company is an assertion against the opened case and never a replacement company (2.401583ms)
✔ a missing selected purchase stays explicit and cannot load a substitute target (3.567833ms)
✔ selected refund destination under a nonbilling case is a denial, not empty success (2.515292ms)
✔ late targets 401/AUTHENTICATION_REQUIRED remove earlier summaries, purchase money and controls (2.558833ms)
✔ late targets 403/BILLING_STEP_UP_REQUIRED remove earlier summaries, purchase money and controls (2.455542ms)
✔ late targets 403/BILLING_FORBIDDEN remove earlier summaries, purchase money and controls (2.366209ms)
✔ late targets 404/undefined remove earlier summaries, purchase money and controls (2.383041ms)
✔ late targets 404/BILLING_NOT_FOUND remove earlier summaries, purchase money and controls (2.382291ms)
✔ late targets 503/BILLING_UNAVAILABLE remove earlier summaries, purchase money and controls (2.476125ms)
✔ foreign target companyId cannot publish earlier case evidence (2.676208ms)
✔ foreign target supportCaseId cannot publish earlier case evidence (2.366666ms)
✔ foreign target purchaseId cannot publish earlier case evidence (2.277375ms)
✔ foreign target incomeYear cannot publish earlier case evidence (2.551292ms)
✔ target view retains all request bindings, both cursors and canonical outstanding balance (2.53625ms)
✔ missing selected receipt is announced without silently using a replacement receipt (1.459709ms)
✔ unreadable target-page reload preserves the complete selected request and both cursors (1.094042ms)
✔ operator STOP check is available only for recorded cleanup in an authorized purchase page (4.15125ms)
✔ current client exposes cleanup but no retired acquisition methods (42.9855ms)
✔ billing entitlement is read from the backend and malformed policy is rejected (20.388375ms)
✔ annual billing owns current offers and workspace exposes historical cleanup (1.086584ms)
✔ filing page consumes the backend billing decision without rebuilding pilot policy (0.713125ms)
✔ ambiguous billing outcomes retain the exact operation key for replay (0.292292ms)
✔ billing retry redirects and Norwegian plan labels have one shared policy (0.400542ms)
✔ annual snapshot uses a scoped cursor and rejects malformed stored facts (1.103875ms)
✔ web-first owner loader falls back to predecessor history without inventing refund evidence (121.09825ms)
✔ new owner snapshot uses one strict expanded response for money and refund evidence (178.037375ms)
✔ company-wide owner history sends no income year and keeps its cursor company-scoped (84.769375ms)
✔ missing history endpoint is distinct from an application cursor or authorization error (73.776959ms)
✔ offer access rejection follows backend authentication status rather than error text (4.559584ms)
✔ owner refund read 401 never falls back to potentially stale purchase evidence (7.036166ms)
✔ owner refund read 403 never falls back to potentially stale purchase evidence (7.342791ms)
✔ owner refund read 503 never falls back to potentially stale purchase evidence (16.985416ms)
✔ annual cancellation sends only company/purchase intent and preserves its durable key (0.323458ms)
✔ annual client rejects private provider fields and invalid money in responses (0.317542ms)
✔ annual recovery trusts a valid step-up problem and treats malformed failures as unavailable (0.378417ms)
✔ historical cleanup remains reachable without reactivated legacy flags (0.242625ms)
✔ annual checkout and observation use POST with bounded customer data and exact retry identity (0.345125ms)
✔ annual checkout client rejects leaked provider state and malformed purchase totals (0.318917ms)
✔ annual agreement cleanup sends only purchase scope and validates unresolved outcomes (0.4725ms)
✔ owner status recovery observes the original checkout with strict no-store transport (11.966583ms)
✔ refund recovery client sends one stored request and validates original-operation status (0.7535ms)
✔ refund recovery target discovery is a strict scoped GET without command headers (0.678834ms)
✔ owner discovery fallback distinguishes absent route from domain cursor and authority errors (36.121083ms)
✔ owner refund recovery wrapper sends exact request intent without allocating a mutation key (5.2515ms)
✔ checkout preparation is a no-store authenticated GET with no idempotency key or body (10.944916ms)
✔ preparation existing purchase carries no current offer or consent (9.373542ms)
✔ preparation rejects malformed or foreign projection {"companyId":"20000000-0000-4000-8000-000000000001"} (5.010583ms)
✔ preparation rejects malformed or foreign projection {"incomeYear":2027} (4.8845ms)
✔ preparation rejects malformed or foreign projection {"offer":null} (4.905333ms)
✔ preparation rejects malformed or foreign projection {"consentVersion":null} (4.802584ms)
✔ preparation rejects malformed or foreign projection {"consentVersion":""} (5.08625ms)
✔ preparation rejects malformed or foreign projection {"purchaseId":"20000000-0000-4000-8000-000000000001"} (5.38675ms)
✔ preparation rejects malformed or foreign projection {"offer":{"companyId":"10000000-0000-4000-8000-000000000001","incomeYear":2027,"offerVersion":"annual-fixture","termsDigest":"aaaaaaaaaaaaaaaaaaaaaaaaaaaaaaaaaaaaaaaaaaaaaaaaaaaaaaaaaaaaaaaa","termsText":"Stored fixture terms","currency":"NOK","grossMinor":149000,"netMinor":119200,"vatMinor":29800,"vatBasisPoints":2500,"paidThrough":"2027-07-31","exportThrough":"2027-10-31","renewalDate":"2027-01-01","renewalReminderBy":"2026-12-01","priceChangeNoticeBy":"2026-11-01"}} (5.5465ms)
✔ preparation rejects malformed or foreign projection {"offer":{"companyId":"20000000-0000-4000-8000-000000000001","incomeYear":2026,"offerVersion":"annual-fixture","termsDigest":"aaaaaaaaaaaaaaaaaaaaaaaaaaaaaaaaaaaaaaaaaaaaaaaaaaaaaaaaaaaaaaaa","termsText":"Stored fixture terms","currency":"NOK","grossMinor":149000,"netMinor":119200,"vatMinor":29800,"vatBasisPoints":2500,"paidThrough":"2027-07-31","exportThrough":"2027-10-31","renewalDate":"2027-01-01","renewalReminderBy":"2026-12-01","priceChangeNoticeBy":"2026-11-01"}} (5.190833ms)
✔ preparation rejects malformed or foreign projection {"state":"existing"} (5.645ms)
✔ preparation rejects malformed or foreign projection {"state":"existing","offer":null,"consentVersion":null} (5.510084ms)
✔ preparation rejects malformed or foreign projection {"state":"ready"} (5.141ms)
✔ preparation rejects malformed or foreign projection {"providerAccount":"private"} (9.6605ms)
✔ preparation rejects malformed or foreign projection {"readinessReference":"private"} (4.621209ms)
✔ preparation rejects malformed or foreign projection {"checkoutUrl":"https://forged.example"} (4.677542ms)
✔ predecessor preparation route absence is unavailable and protected failures remain errors (30.459708ms)
✔ checkout start keeps exact accepted intent and key through authenticated no-store transport (5.435125ms)
✔ start and observation reject foreign scope and unsafe or terminal approval links (151.3ms)
✔ withdrawal accepts only a scoped mutually exclusive receipt and never interprets a missing route as release (61.170666ms)
✔ generated operator refund recovery retains four scoped IDs and never creates an attempt key (0.62425ms)
✔ generated operator target discovery preserves case and operation cursor with no mutation (0.356625ms)
✔ operator wrappers reject any foreign case, company, purchase or request projection (42.400125ms)
✔ operator missing-route and domain errors remain failures for both discovery and recovery (33.247875ms)
✔ operator STOP recovery authenticates without a new attempt key and validates exact existing scope (57.982416ms)
✔ support entry authorizes before protected reads and preserves its recovery destination (112.067458ms)
✔ marketing entry authorizes before protected reads and preserves its recovery destination (20.660584ms)
✔ failed case or annual read suppresses ancillary reads, mutation controls and protected evidence (50.20075ms)
✔ malformed or duplicate case/cursor selection never triggers protected page loaders (52.984ms)
✔ authorized support-role entry retains ordinary support and marketing behavior (14.724083ms)
✔ presentation shell leaves scoped auth recovery to each page without mutating the session (4.210542ms)
✔ page access preserves missing/rejected sessions, provider errors and both authorized operator roles (14.057792ms)
✔ complete operator selection survives login and MFA without losing either cursor (22.099417ms)
✔ malformed, duplicate and orphan operator selection cannot invoke protected loaders (141.124625ms)
✔ late selected-target failure keeps full recovery destination and suppresses ancillary controls (43.274125ms)
✔ explicit reauthentication displays the login form despite a backend-rejected but valid Supabase session (22.680041ms)
✔ ordinary signed-in login and signup redirects and unconfirmed-user gate remain intact (106.463791ms)
✔ signIn preserves explicit reauthentication and next through failures (17.44475ms)
✔ signInWithGoogle preserves explicit reauthentication and next through failures (7.685416ms)
✔ successful password login consumes recovery intent; ordinary unconfirmed credentials keep verification recovery (3.49875ms)
✔ Google startup carries recovery through its callback URL (1.769625ms)
✔ the Google form carries the same explicit recovery intent as password sign-in (4.020209ms)
✔ denied, missing, failed and unavailable OAuth callbacks return to an actionable recovery login (48.064958ms)
✔ successful callback returns to the scoped page while ordinary email confirmation failure is unchanged (4.888125ms)
✔ web billing commands and queries cross only the generated backend client (0.879ms)
✔ the retired TypeScript policy modules stay removed (0.193959ms)
✔ annual submission review renders the backend entitlement without a second policy (0.101583ms)
✔ billing locks the owned verified request through the versioned company-access authorization seam (0.438083ms)
✔ historical cleanup retains audit facts while retired acquisition actions disappear (0.4235ms)
✔ RF recovery delegates stored accepted feedback without reimposing a billing gate (13.437833ms)
✔ RF recovery delegates stored processing feedback without reimposing a billing gate (0.192ms)
✔ RF recovery delegates stored unknown feedback without reimposing a billing gate (0.093833ms)
ℹ tests 302
ℹ suites 0
ℹ pass 302
ℹ fail 0
ℹ cancelled 0
ℹ skipped 0
ℹ todo 0
ℹ duration_ms 1763.624416

> talli-repository@0.1.0 test:cancellation
> node --experimental-strip-types --test tests/cancellation.test.mjs

✔ requires archive export before cancellation can move into retention hold (0.468958ms)
✔ keeps final deletion behind legal review and explicit deletion state (0.106584ms)
✔ builds archive and retention evidence for launch-critical records (0.569584ms)
✔ shows explicit export, soft-delete, retention, and final deletion lifecycle states (0.3235ms)
✔ builds retained deletion completion update with reviewer and actor (0.237875ms)
ℹ tests 5
ℹ suites 0
ℹ pass 5
ℹ fail 0
ℹ cancelled 0
ℹ skipped 0
ℹ todo 0
ℹ duration_ms 79.524875

> talli-repository@0.1.0 test:operator-support
> node --experimental-strip-types --test tests/operator_support.test.mjs

✔ operator support exposes no legacy company-search seam (2.48575ms)
✔ operator summary highlights filing, billing, refund, restore, and audit state (8.0705ms)
✔ operator summary keeps cross-company data separated (0.203083ms)
ℹ tests 3
ℹ suites 0
ℹ pass 3
ℹ fail 0
ℹ cancelled 0
ℹ skipped 0
ℹ todo 0
ℹ duration_ms 114.421875

> talli-repository@0.1.0 test:operator-mfa
> node --test tests/operator_mfa.test.mjs

✔ operator MFA uses the signed-in browser session and official TOTP APIs (0.60775ms)
✔ an existing AAL2 session can be re-verified after the freshness window expires (0.485208ms)
✔ the MFA surface is rendered only inside the existing admin operator boundary (0.272125ms)
ℹ tests 3
ℹ suites 0
ℹ pass 3
ℹ fail 0
ℹ cancelled 0
ℹ skipped 0
ℹ todo 0
ℹ duration_ms 53.820167

> talli-repository@0.1.0 test:deadlines
> node --experimental-strip-types --test tests/deadlines.test.mjs

✔ shows upcoming deadlines before due dates (1.965ms)
✔ shows due on exact deadline date (0.120583ms)
✔ shows overdue after deadline without fine guarantee language (0.174458ms)
✔ shows simulated when RF-1086 receipt exists before deadline (0.090708ms)
✔ shows late simulated when receipt is archived after deadline (0.080709ms)
✔ represents RF-1086, skattemelding, and årsregnskap separately (0.4205ms)
✔ queues configurable upcoming reminders with Norwegian no-guarantee language (0.291208ms)
✔ prevents duplicate reminders and skips completed filings (0.122ms)
✔ queues overdue guidance without unsupported cases (0.137917ms)
ℹ tests 9
ℹ suites 0
ℹ pass 9
ℹ fail 0
ℹ cancelled 0
ℹ skipped 0
ℹ todo 0
ℹ duration_ms 83.048584

> talli-repository@0.1.0 test:archive
> node --experimental-strip-types --test tests/archive_export.test.mjs && node --experimental-strip-types --test apps/web/tests/archive-rf1086-source.test.mjs

✔ builds company-year archive from persisted workspace rows (2.719959ms)
✔ archive download fetches only sanitized authority runs linked by submission id (1.100167ms)
✔ archive ledger facts come through the generated capability query with a frozen projection (1.296917ms)
ℹ tests 3
ℹ suites 0
ℹ pass 3
ℹ fail 0
ℹ cancelled 0
ℹ skipped 0
ℹ todo 0
ℹ duration_ms 83.128917
✔ archive preserves frozen mixed chains except the exact owned RF and Tax read retirements (18.103167ms)
✔ archive preserves original selected opening and shareholder fields through the joined owner projection (54.913541ms)
✔ a failing 2024 opening does not prevent a valid 2025 archive but still blocks the 2024 export (28.505ms)
✔ RF-only archive preserves original nested payload identities, requested year and company-wide history (11.246792ms)
✔ actual generated RF archive transport isolates a malformed 2024 preview from the valid 2025 download (24.178458ms)
✔ RF authority evidence is limited to retained submission references without adding a generic persistence call (9.128667ms)
✔ mixed sibling chains retain their conditional authority read and overlap never duplicates RF rows (9.219833ms)
✔ unavailable rf source cannot complete the authoritative export (10.683375ms)
✔ unavailable opening source cannot complete the authoritative export (8.261084ms)
✔ unavailable tax source cannot complete the authoritative export (8.228458ms)
✔ unavailable taxFiling source cannot complete the authoritative export (8.172833ms)
✔ unavailable filing_previews source cannot complete the authoritative export (9.402333ms)
✔ unavailable authority_permissions source cannot complete the authoritative export (7.331417ms)
✔ unavailable filing_review_comments source cannot complete the authoritative export (6.459083ms)
✔ unavailable audit_events source cannot complete the authoritative export (9.23475ms)
✔ original submission and authority errors retain priority and effect order (12.577167ms)
✔ authentication and step-up precede every source and export effect {"user":false} (6.942291ms)
✔ authentication and step-up precede every source and export effect {"token":false} (6.463625ms)
✔ authentication and step-up precede every source and export effect {"mfa":false} (6.705042ms)
✔ empty retained history still rejects export and failed receipt never yields a downloadable archive (13.8905ms)
✔ owned Tax source preserves all thirteen original fields beside unchanged RF history (9.953ms)
✔ owned Tax filing preserves nested payload and only linked evidence inside the Archive generation boundary (7.170084ms)
ℹ tests 22
ℹ suites 0
ℹ pass 22
ℹ fail 0
ℹ cancelled 0
ℹ skipped 0
ℹ todo 0
ℹ duration_ms 542.69875

> talli-repository@0.1.0 test:backup-restore
> node --experimental-strip-types --test tests/backup_restore.test.mjs

✔ company-tax evidence migration preserves an atomic reference-only backup boundary (1.225625ms)
✔ backup manifest identifies launch-critical tables and object references (0.756833ms)
✔ restore fixture preserves launch-critical accounting state in isolated workspace (0.392708ms)
✔ company-tax submissions are counted and round-trip with generic filing submissions (0.682958ms)
✔ restore integrity rejects missing and mismatched company-tax authority evidence pairs (0.25175ms)
✔ restore integrity fails when corporate lifecycle rows or object metadata are incomplete (0.172167ms)
✔ restore integrity reports missing object warning and missing critical rows (0.110916ms)
✔ production restore launch gate requires recent passing restore test (0.106625ms)
✔ corporate release and restore runbooks keep external gates explicitly pending (0.975959ms)
ℹ tests 9
ℹ suites 0
ℹ pass 9
ℹ fail 0
ℹ cancelled 0
ℹ skipped 0
ℹ todo 0
ℹ duration_ms 84.664042

> talli-repository@0.1.0 test:security
> node --experimental-strip-types --test tests/security_step_up.test.mjs

✔ step-up accepts fresh signed AAL2 claims for the matching actor (1.983ms)
✔ step-up accepts supported signed MFA method references and uses the newest one (0.132458ms)
✔ step-up fails closed for AAL1, cross-user, missing AMR, and string-only AMR claims (0.262916ms)
✔ step-up rejects invalid, stale, and future MFA timestamps (0.139167ms)
✔ all protected corporate actions require fresh AAL2 user presence (0.132ms)
✔ server gate verifies claims, never reads legacy step-up rows, and audits allow/block (0.317209ms)
✔ claims lookup failures are blocked and audited without leaking provider details (0.112709ms)
ℹ tests 7
ℹ suites 0
ℹ pass 7
ℹ fail 0
ℹ cancelled 0
ℹ skipped 0
ℹ todo 0
ℹ duration_ms 84.497417

> talli-repository@0.1.0 test:trusted-aal2-schema
> node --test tests/trusted_aal2_schema.test.mjs

✔ legacy step-up events are inaccessible to customer Data API roles (3.123584ms)
✔ corporate step-up RPC trusts signed AAL2 and timestamped AMR claims only (0.934ms)
✔ final founder confirmation is a database-enforced launch signoff key (0.567875ms)
ℹ tests 3
ℹ suites 0
ℹ pass 3
ℹ fail 0
ℹ cancelled 0
ℹ skipped 0
ℹ todo 0
ℹ duration_ms 52.75175

> talli-repository@0.1.0 test:filing-release-gate
> node --experimental-strip-types --test tests/filing_release_gate.test.mjs

✔ release evidence keeps authority and filing switches off after local browser proof (0.667625ms)
✔ keeps all production filing gates disabled without authority, billing, step-up, and human review (0.430417ms)
✔ blocks production when authority evidence or filing-specific signoff is missing (0.225125ms)
✔ marks only the exactly entitled RF obligation production ready when every release gate passes (0.388041ms)
✔ cannot report production ready when a live adapter is unimplemented or disabled (0.117542ms)
✔ fresh AAL2 and enabled adapters cannot replace final founder confirmation (0.103583ms)
✔ a stale restore rehearsal blocks every production filing (0.09975ms)
ℹ tests 7
ℹ suites 0
ℹ pass 7
ℹ fail 0
ℹ cancelled 0
ℹ skipped 0
ℹ todo 0
ℹ duration_ms 89.013166

> talli-repository@0.1.0 test:production-filing-guide
> node --test tests/production_filing_action_guide.test.mjs

✔ checklist and guide keep the exact ordered stage sequence (0.946625ms)
✔ both documents keep runtime signoffs in the signoff stage (0.33775ms)
✔ both documents keep case-specific gates in their operating stages (0.2305ms)
✔ mandatory gates stay affirmative without localized contradictions (6.412917ms)
✔ mandatory-gate contradiction matcher rejects bypasses but allows fail-closed language (0.271167ms)
✔ every guide stage uses only numbered checkbox action entries (1.003542ms)
✔ mandatory gate declarations stay outside exact action checkboxes (0.242583ms)
✔ founder go-live approval stays pending until the complete evidence set exists (0.242625ms)
✔ production credential readiness is verified without exposing the key (0.26ms)
✔ unknown outcome shutdown precedes read-only reconciliation (0.1765ms)
✔ legal-pack approval stage says professional approval is pending (0.077958ms)
✔ guide preserves switch, evidence, and unknown-outcome stop rules (0.137167ms)
✔ both documents state the narrow scope and forbid adjacent filing scope (0.169167ms)
ℹ tests 13
ℹ suites 0
ℹ pass 13
ℹ fail 0
ℹ cancelled 0
ℹ skipped 0
ℹ todo 0
ℹ duration_ms 63.149542

> talli-repository@0.1.0 test:launch-copy
> node --experimental-strip-types --test tests/launch_copy.test.mjs

✔ requires non-affiliation and pre-production gate language in public app copy (1.190333ms)
✔ rejects launch claims that outrun authority evidence (0.293375ms)
✔ public homepage is a truthful free recruitment entry (1.751083ms)
✔ public company check is free, provisional, and distinguishes provider failure (1.19925ms)
✔ public legal copy identifies the real beta operator and contains no placeholders (0.343416ms)
✔ email signup communicates the hosted twelve-character password floor (0.142667ms)
✔ launch validator rejects beta overclaims about review, payment, and delivery (0.110792ms)
✔ owner Systembruker copy distinguishes approval from verified readiness (0.2025ms)
ℹ tests 8
ℹ suites 0
ℹ pass 8
ℹ fail 0
ℹ cancelled 0
ℹ skipped 0
ℹ todo 0
ℹ duration_ms 85.38425

> talli-repository@0.1.0 test:launch-signoff
> node --experimental-strip-types --test tests/launch_signoff.test.mjs

✔ blocks launch when required signoffs are missing (0.695041ms)
✔ blocks launch when signoff is rejected or incomplete (0.538125ms)
✔ requires fresh restore signoff (0.144083ms)
✔ rejects future-dated launch signoffs (0.320917ms)
✔ passes only when every launch signoff is approved with evidence (0.107708ms)
✔ builds persisted launch signoff record and validates approved evidence (1.21925ms)
✔ documented launch_legal_name_public_copy entry is a valid approved record (0.095666ms)
✔ launch evidence records the final founder gate as intentionally unapproved (2.057333ms)
ℹ tests 8
ℹ suites 0
ℹ pass 8
ℹ fail 0
ℹ cancelled 0
ℹ skipped 0
ℹ todo 0
ℹ duration_ms 81.293542

> talli-repository@0.1.0 test:validation-observation-launch-off
> node --test tests/validation_observation_launch_off.test.mjs

✔ full-launch source configuration is exact off and public contracts expose no validation-observation authority (6.286ms)
ℹ tests 1
ℹ suites 0
ℹ pass 1
ℹ fail 0
ℹ cancelled 0
ℹ skipped 0
ℹ todo 0
ℹ duration_ms 56.556292

> talli-repository@0.1.0 test:legal-policy
> node --test tests/legal_policy_pack.test.mjs tests/launch_human_gate_preparation.test.mjs

✔ measurement decision inventories application-controlled data without hosted overclaims (0.707541ms)
✔ consent proof remains exact-release-bound and inactive without human approval (0.114834ms)
✔ validation plan links preparation without opening intake (0.068958ms)
✔ founder-approved pilot observation direction stays separate and fails closed for launch (0.274417ms)
✔ pre-intake pack stays blank, protected-store-first and fail closed (0.220041ms)
✔ terms cover holding-first scope, unsupported cases, filing limits, refunds, and no advisory guarantee (0.72475ms)
✔ legal pack uses one beta-to-live business agreement and explicit electronic acceptance (0.355583ms)
✔ privacy and pack metadata identify the supplier without transfer or hosting overclaims (0.374334ms)
✔ production evidence retains both named-company gates and production filing NO-GO (0.278417ms)
✔ privacy policy and DPA cover launch-critical data and processor boundaries (0.194416ms)
✔ retention/delete policy distinguishes export, retention hold, and deletion constraints (0.135708ms)
✔ incident policy covers detection, containment, notification, filing incidents, and postmortems (0.130083ms)
✔ incident policy names pre-incorporation roles and a customer notification approach (0.12625ms)
✔ retention policy fixes archive responsibility and audit-id pseudonymization (0.315ms)
✔ founder decision records the approved AI-assisted boundary and real-data stop (0.174333ms)
✔ legal pack uses the approved annual offer, role boundary, and measured retention (0.194125ms)
✔ privacy policy states a GDPR art. 6 legal basis and a least-privilege operator access model (0.621542ms)
✔ DPA covers breach notification to the controller, audit rights, and duration (0.181583ms)
ℹ tests 18
ℹ suites 0
ℹ pass 18
ℹ fail 0
ℹ cancelled 0
ℹ skipped 0
ℹ todo 0
ℹ duration_ms 58.671334

> talli-repository@0.1.0 test:ci-gate
> node --test tests/ci_release_gate.test.mjs tests/mass_market_execution_control_plane.test.mjs

✔ release gate covers pull requests and main with least privilege (21.728125ms)
✔ release gate runs every customer-readiness check before promotion (0.919959ms)
✔ manual release gates can retain linked immutable evidence (0.154333ms)
✔ database isolation uses the locked Python renderer environment (0.139333ms)
✔ database isolation runs the complete ledger contract lifecycle (0.509834ms)
✔ local immutable gate rejects tracked, staged, and untracked drift (666.0675ms)
✔ local immutable gate normalizes terminal output before recording it (0.269083ms)
✔ database harness restores generated drift and preserves failure semantics (6201.022375ms)
✔ browser owner rehearsal includes executable owned-process lifecycle coverage (1.320917ms)
✔ Vercel deploys the Next output near the owner-designated database (0.365708ms)
✖ backend boundary partitions every test across the ordinary, Billing, Authority and Company Tax mandatory lanes (6434.897834ms)
✔ mandatory Billing and Authority lifecycles refuse missing DB configuration before any test runner (21.841ms)
✔ mandatory local lane preserves every predecessor before Billing and final Authority verification (1822.53925ms)
✔ rollback RF=false AU=v restores dependency order (0.370542ms)
✔ rollback RF=true AU=v restores dependency order (0.084042ms)
✔ rollback RF=false AU=null restores dependency order (0.06625ms)
✔ rollback RF=true AU=null restores dependency order (0.062458ms)
✔ workspace rollback followed by final recutover restores signoff policy topology (0.141166ms)
✔ RF rollback failure prevents all predecessor mutations (0.288416ms)
✔ workspace retains AU and Ledger overlap for Billing and sibling consumers (0.084791ms)
✔ workspace refuses wrong Ledger topology {"ledger_kind":null,"ledger_setup":false} (0.058416ms)
✔ workspace refuses wrong Ledger topology {"ledger_kind":"r"} (0.042334ms)
✔ workspace refuses wrong Ledger topology {"ledger_setup":false} (0.036709ms)
✔ workspace refuses wrong Ledger topology {"opening_kind":null} (0.046833ms)
✔ final RF contract follows explicit final Ledger guard and owner recutover (0.067542ms)
✔ final refuses incomplete Ledger contract {"ledger_kind":"v","ledger_setup":true} (0.049666ms)
✔ final refuses incomplete Ledger contract {"ledger_kind":null,"ledger_setup":true} (0.039166ms)
✔ final refuses incomplete Ledger contract {"ledger_kind":"v","ledger_setup":false} (0.043042ms)
✔ dependency failure stops final sequence at migrations/20260909125113_legacy_rf1086_authority_relocation.sql (0.087083ms)
✔ dependency failure stops final sequence at migrations/20260909190548_shareholder_register_filing_capability.sql (0.052208ms)
✔ dependency failure stops final sequence at migrations/20260909190905_shareholder_register_filing_cutover.sql (0.061042ms)
✔ dependency failure stops final sequence at contract-migrations/20260909190955_shareholder_register_filing_contract.sql (0.274ms)
✔ success is refused if SQL does not establish target state (0.0665ms)
✔ unexpected earlier owner topology fails before mutation (0.056791ms)
✔ unknown direction fails before even probing the database (0.053667ms)
✔ package partition retains every original file once (0.352166ms)
✔ complete local runner requires the fresh RF browser after historical recovery (0.128083ms)
✔ real shell stops at success and restores owned generated files (756.428375ms)
✔ real shell stops at topology:workspace and restores owned generated files (475.984291ms)
✔ real shell stops at npm:test:supabase-rf-workspace and restores owned generated files (501.228083ms)
✔ real shell stops at npm:test:browser-owner and restores owned generated files (573.243042ms)
✔ real shell stops at topology:rollback:2 and restores owned generated files (477.206208ms)
✔ real shell stops at npm:test:ledger-hosted-migration-authority and restores owned generated files (509.022667ms)
✔ real shell stops at npm:test:billing-database-lifecycle and restores owned generated files (541.931958ms)
✔ real shell stops at topology:recutover and restores owned generated files (526.59575ms)
✔ real shell stops at npm:test:supabase-rf-feedback and restores owned generated files (576.089459ms)
✔ real shell stops at npm:test:company-tax-database and restores owned generated files (568.977084ms)
✔ real shell stops at npm:test:browser-owner-annual and restores owned generated files (487.310458ms)
✔ real shell stops at npm:test:browser-shareholder-register-filing and restores owned generated files (526.851ms)
✔ real shell stops at npm:test:browser-company-tax and restores owned generated files (543.45575ms)
✔ the live execution control plane pins the complete route and sole clearance (2.983959ms)
✔ all #179 lanes, signoffs, freshness, and independent controls are explicit (0.946791ms)
✔ #188 has a complete executable planned criterion ledger before claim (0.468625ms)
✔ #140 has a complete executable planned criterion ledger before product edits (0.152084ms)
✔ the control plane blocks premature banking, validation, spend, and external effects (0.22575ms)
✔ approved billing split preserves source order and both completion barriers (0.258417ms)
ℹ tests 56
ℹ suites 0
ℹ pass 55
ℹ fail 1
ℹ cancelled 0
ℹ skipped 0
ℹ todo 0
ℹ duration_ms 22301.219

✖ failing tests:

test at tests/ci_release_gate.test.mjs:379:1
✖ backend boundary partitions every test across the ordinary, Billing, Authority and Company Tax mandatory lanes (6434.897834ms)
  AssertionError [ERR_ASSERTION]: Expected values to be strictly equal:

  3 !== 2

      at TestContext.<anonymous> (file:///Users/kristianelmer/.codex/worktrees/d060/Holding%20accounting/tests/ci_release_gate.test.mjs:409:10)
      at Test.runInAsyncScope (node:async_hooks:227:14)
      at Test.run (node:internal/test_runner/test:1397:25)
      at Test.processPendingSubtests (node:internal/test_runner/test:969:18)
      at Test.postRun (node:internal/test_runner/test:1537:19)
      at Test.run (node:internal/test_runner/test:1462:12)
      at async Test.processPendingSubtests (node:internal/test_runner/test:969:7) {
    generatedMessage: true,
    code: 'ERR_ASSERTION',
    actual: 3,
    expected: 2,
    operator: 'strictEqual',
    diff: 'simple'
  }
[launch-rehearsal] exit=1
[launch-rehearsal] durationMs=229524
