customer-ready-release-gate revision=5f797e8a540ef4e31980d5c11a0cdd02ab30d052
startedAt=2026-09-02T01:50:16.776Z

[schema-setup] command=git clone --depth 1 --branch v1.62.47 https://github.com/Skatteetaten/skattemeldingen.git
Cloning into '/tmp/talli-customer-ready-gate-tPyhs7/skattemeldingen'...
warning: refs/tags/v1.62.47 980e1eab4d0de1e6582adc4fde9be029d55c4694 is not a commit!
Note: switching to '7ac8c6a32238dd0d53e7ac01a6949bb3376f2bba'.

You are in 'detached HEAD' state. You can look around, make experimental
changes and commit them, and you can discard any commits you make in this
state without impacting any branches by switching back to a branch.

If you want to create a new branch to retain commits you create, you may
do so (now or later) by using -c with the switch command. Example:

  git switch -c <new-branch-name>

Or undo this operation with:

  git switch -

Turn off this advice by setting config variable advice.detachedHead to false
[schema-setup] exit=0
[schema-setup] durationMs=4199

[credential-scan] command=npm run test:credential-scan

> talli-repository@0.1.0 test:credential-scan
> node --test tests/committed_credentials.test.mjs && node scripts/check-committed-credentials.mjs

✔ the credential scanner scans its own clean repository without matching itself (434.054251ms)
✔ the credential scanner rejects a tracked source credential (84.725814ms)
ℹ tests 2
ℹ suites 0
ℹ pass 2
ℹ fail 0
ℹ cancelled 0
ℹ skipped 0
ℹ todo 0
ℹ duration_ms 587.167038
[credential-scan] exit=0
[credential-scan] durationMs=1162

[typecheck] command=npm run typecheck

> talli-repository@0.1.0 typecheck
> npm --prefix apps/web run typecheck


> talli-web@0.1.0 typecheck
> tsc --noEmit
[typecheck] exit=0
[typecheck] durationMs=10786

[architecture] command=npm run check:architecture

> talli-repository@0.1.0 check:architecture
> node scripts/check-architecture.mjs --write-evidence && git diff --exit-code -- architecture/dependency-evidence.json

{
  "edges": [
    {
      "from": "backend-system:accounting-document-lifecycle",
      "imports": [
        "talli_backend.modules.documents.public"
      ],
      "kind": "workflow",
      "to": "backend:documents"
    },
    {
      "from": "backend-system:banking-reconciliation",
      "imports": [
        "talli_backend.modules.banking.public"
      ],
      "kind": "workflow",
      "to": "backend:banking"
    },
    {
      "from": "backend-system:company-access-administration",
      "imports": [
        "talli_backend.modules.company_access.public"
      ],
      "kind": "workflow",
      "to": "backend:company_access"
    },
    {
      "from": "backend-system:company-access-context",
      "imports": [
        "talli_backend.modules.company_access.public"
      ],
      "kind": "workflow",
      "to": "backend:company_access"
    },
    {
      "from": "backend-system:company-access-onboarding-and-support",
      "imports": [
        "talli_backend.modules.company_access.public"
      ],
      "kind": "workflow",
      "to": "backend:company_access"
    },
    {
      "from": "backend-system:company-year-eligibility-and-admission",
      "imports": [
        "talli_backend.modules.company_access.public"
      ],
      "kind": "workflow",
      "to": "backend:company_access"
    },
    {
      "from": "backend-system:investment-activity",
      "imports": [
        "talli_backend.modules.banking.public"
      ],
      "kind": "workflow",
      "to": "backend:banking"
    },
    {
      "from": "backend-system:investment-activity",
      "imports": [
        "talli_backend.modules.investments.public"
      ],
      "kind": "workflow",
      "to": "backend:investments"
    },
    {
      "from": "backend-system:investment-activity",
      "imports": [
        "talli_backend.modules.ledger.public"
      ],
      "kind": "workflow",
      "to": "backend:ledger"
    },
    {
      "from": "backend-system:ledger-posting-and-period-control",
      "imports": [
        "talli_backend.modules.ledger.public"
      ],
      "kind": "workflow",
      "to": "backend:ledger"
    },
    {
      "from": "backend-system:marketing-funnel-measurement",
      "imports": [
        "talli_backend.modules.marketing_measurement.public"
      ],
      "kind": "workflow",
      "to": "backend-system:marketing_measurement"
    },
    {
      "from": "backend-system:new-year-start",
      "imports": [
        "talli_backend.modules.ledger.public"
      ],
      "kind": "workflow",
      "to": "backend:ledger"
    },
    {
      "from": "backend-system:new-year-start",
      "imports": [
        "talli_backend.modules.shareholder_register_filing.public"
      ],
      "kind": "workflow",
      "to": "backend:shareholder_register_filing"
    },
    {
      "from": "backend-system:passive-validation-observation",
      "imports": [
        "talli_backend.modules.validation_observation.public"
      ],
      "kind": "workflow",
      "to": "backend-system:validation_observation"
    },
    {
      "from": "backend-system:system-boundary-tracer",
      "imports": [
        "talli_backend.modules.system_boundary.public"
      ],
      "kind": "workflow",
      "to": "backend-system:system_boundary"
    }
  ],
  "generatedBy": "scripts/check-architecture.mjs",
  "modules": [
    "backend-system:marketing_measurement",
    "backend-system:system_boundary",
    "backend-system:validation_observation",
    "backend:banking",
    "backend:company_access",
    "backend:documents",
    "backend:investments",
    "backend:ledger",
    "backend:shareholder_register_filing",
    "web:banking",
    "web:company-access",
    "web:documents",
    "web:investments",
    "web:ledger",
    "web:public-acquisition",
    "web:system-boundary"
  ],
  "schemaVersion": "1.0",
  "technicalOwnership": [
    {
      "owner": "backend-system",
      "table": "backend_system.banking_command_receipts"
    },
    {
      "owner": "backend-system",
      "table": "backend_system.banking_migration_reconciliations"
    },
    {
      "owner": "backend-system",
      "table": "backend_system.banking_migration_runs"
    },
    {
      "owner": "backend-system",
      "table": "backend_system.banking_migration_source_rows"
    },
    {
      "owner": "backend-system",
      "table": "backend_system.ledger_command_receipts"
    },
    {
      "owner": "backend-system",
      "table": "backend_system.ledger_cursor_signing_keys"
    },
    {
      "owner": "backend-system",
      "table": "backend_system.ledger_migration_quarantine"
    },
    {
      "owner": "backend-system",
      "table": "backend_system.ledger_migration_reconciliations"
    },
    {
      "owner": "backend-system",
      "table": "backend_system.ledger_migration_runs"
    },
    {
      "owner": "backend-system",
      "table": "backend_system.ledger_migration_source_rows"
    },
    {
      "owner": "backend-system",
      "table": "backend_system.ledger_workflow_receipts"
    },
    {
      "owner": "backend-system",
      "table": "backend_system.marketing_consent_actions"
    },
    {
      "owner": "backend-system",
      "table": "backend_system.marketing_funnel_events"
    },
    {
      "owner": "backend-system",
      "table": "backend_system.marketing_funnel_withdrawals"
    },
    {
      "owner": "backend-system",
      "table": "backend_system.marketing_measurement_releases"
    },
    {
      "owner": "backend-system",
      "table": "backend_system.validation_observation_control"
    },
    {
      "owner": "backend-system",
      "table": "backend_system.validation_observations"
    },
    {
      "owner": "backend-system",
      "table": "backend_system.validation_pilot_entitlements"
    },
    {
      "owner": "backend-system",
      "table": "backend_system.validation_reviewers"
    },
    {
      "owner": "backend-system",
      "table": "backend_system.validation_runs"
    },
    {
      "owner": "backend-system",
      "table": "public.company_access_command_receipts"
    },
    {
      "owner": "backend-system",
      "table": "public.launch_signoffs"
    },
    {
      "owner": "backend-system",
      "table": "public.notification_outbox"
    }
  ]
}
[architecture] exit=0
[architecture] durationMs=16146

[boundary] command=npm run test:boundary

> talli-repository@0.1.0 test:boundary
> npm run test:boundary-backend && npm run test:boundary-web && npm run test:boundary-contract


> talli-repository@0.1.0 test:boundary-backend
> uv run --project apps/backend pytest -c apps/backend/pyproject.toml apps/backend/tests

============================= test session starts ==============================
platform linux -- Python 3.12.14, pytest-8.4.1, pluggy-1.6.0
rootdir: /home/runner/work/Talli/Talli/apps/backend
configfile: pyproject.toml
plugins: anyio-4.14.2
collected 589 items

apps/backend/tests/test_banking.py ..........                            [  1%]
apps/backend/tests/test_banking_api.py ....                              [  2%]
apps/backend/tests/test_banking_connections_api.py ..                    [  2%]
apps/backend/tests/test_banking_consent.py ....                          [  3%]
apps/backend/tests/test_banking_file_fallback.py .....                   [  4%]
apps/backend/tests/test_banking_file_workflow.py .                       [  4%]
apps/backend/tests/test_banking_provider_adapters.py ....                [  5%]
apps/backend/tests/test_banking_provider_contract.py ...                 [  5%]
apps/backend/tests/test_banking_public_contract.py ..                    [  5%]
apps/backend/tests/test_banking_sync.py ....                             [  6%]
apps/backend/tests/test_banking_workflow.py .                            [  6%]
apps/backend/tests/test_company_access.py .............................. [ 11%]
....                                                                     [ 12%]
apps/backend/tests/test_company_cancellation_lifecycle.py .............. [ 14%]
...........                                                              [ 16%]
apps/backend/tests/test_company_eligibility.py ......................... [ 21%]
................................                                         [ 26%]
apps/backend/tests/test_company_onboarding.py ....................       [ 29%]
apps/backend/tests/test_company_onboarding_migration.py ...              [ 30%]
apps/backend/tests/test_company_support_access.py .....                  [ 31%]
apps/backend/tests/test_documents.py ............                        [ 33%]
apps/backend/tests/test_documents_api.py ...                             [ 33%]
apps/backend/tests/test_investments.py .......................           [ 37%]
apps/backend/tests/test_investments_api.py .............                 [ 39%]
apps/backend/tests/test_investments_public_contract.py ...               [ 40%]
apps/backend/tests/test_investments_supported_patterns.py .............. [ 42%]
.........                                                                [ 44%]
apps/backend/tests/test_investments_workflow.py ..........               [ 46%]
apps/backend/tests/test_ledger.py ..........................             [ 50%]
apps/backend/tests/test_ledger_api.py .....................              [ 53%]
apps/backend/tests/test_ledger_company_year_close.py ................... [ 57%]
                                                                         [ 57%]
apps/backend/tests/test_ledger_corrections.py ........                   [ 58%]
apps/backend/tests/test_ledger_full_year_reconstruction.py ............  [ 60%]
apps/backend/tests/test_ledger_public_contract.py ........               [ 61%]
apps/backend/tests/test_ledger_supported_patterns.py ................... [ 65%]
.............................................                            [ 72%]
apps/backend/tests/test_ledger_workflow.py .......                       [ 74%]
apps/backend/tests/test_marketing_measurement_api.py ........            [ 75%]
apps/backend/tests/test_opening_snapshot_compatibility.py ........       [ 76%]
apps/backend/tests/test_shareholder_register_filing_contract.py ...      [ 77%]
apps/backend/tests/test_supabase_banking.py ............                 [ 79%]
apps/backend/tests/test_supabase_documents.py .....                      [ 80%]
apps/backend/tests/test_supabase_investments.py ...............          [ 82%]
apps/backend/tests/test_supabase_ledger.py ............................. [ 87%]
................................................                         [ 95%]
apps/backend/tests/test_supabase_marketing_measurement.py s              [ 95%]
apps/backend/tests/test_supabase_validation_observation.py s             [ 96%]
apps/backend/tests/test_system_boundary.py ......                        [ 97%]
apps/backend/tests/test_validation_observation.py .................      [100%]

======================= 587 passed, 2 skipped in 54.60s ========================

> talli-repository@0.1.0 test:boundary-web
> node --experimental-strip-types --test apps/web/tests/system-boundary-presentation.test.mjs apps/web/tests/banking-presentation.test.mjs apps/web/tests/banking-connection-presentation.test.mjs apps/web/tests/company-access-presentation.test.mjs apps/web/tests/company-access-administration.test.mjs apps/web/tests/company-access-cancellation.test.mjs apps/web/tests/company-access-onboarding.test.mjs apps/web/tests/company-access-stage-exit.test.mjs apps/web/tests/company-access-action-recovery.test.mjs apps/web/tests/company-eligibility.test.mjs apps/web/tests/company-year-eligibility-gate.test.mjs apps/web/tests/documents-presentation.test.mjs apps/web/tests/investments-presentation.test.mjs apps/web/tests/invitation-side-effects.test.mjs apps/web/tests/internal-redirect.test.mjs apps/web/tests/ledger-audit-side-effects.test.mjs apps/web/tests/ledger-presentation.test.mjs apps/web/tests/ledger-writer-transport.test.mjs apps/web/tests/marketing-measurement.test.mjs apps/web/tests/owner-mfa-transition.test.mjs apps/web/tests/public-acquisition.test.mjs tests/customer_agreement_actions.test.mjs tests/customer_agreement_reacceptance_ui.test.mjs

✔ connection presentation exposes only masked account, coverage and freshness (1.864311ms)
✔ recovery states give one calm next action and make missing coverage visible (0.332912ms)
✔ banking transport follows opaque pages through the generated client (55.293863ms)
✔ bank file transport persists a backend preview before explicit acceptance (1.604286ms)
✔ banking presentation preserves the frozen consumer shape without recreating policy (1.27463ms)
✔ banking error presentation preserves retry identity only for unknown outcomes (0.612904ms)
✔ create_invitation:outbox remains reachable and recovery finishes without another command (2.588954ms)
✔ create_invitation:audit remains reachable and recovery finishes without another command (0.488852ms)
✔ accept_invitation:audit remains reachable and recovery finishes without another command (0.426116ms)
✔ revoke_invitation:audit remains reachable and recovery finishes without another command (0.579222ms)
✔ resend_invitation:outbox remains reachable and recovery finishes without another command (0.470178ms)
✔ resend_invitation:audit remains reachable and recovery finishes without another command (3.351869ms)
✔ recovery actor comes from the server context and cannot claim another actor's continuation (0.461793ms)
✔ delivery persistence is owned by atomic completion, never by a browser outbox insert (0.414073ms)
✔ company-access administration transport uses only generated client operations (56.751403ms)
✔ generated decoders fail closed on every unknown or token-shaped invitation field (2.107225ms)
✔ cancellation lifecycle transport uses generated operations with bearer and deadline (65.914406ms)
✔ generated cancellation decoders reject malformed optional fields, UUIDs, and timestamps (7.081406ms)
✔ generated review decoder enforces evidence-reference length bounds (0.987434ms)
✔ truncated successful command JSON becomes a typed 502 and preserves the operation (0.755661ms)
✔ every concurrent archive source failure trips the completion barrier (0.607765ms)
✔ actions preserve exact cancellation inputs for network and decoder failures (0.219319ms)
✔ web cancellation lifecycle has no direct Supabase persistence or caller-owned proof (10.396143ms)
✔ an unknown organization keeps the specific Enhetsregisteret guidance (1.213526ms)
✔ agreement reacceptance uses an authenticated generated-client request (46.744488ms)
✔ actions and agreement gates have no direct business-persistence facade (13.065275ms)
✔ company-access and system-boundary transports share typed fail-closed backend configuration (4.907173ms)
✔ both transports reject remote HTTP in every Node environment (1.021618ms)
✔ company-access and system-boundary accept the same HTTPS and loopback origins (50.36033ms)
✔ company-access transport sends the established session only through the generated client (1.29622ms)
✔ the company-access app boundary owns its presentation model instead of a Supabase row DTO (14.98877ms)
✔ owner context preserves the admitted company-year and current safety gate (1.720322ms)
✔ company record presentation maps the generated camel-case contract to existing web registry facts (0.236531ms)
✔ company-access transport fails closed on a partial context response (0.581025ms)
✔ generated company-context decoder rejects lower assurance, lower scope, and non-owner roles (1.257439ms)
✔ company records and case-bound operator access use authenticated generated-client operations (8.802658ms)
✔ a verified user without an owner company reaches onboarding but other context failures stay closed (0.810083ms)
✔ system-user callback resolves company authorization through its injected company-access query (2.291809ms)
✔ every Stage 1 web consumer authorizes through company-access contracts (71.631171ms)
✔ stale admission evidence gets a truthful restart route (1.561416ms)
✔ precheck and definitive eligibility use public generated-client calls (51.300697ms)
✔ company-year admission is authenticated and carries the exact immutable boundary (1.447323ms)
✔ company-year recheck is authenticated, trigger-bound, and fail-closed decoded (1.25837ms)
✔ the functional public journey owns no policy, direct fetch, or business persistence (20.146543ms)
✔ the recheck helper carries future serialized triggers through the API (2.418647ms)
✔ a blocked recheck stops the consequential operation and preserves its next step (0.775438ms)
✔ missing admission and provider failure both fail closed (0.578019ms)
✔ document presentation is a transport-only shape conversion (3.995ms)
✔ signed upload uses exactly the backend-issued object and finalizes once (41.382816ms)
✔ an ambiguous signed-transfer error is not blindly finalized (1.36532ms)
✔ invitation login continuation accepts only same-origin absolute paths (1.124931ms)
✔ investments transport uses generated routes, auth, idempotency, and opaque paging (67.046539ms)
✔ investment unit reads reject lossy wire values (5.160336ms)
✔ investment position reads preserve contract-declared lifecycle movement facts (0.809271ms)
✔ investment unit presentation stays decimal-string exact (0.463626ms)
✔ investments presentation maps canonical wire facts without owning policy (4.32187ms)
✔ investments errors preserve retry identity only for unknown outcomes (0.400257ms)
✔ investment actions require explicit owner and dividend attestations (3.51813ms)
✔ investment wizard controls can shrink inside the mobile grid (2.944648ms)
✔ side-effect identity is deterministic, actor-scoped, and purpose-scoped (2.028569ms)
✔ two actors can reuse one operation id without losing audit evidence (1.624394ms)
✔ same-actor retry reconciles exact rows and recovers an audit failure (1.010246ms)
✔ foreign rows are not an oracle because actor-derived ids never trigger their lookup (0.387373ms)
✔ ledger audit identity is deterministic and actor scoped (1.860494ms)
✔ ledger audit replay reconciles the exact immutable row (0.553413ms)
✔ ledger audit failure cannot be reported as success (0.877819ms)
✔ an in-progress idempotent command preserves its operation id for retry (2.304172ms)
✔ ledger errors keep the frozen plain-Norwegian guidance (0.735945ms)
✔ opening-snapshot transport chunks companies and follows opaque pages (71.055678ms)
✔ opening-snapshot compatibility projection preserves the frozen shape (3.253605ms)
✔ opening-snapshot decoders reject malformed collections and invariants (6.586269ms)
✔ ledger query transport follows opaque pages through the generated client (3.885525ms)
✔ reconstruction readiness comes from the generated backend contract (3.446636ms)
✔ current company-year close comes from the generated read-only backend contract (6.216248ms)
✔ company-year close presentation distinguishes stale and blocked assessments (1.416145ms)
✔ generated reconstruction decoder rejects unknown gap codes (0.686171ms)
✔ generated reconstruction decoder preserves historical null and rejects partial bindings (3.989295ms)
✔ generated company-year close decoder rejects unknown gap codes (0.500135ms)
✔ generated ledger query rejects a partial expanded source pair (0.909941ms)
✔ source-aware ledger query fails closed against a source-unaware backend (1.333583ms)
✔ source-aware ledger queries opt into the expanded response (0.530652ms)
✔ ledger mutation transport injects decimal money and idempotency headers (0.856411ms)
✔ administrative-cost transport requires exact purpose-bound success evidence (3.516133ms)
✔ new-year start uses the generated atomic workflow without exposing ledger lines (0.663571ms)
✔ new-year start rejects malformed or non-opening success evidence (0.752246ms)
✔ opening setup action has no direct business persistence or duplicate posting policy (1.898569ms)
✔ manual journals and period locks reconcile their frozen audit continuation (1.815423ms)
✔ ledger presentation maps generated facts without recreating posting policy (0.895905ms)
✔ opening entries recover their setup identity from canonical ledger source facts (0.592678ms)
✔ archive presentation preserves the complete frozen ledger row projection (0.36895ms)
✔ ledger period-lock transport returns an empty result without a backend call (0.211295ms)
✔ every approved ledger-coordinator form submits one operation ID (1.933555ms)
✔ client action wizards keep one stable operation ID for their mounted form (0.226373ms)
✔ ledger retry IDs are plumbed only to the matching page form (0.690561ms)
✔ all relocated ledger writers use the stable operation ID at the generated boundary (1.10173ms)
✔ share purchases and sales use the investments generated interface (0.456042ms)
✔ share-sale wizard submits intent without duplicating authoritative FIFO policy (0.1874ms)
✔ committed retries reach the coordinator before mutable legacy state can reject them (0.635679ms)
✔ unknown coordinator outcomes preserve only the scoped retry operation (0.982657ms)
✔ annual-close finalization accepts only an intentionally empty ledger result (49.507909ms)
✔ consented anonymous funnel events accept only the bounded public vocabulary (3.158253ms)
✔ the first-party endpoint records one consented event without caching it (46.67871ms)
✔ the generated backend client receives only an irreversible session hash (2.376984ms)
✔ consent withdrawal deletes the bounded anonymous session through the same origin (3.420414ms)
✔ the beacon-compatible POST endpoint accepts only the bounded withdrawal command (2.42333ms)
✔ the first-party endpoint rejects an oversized chunked body while streaming (3.975502ms)
✔ the browser creates no optional storage before explicit consent and expires it after thirty minutes (0.695781ms)
✔ funnel producers emit only a bounded event from an active consent session (0.397003ms)
✔ the operator view consumes aggregate report fields without exposing raw identifiers (12.181762ms)
✔ consent presentation uses accurate session wording and equal choices (7.193758ms)
✔ owner AAL2 is distinguished from other context failures without weakening the gate (2.523728ms)
✔ owner MFA inspection chooses enrollment, challenge, or verified state and fails closed (0.879524ms)
✔ enrollment and verification expose no provider errors and only resume after confirmed AAL2 (1.150591ms)
✔ owner transition is reachable after company-year admission and exposes an accessible, Norwegian MFA gate (8.894117ms)
✔ the public offer stays in free recruitment mode with one eligibility action (2.402821ms)
✔ the three-step eligibility explanation keeps its visual order for assistive technology (0.231213ms)
✔ the static homepage renders every required offer field in the approved order (0.491478ms)
✔ the recruitment homepage presents the approved annual offer exactly (0.333292ms)
✔ the public offer carries the approved proof links, minimum FAQ, and final eligibility invitation (0.743049ms)
✔ the complete public company-year promise is pinned to the canonical manifest (0.320048ms)
✔ live claims and checkout deny by default and every ad stop rule is binding (0.928857ms)
✔ the indexable public route set carries canonical metadata and no live overclaim (1.154899ms)
✔ presents the generated tracer response as a safe Norwegian success (2.0434ms)
✔ presents transport failures without leaking exception details (1.963019ms)
✔ generated client accepts the declared success shape (34.091129ms)
✔ generated client maps the typed correlation option to the declared header (1.784446ms)
✔ generated client fails closed on an undeclared success shape (1.405618ms)
✔ generated client rejects an availability value outside the closed contract (1.692775ms)
✔ missing backend configuration fails closed with a typed error (0.482361ms)
✔ web liveness stays process-only while readiness fails invalid configuration (1.190856ms)
✔ web readiness validates local configuration without depending on backend reachability (1.339004ms)
✔ company-year admission validates explicit authority and every immutable document before the generated command (5.380819ms)
✔ the customer sees and explicitly accepts the complete pinned promise (2.16131ms)
✔ legacy AS-only creation controls are absent (5.458794ms)
✔ owner layout replaces children with an accessible reacceptance gate (1.375031ms)
✔ Server Action reaccepts through the authenticated generated-client boundary (0.572991ms)
ℹ tests 136
ℹ suites 0
ℹ pass 136
ℹ fail 0
ℹ cancelled 0
ℹ skipped 0
ℹ todo 0
ℹ duration_ms 5397.346099

> talli-repository@0.1.0 test:boundary-contract
> node --test tests/contract/web_fastapi_boundary.test.mjs tests/company_access_review_fixes.test.mjs tests/company_access_review_round_2.test.mjs tests/company_access_onboarding_cutover.test.mjs

✔ eligibility, admission, and agreement operations are generated-client boundaries (11.868346ms)
✔ the web onboarding slice has no legacy business-policy or persistence path (1.750302ms)
✔ the complete Stage 1 web boundary is Supabase-auth-only (13.615021ms)
✔ company access owns agreement evidence and the #138 facade has exited (1.039583ms)
✔ the onboarding overlap and destructive contract are separate release artifacts (0.837706ms)
✔ capability owns immutable business request contracts (7.949527ms)
✔ every invitation decoder rejects unknown and token-shaped response fields (3.462302ms)
✔ all company-access success responses declare X-Request-ID (9.737533ms)
✔ login preserves a sanitized invitation continuation for password and OAuth (2.242633ms)
✔ invitation side effects reconcile in the trusted actor and command namespace (3.062454ms)
✔ shipped server actions expose receipt-owned recovery without browser command inputs (2.159167ms)
✔ membership role selector has a target-specific accessible name (1.006322ms)
✔ capability manifest attributes the latest company-access ownership migration (1.165228ms)
✔ authorization and hashing use versioned least-privilege helper boundaries (6.776701ms)
✔ destructive contract is a later release artifact outside the automatic runner (1.477442ms)
✔ cutover removes every authenticated self-membership update surface (3.265582ms)
✔ command receipts are backend-system technical idempotency state (2.815893ms)
✔ owner receipt visibility is atomic while acceptance keeps actor replay semantics (1.868445ms)
✔ evidence distinguishes forced receipt RLS from genuine non-owner RLS (1.92159ms)
✔ OpenAPI validates command UUIDs and RFC3339 revisions (8.841347ms)
✔ the committed contract exposes one stable capability-prefixed tracer operation (9.895849ms)
✔ the committed contract exposes the authenticated company-context operation (7.972513ms)
✔ the committed contract exposes company-access invitation and membership administration (7.213074ms)
✔ the committed contract exposes only ledger-owned browser commands (7.225537ms)
✔ the committed contract gives investments its complete activity interface (6.840076ms)
✔ opening snapshots use the ledger compatibility authenticated read contract (6.848873ms)
✔ the committed contract exposes the account-free banking workflow (8.013249ms)
✔ the tracer contract declares optional request and response correlation headers (6.701237ms)
✔ OpenAPI and generated TypeScript artifacts are byte-clean (1655.739872ms)
✔ the OpenAPI document validates and operation IDs are globally unique (32.736021ms)
✔ the current response contract remains compatible with the explicit v1 baseline (87.632859ms)
✔ compatibility rejects newly required parameters and request bodies (50.082331ms)
✔ compatibility rejects narrower authentication requirements (10.558414ms)
✔ compatibility rejects removed or changed response headers (23.772737ms)
✔ the generated package version matches the OpenAPI contract version (19.937746ms)
✔ the generated client is committed and carries its provenance marker (1.318011ms)
✔ the web tracer uses the generated package through a thin transport wrapper (0.245779ms)
ℹ tests 37
ℹ suites 0
ℹ pass 37
ℹ fail 0
ℹ cancelled 0
ℹ skipped 0
ℹ todo 0
ℹ duration_ms 2263.023633
[boundary] exit=0
[boundary] durationMs=63999

[build-web] command=TALLI_BACKEND_URL=http://127.0.0.1:8000 TALLI_MARKETING_MEASUREMENT_INTERNAL_KEY=<local-only> npm run build:web && npm run test:browser-public-acquisition:built

> talli-repository@0.1.0 build:web
> npm --prefix apps/web run build


> talli-web@0.1.0 build
> cd ../.. && node apps/web/scripts/run-next.mjs build

⚠ No build cache found. Please configure build caching for faster rebuilds. Read more: https://nextjs.org/docs/messages/no-cache
Attention: Next.js now collects completely anonymous telemetry regarding usage.
This information is used to shape Next.js' roadmap and prioritize features.
You can learn more, including how to opt-out if you'd not like to participate in this anonymous program, by visiting the following URL:
https://nextjs.org/telemetry

▲ Next.js 16.2.12 (Turbopack)

  Creating an optimized production build ...
Attention: Next.js now collects completely anonymous telemetry regarding usage.
This information is used to shape Next.js' roadmap and prioritize features.
You can learn more, including how to opt-out if you'd not like to participate in this anonymous program, by visiting the following URL:
https://nextjs.org/telemetry

✓ Compiled successfully in 10.7s
  Running TypeScript ...
  Finished TypeScript in 10.9s ...
  Collecting page data using 1 worker ...
  Generating static pages using 1 worker (0/34) ...
  Generating static pages using 1 worker (8/34)
  Generating static pages using 1 worker (16/34)
  Generating static pages using 1 worker (25/34)
✓ Generating static pages using 1 worker (34/34) in 494ms
  Finalizing page optimization ...

Route (app)
┌ ○ /
├ ○ /_not-found
├ ƒ /actions
├ ƒ /actions/[type]
├ ƒ /api/marketing-events
├ ○ /apple-icon.png
├ ƒ /archive/[companyId]/[incomeYear]/download
├ ƒ /auth/confirm
├ ƒ /auth/systembruker/confirm
├ ƒ /bank/callback
├ ƒ /billing
├ ƒ /companies/[companyId]/annual-reporting/[incomeYear]
├ ƒ /companies/[companyId]/annual-reporting/[incomeYear]/[obligation]
├ ƒ /companies/[companyId]/annual-reporting/[incomeYear]/review
├ ƒ /connections
├ ƒ /corporate-decisions/[decisionId]
├ ƒ /dashboard
├ ○ /databehandleravtale
├ ƒ /documents
├ ƒ /documents/[documentId]/download
├ ƒ /documents/[documentId]/preview
├ ○ /email-confirmed
├ ƒ /filing
├ ƒ /filing/[obligation]
├ ƒ /health/live
├ ƒ /health/ready
├ ○ /hjelp
├ ○ /icon.svg
├ ƒ /invite/accept
├ ƒ /login
├ ƒ /mfa
├ ƒ /onboarding
├ ƒ /operator
├ ƒ /operator/marketing
├ ○ /passer-talli
├ ○ /personvern
├ ○ /pris
├ ○ /robots.txt
├ ƒ /selskapsgrense
├ ƒ /signup
├ ○ /sikkerhet
├ ○ /sitemap.xml
├ ○ /sjekk-selskapet
├ ○ /status
├ ƒ /system-boundary
├ ƒ /transactions
├ ○ /ui
├ ƒ /verify-email
├ ○ /vilkar
├ ƒ /workspace
└ ƒ /year-end


○  (Static)   prerendered as static content
ƒ  (Dynamic)  server-rendered on demand


> talli-repository@0.1.0 test:browser-public-acquisition:built
> node --test tests/browser_public_acquisition.mjs

✔ the production public journey is consent-silent, accessible, mobile-safe, and privacy bounded (5607.252446ms)
ℹ tests 1
ℹ suites 0
ℹ pass 1
ℹ fail 0
ℹ cancelled 0
ℹ skipped 0
ℹ todo 0
ℹ duration_ms 6020.044463
[build-web] exit=0
[build-web] durationMs=30588

[build-backend] command=npm run build:backend

> talli-repository@0.1.0 build:backend
> uv build --project apps/backend
Building source distribution...
Building wheel from source distribution...
Successfully built apps/backend/dist/talli_backend-0.1.0.tar.gz
Successfully built apps/backend/dist/talli_backend-0.1.0-py3-none-any.whl
[build-backend] exit=0
[build-backend] durationMs=1067

[boundary-smoke] command=npm run test:boundary-smoke

> talli-repository@0.1.0 test:boundary-smoke
> node --test tests/production_boundary_smoke.mjs

✔ built artifacts support both deployment orders and isolate backend failure (2834.143745ms)
ℹ tests 1
ℹ suites 0
ℹ pass 1
ℹ fail 0
ℹ cancelled 0
ℹ skipped 0
ℹ todo 0
ℹ duration_ms 7894.88719
[boundary-smoke] exit=0
[boundary-smoke] durationMs=8041

[launch-rehearsal] command=TALLI_PYTHON_BIN=.venv/bin/python TALLI_SKATTE_XSD_DIR=<pinned-v1.62.47> npm run test:launch-rehearsal

> talli-repository@0.1.0 test:launch-rehearsal
> npm run test:opening && npm run test:documents && npm run test:bank && npm run test:bank-suggestions && npm run test:deployed-contract && npm run test:supabase-grants && npm run test:provider-ports && npm run test:manual-journal && npm run test:share-purchase && npm run test:share-sale && npm run test:investment-lots-schema && npm run test:dividend-received && npm run test:owner-dividend && npm run test:owner-dividend-payment && npm run test:shareholder-loan && npm run test:annual-data && npm run test:annual-readiness && npm run test:annual-corporate-documents && npm run test:authority-evidence && npm run test:authority-adapters && npm run test:authority-operations && npm run test:maskinporten && npm run test:system-user-requests && npm run test:rf1086:authority-client && npm run test:rf1086:production-pilot && npm run test:python-runtime && npm run test:corporate-documents && npm run test:corporate-decision-workflow && npm run test:rf1086:persisted && npm run test:rf1086:submission && npm run test:annual-accounts && npm run test:annual-accounts-xml && npm run test:annual-accounts-authority && npm run test:annual-accounts-authority-script && npm run test:company-tax-return && npm run test:company-tax-return-xml && npm run test:company-tax-return-authority && npm run test:company-tax-return-authority-script && npm run test:review && npm run test:billing && npm run test:cancellation && npm run test:operator-support && npm run test:operator-mfa && npm run test:deadlines && npm run test:archive && npm run test:backup-restore && npm run test:security && npm run test:trusted-aal2-schema && npm run test:filing-release-gate && npm run test:production-filing-guide && npm run test:launch-copy && npm run test:launch-signoff && npm run test:validation-observation-launch-off && npm run test:legal-policy && npm run test:ci-gate


> talli-repository@0.1.0 test:opening
> node --experimental-strip-types --test tests/opening_balance.test.mjs

✔ new-year start replaces the duplicate browser opening policy (1.146911ms)
✔ public contract accepts only new-year business facts (0.254606ms)
ℹ tests 2
ℹ suites 0
ℹ pass 2
ℹ fail 0
ℹ cancelled 0
ℹ skipped 0
ℹ todo 0
ℹ duration_ms 79.462786

> talli-repository@0.1.0 test:documents
> node --experimental-strip-types --test apps/web/tests/documents-presentation.test.mjs tests/documents.test.mjs tests/document_removal_schema.test.mjs tests/documents_supported_pattern_evidence.test.mjs tests/workspace_presentation.test.mjs

✔ document presentation is a transport-only shape conversion (4.207155ms)
✔ signed upload uses exactly the backend-issued object and finalizes once (51.545218ms)
✔ an ambiguous signed-transfer error is not blindly finalized (2.132352ms)
✔ document metadata is forced-RLS capability state behind restricted functions (5.926465ms)
✔ safe removal is reference-aware, audited, and metadata-restoring (2.31467ms)
✔ all broad browser bucket policies and legacy removal execution are revoked (2.293231ms)
✔ FastAPI is the only document lifecycle and object-operation policy boundary (6.401773ms)
✔ web document paths retain only the one backend-issued signed upload (5.601759ms)
✔ other producers retain a DocumentId relationship and never create document metadata (3.859085ms)
✔ web source has no direct document metadata or object-storage persistence (102.003734ms)
✔ neighboring application capabilities retain identifiers but no document writers (334.64523ms)
✔ document backup remains a document-owned projection consumed by legacy archive composition (2.111411ms)
✔ customer forms do not seed synthetic accounting facts (5.645621ms)
✔ dashboard enters the dedicated annual workspace (1.933913ms)
ℹ tests 14
ℹ suites 0
ℹ pass 14
ℹ fail 0
ℹ cancelled 0
ℹ skipped 0
ℹ todo 0
ℹ duration_ms 948.248731

> talli-repository@0.1.0 test:bank
> uv run --project apps/backend pytest -c apps/backend/pyproject.toml apps/backend/tests/test_banking.py apps/backend/tests/test_banking_api.py -q

..............                                                           [100%]
14 passed in 1.96s

> talli-repository@0.1.0 test:bank-suggestions
> node --experimental-strip-types --test tests/bank_suggestion_schema.test.mjs tests/bank_suggestion_integration.test.mjs

✔ banking coordinator revalidates the suggestion inside the atomic writer (8.934841ms)
✔ transaction queue requires an explicit owner submit for every suggestion (2.484399ms)
✔ bank suggestion approvals are immutable and posted atomically (5.456585ms)
✔ database independently validates rule, version, direction, ambiguity, and period lock (1.783021ms)
ℹ tests 4
ℹ suites 0
ℹ pass 4
ℹ fail 0
ℹ cancelled 0
ℹ skipped 0
ℹ todo 0
ℹ duration_ms 125.081408

> talli-repository@0.1.0 test:deployed-contract
> node --test tests/deployed_schema_contract.test.mjs

✔ deployed schema contract covers every post-baseline product capability (1.447953ms)
✔ reports only missing OpenAPI paths in stable order (0.272418ms)
✔ reports public investment compatibility paths that survived stage exit (0.209702ms)
✔ fails closed when the response is not a PostgREST OpenAPI document (0.496266ms)
ℹ tests 4
ℹ suites 0
ℹ pass 4
ℹ fail 0
ℹ cancelled 0
ℹ skipped 0
ℹ todo 0
ℹ duration_ms 69.584398

> talli-repository@0.1.0 test:supabase-grants
> node --test tests/supabase_explicit_grants.test.mjs

✔ Supabase Data API grants fail closed for anon and explicitly enable service_role (6.593407ms)
✔ anonymous sessions cannot invoke authenticated mutation RPCs (2.645388ms)
✔ Systembruker request objects have explicit least-privilege grants (2.932834ms)
ℹ tests 3
ℹ suites 0
ℹ pass 3
ℹ fail 0
ℹ cancelled 0
ℹ skipped 0
ℹ todo 0
ℹ duration_ms 70.442839

> talli-repository@0.1.0 test:provider-ports
> node --experimental-strip-types --test tests/provider_ports.test.mjs

✔ bank provider port fails closed until a provider is approved (1.776526ms)
✔ bank webhook receipts are replay-safe without persisting raw provider identifiers (0.87868ms)
✔ bank diagnostics redact bearer and credential material (0.353079ms)
✔ document extraction port validates tenant scope and remains disabled (0.51981ms)
✔ extraction output is always review-required and restricted to supported fields (0.872789ms)
ℹ tests 5
ℹ suites 0
ℹ pass 5
ℹ fail 0
ℹ cancelled 0
ℹ skipped 0
ℹ todo 0
ℹ duration_ms 145.114655

> talli-repository@0.1.0 test:manual-journal
> uv run --project apps/backend pytest apps/backend/tests/test_ledger.py apps/backend/tests/test_ledger_api.py -k manual -q && node --test apps/web/tests/ledger-presentation.test.mjs

....                                                                     [100%]
4 passed, 43 deselected in 1.58s
✔ an in-progress idempotent command preserves its operation id for retry (1.992319ms)
✔ ledger errors keep the frozen plain-Norwegian guidance (0.610068ms)
✔ opening-snapshot transport chunks companies and follows opaque pages (51.778237ms)
✔ opening-snapshot compatibility projection preserves the frozen shape (1.818805ms)
✔ opening-snapshot decoders reject malformed collections and invariants (4.470685ms)
✔ ledger query transport follows opaque pages through the generated client (2.43729ms)
✔ reconstruction readiness comes from the generated backend contract (1.268919ms)
✔ current company-year close comes from the generated read-only backend contract (3.657337ms)
✔ company-year close presentation distinguishes stale and blocked assessments (0.617773ms)
✔ generated reconstruction decoder rejects unknown gap codes (0.96966ms)
✔ generated reconstruction decoder preserves historical null and rejects partial bindings (1.2906ms)
✔ generated company-year close decoder rejects unknown gap codes (0.525841ms)
✔ generated ledger query rejects a partial expanded source pair (1.022899ms)
✔ source-aware ledger query fails closed against a source-unaware backend (0.617903ms)
✔ source-aware ledger queries opt into the expanded response (0.529338ms)
✔ ledger mutation transport injects decimal money and idempotency headers (1.119139ms)
✔ administrative-cost transport requires exact purpose-bound success evidence (2.124866ms)
✔ new-year start uses the generated atomic workflow without exposing ledger lines (0.843965ms)
✔ new-year start rejects malformed or non-opening success evidence (0.709995ms)
✔ opening setup action has no direct business persistence or duplicate posting policy (1.850984ms)
✔ manual journals and period locks reconcile their frozen audit continuation (1.601079ms)
✔ ledger presentation maps generated facts without recreating posting policy (0.818809ms)
✔ opening entries recover their setup identity from canonical ledger source facts (0.515833ms)
✔ archive presentation preserves the complete frozen ledger row projection (0.318053ms)
✔ ledger period-lock transport returns an empty result without a backend call (0.23049ms)
✔ every approved ledger-coordinator form submits one operation ID (2.386775ms)
✔ client action wizards keep one stable operation ID for their mounted form (0.29993ms)
✔ ledger retry IDs are plumbed only to the matching page form (1.001891ms)
✔ all relocated ledger writers use the stable operation ID at the generated boundary (1.306368ms)
✔ share purchases and sales use the investments generated interface (0.498961ms)
✔ share-sale wizard submits intent without duplicating authoritative FIFO policy (0.232765ms)
✔ committed retries reach the coordinator before mutable legacy state can reject them (0.697843ms)
✔ unknown coordinator outcomes preserve only the scoped retry operation (1.031265ms)
ℹ tests 33
ℹ suites 0
ℹ pass 33
ℹ fail 0
ℹ cancelled 0
ℹ skipped 0
ℹ todo 0
ℹ duration_ms 351.541744

> talli-repository@0.1.0 test:share-purchase
> uv run --project apps/backend pytest -c apps/backend/pyproject.toml apps/backend/tests/test_investments.py apps/backend/tests/test_investments_public_contract.py apps/backend/tests/test_investments_workflow.py apps/backend/tests/test_investments_api.py -q && node --test apps/web/tests/investments-presentation.test.mjs && npm run test:investments-database-lifecycle

.................................................                        [100%]
49 passed in 4.31s
✔ investments transport uses generated routes, auth, idempotency, and opaque paging (63.834472ms)
✔ investment unit reads reject lossy wire values (3.045339ms)
✔ investment position reads preserve contract-declared lifecycle movement facts (0.799544ms)
✔ investment unit presentation stays decimal-string exact (0.425976ms)
✔ investments presentation maps canonical wire facts without owning policy (2.546608ms)
✔ investments errors preserve retry identity only for unknown outcomes (0.35865ms)
✔ investment actions require explicit owner and dividend attestations (3.41523ms)
✔ investment wizard controls can shrink inside the mobile grid (2.210109ms)
ℹ tests 8
ℹ suites 0
ℹ pass 8
ℹ fail 0
ℹ cancelled 0
ℹ skipped 0
ℹ todo 0
ℹ duration_ms 318.024757

> talli-repository@0.1.0 test:investments-database-lifecycle
> node --test --test-concurrency=1 tests/investments_capability_schema.test.mjs tests/investments_database_runtime.test.mjs

✔ the complete local database gate includes the investments lifecycle (1.801797ms)
✔ bank facts are claimed atomically through one restricted reversible routine (1.890452ms)
✔ year-end measurement is executable, restricted, and reverses fail closed (1.773092ms)
✔ lifecycle public cutover removes every v1 writer grant reversibly (2.545156ms)
✔ contract and rollback artifacts bound hosted backend-system DDL authority (3.997989ms)
✔ forward correction-source replay stays insert-only across rollback (0.720536ms)
✔ expand and workflow keep predecessor and successor stores coherent (1.55262ms)
✔ canonical investments tables are forced-RLS and runtime roles do not own them (1.050793ms)
✔ investment lifecycle expansion separates recognition, settlement, and measurement (2.533093ms)
✔ investment lifecycle workflow persists recognition and settlement separately (3.52189ms)
✔ share-sale lifecycle recognizes exact FIFO facts before separate settlement (1.914718ms)
✔ income lifecycle separates declaration or entitlement from cash receipt (1.909488ms)
✔ lifecycle corrections preserve history and supersede only equal settlements (1.93759ms)
✔ sale workflow owns FIFO persistence behind restricted investments functions (1.8571ms)
✔ contract reconciles live state before removing predecessor production names (0.613997ms)
✔ rollback disables successor first, preserves data, and is recutover-safe (0.533387ms)
✔ sale contract reconciles FIFO state before removing predecessor names (0.565928ms)
✔ sale rollback is non-destructive and recutover-safe (0.497399ms)
✔ received-dividend workflow owns policy persistence behind restricted functions (1.32167ms)
✔ received-dividend contract reconciles before predecessor removal (0.466612ms)
✔ received-dividend rollback is non-destructive and recutover-safe (0.413743ms)
✔ allocation identities remain stable across the overlap window (0.665404ms)
✔ complete stage exit reconciles before deleting every investment predecessor (1.241199ms)
✔ complete stage exit removes overlap-era and duplicate write policies (0.810284ms)
✔ complete stage exit binds canonical investment writes to archive freshness (1.159537ms)
✔ supported patterns keep writes private and publish correction lineage (3.233551ms)
✔ supported-pattern rollback restores the exact predecessor or refuses after new data (0.760761ms)
✔ supported-pattern authority cleanup grants no runtime authority (1.041028ms)
✔ manual-evidence migration bounds owner authority after cleanup (1.637299ms)
✔ lifecycle measurement bounds owner authority after cleanup (0.336779ms)
✔ measurement reversals and investment boundaries are executable and reversible (1.811264ms)
✔ settled wrong-amount corrections bind both reversals atomically (1.518597ms)
✔ investments schema is private, forced-RLS, and restricted-role owned (34231.380816ms)
ℹ tests 33
ℹ suites 0
ℹ pass 33
ℹ fail 0
ℹ cancelled 0
ℹ skipped 0
ℹ todo 0
ℹ duration_ms 34427.847735

> talli-repository@0.1.0 test:share-sale
> uv run --project apps/backend pytest -c apps/backend/pyproject.toml apps/backend/tests/test_investments.py apps/backend/tests/test_investments_public_contract.py apps/backend/tests/test_investments_workflow.py apps/backend/tests/test_investments_api.py apps/backend/tests/test_supabase_investments.py -q && node --test apps/web/tests/investments-presentation.test.mjs apps/web/tests/ledger-presentation.test.mjs && npm run test:investments-database-lifecycle

................................................................         [100%]
64 passed in 4.37s
✔ investments transport uses generated routes, auth, idempotency, and opaque paging (56.626035ms)
✔ investment unit reads reject lossy wire values (3.586856ms)
✔ investment position reads preserve contract-declared lifecycle movement facts (1.211582ms)
✔ investment unit presentation stays decimal-string exact (0.603286ms)
✔ investments presentation maps canonical wire facts without owning policy (2.569027ms)
✔ investments errors preserve retry identity only for unknown outcomes (0.323675ms)
✔ investment actions require explicit owner and dividend attestations (3.515073ms)
✔ investment wizard controls can shrink inside the mobile grid (2.391175ms)
✔ an in-progress idempotent command preserves its operation id for retry (2.177536ms)
✔ ledger errors keep the frozen plain-Norwegian guidance (0.689688ms)
✔ opening-snapshot transport chunks companies and follows opaque pages (49.220509ms)
✔ opening-snapshot compatibility projection preserves the frozen shape (1.325143ms)
✔ opening-snapshot decoders reject malformed collections and invariants (4.251718ms)
✔ ledger query transport follows opaque pages through the generated client (2.032675ms)
✔ reconstruction readiness comes from the generated backend contract (4.098973ms)
✔ current company-year close comes from the generated read-only backend contract (1.28536ms)
✔ company-year close presentation distinguishes stale and blocked assessments (0.324886ms)
✔ generated reconstruction decoder rejects unknown gap codes (0.975681ms)
✔ generated reconstruction decoder preserves historical null and rejects partial bindings (1.35523ms)
✔ generated company-year close decoder rejects unknown gap codes (0.521293ms)
✔ generated ledger query rejects a partial expanded source pair (0.979118ms)
✔ source-aware ledger query fails closed against a source-unaware backend (0.767513ms)
✔ source-aware ledger queries opt into the expanded response (1.615787ms)
✔ ledger mutation transport injects decimal money and idempotency headers (0.772602ms)
✔ administrative-cost transport requires exact purpose-bound success evidence (2.578865ms)
✔ new-year start uses the generated atomic workflow without exposing ledger lines (0.85706ms)
✔ new-year start rejects malformed or non-opening success evidence (0.656405ms)
✔ opening setup action has no direct business persistence or duplicate posting policy (1.624433ms)
✔ manual journals and period locks reconcile their frozen audit continuation (1.785103ms)
✔ ledger presentation maps generated facts without recreating posting policy (0.751102ms)
✔ opening entries recover their setup identity from canonical ledger source facts (0.446865ms)
✔ archive presentation preserves the complete frozen ledger row projection (0.290763ms)
✔ ledger period-lock transport returns an empty result without a backend call (0.160108ms)
✔ every approved ledger-coordinator form submits one operation ID (1.652997ms)
✔ client action wizards keep one stable operation ID for their mounted form (0.474506ms)
✔ ledger retry IDs are plumbed only to the matching page form (0.876897ms)
✔ all relocated ledger writers use the stable operation ID at the generated boundary (0.967566ms)
✔ share purchases and sales use the investments generated interface (0.480497ms)
✔ share-sale wizard submits intent without duplicating authoritative FIFO policy (0.185647ms)
✔ committed retries reach the coordinator before mutable legacy state can reject them (0.55167ms)
✔ unknown coordinator outcomes preserve only the scoped retry operation (0.886595ms)
ℹ tests 41
ℹ suites 0
ℹ pass 41
ℹ fail 0
ℹ cancelled 0
ℹ skipped 0
ℹ todo 0
ℹ duration_ms 653.52203

> talli-repository@0.1.0 test:investments-database-lifecycle
> node --test --test-concurrency=1 tests/investments_capability_schema.test.mjs tests/investments_database_runtime.test.mjs

✔ the complete local database gate includes the investments lifecycle (1.55859ms)
✔ bank facts are claimed atomically through one restricted reversible routine (1.291722ms)
✔ year-end measurement is executable, restricted, and reverses fail closed (0.831712ms)
✔ lifecycle public cutover removes every v1 writer grant reversibly (2.149574ms)
✔ contract and rollback artifacts bound hosted backend-system DDL authority (2.051019ms)
✔ forward correction-source replay stays insert-only across rollback (0.409735ms)
✔ expand and workflow keep predecessor and successor stores coherent (0.930087ms)
✔ canonical investments tables are forced-RLS and runtime roles do not own them (1.151189ms)
✔ investment lifecycle expansion separates recognition, settlement, and measurement (1.898495ms)
✔ investment lifecycle workflow persists recognition and settlement separately (2.633857ms)
✔ share-sale lifecycle recognizes exact FIFO facts before separate settlement (1.22659ms)
✔ income lifecycle separates declaration or entitlement from cash receipt (1.26903ms)
✔ lifecycle corrections preserve history and supersede only equal settlements (1.305037ms)
✔ sale workflow owns FIFO persistence behind restricted investments functions (1.485033ms)
✔ contract reconciles live state before removing predecessor production names (0.590422ms)
✔ rollback disables successor first, preserves data, and is recutover-safe (0.536091ms)
✔ sale contract reconciles FIFO state before removing predecessor names (0.597756ms)
✔ sale rollback is non-destructive and recutover-safe (0.47675ms)
✔ received-dividend workflow owns policy persistence behind restricted functions (0.783242ms)
✔ received-dividend contract reconciles before predecessor removal (0.436304ms)
✔ received-dividend rollback is non-destructive and recutover-safe (0.426637ms)
✔ allocation identities remain stable across the overlap window (0.361385ms)
✔ complete stage exit reconciles before deleting every investment predecessor (1.227532ms)
✔ complete stage exit removes overlap-era and duplicate write policies (0.614808ms)
✔ complete stage exit binds canonical investment writes to archive freshness (1.15733ms)
✔ supported patterns keep writes private and publish correction lineage (2.305935ms)
✔ supported-pattern rollback restores the exact predecessor or refuses after new data (0.474626ms)
✔ supported-pattern authority cleanup grants no runtime authority (0.680671ms)
✔ manual-evidence migration bounds owner authority after cleanup (0.610901ms)
✔ lifecycle measurement bounds owner authority after cleanup (0.329054ms)
✔ measurement reversals and investment boundaries are executable and reversible (0.961515ms)
✔ settled wrong-amount corrections bind both reversals atomically (0.570525ms)
✔ investments schema is private, forced-RLS, and restricted-role owned (26241.669007ms)
ℹ tests 33
ℹ suites 0
ℹ pass 33
ℹ fail 0
ℹ cancelled 0
ℹ skipped 0
ℹ todo 0
ℹ duration_ms 26416.089407

> talli-repository@0.1.0 test:investment-lots-schema
> node --test tests/investment_lots_schema.test.mjs

✔ FIFO migration owns lot history and atomic investment writes (5.35486ms)
✔ legacy positions fail closed until lot history is reconstructed (2.779406ms)
ℹ tests 2
ℹ suites 0
ℹ pass 2
ℹ fail 0
ℹ cancelled 0
ℹ skipped 0
ℹ todo 0
ℹ duration_ms 67.360011

> talli-repository@0.1.0 test:dividend-received
> uv run --project apps/backend pytest apps/backend/tests/test_investments.py apps/backend/tests/test_investments_workflow.py apps/backend/tests/test_investments_api.py apps/backend/tests/test_supabase_investments.py -k 'dividend or activity' -q && node --test apps/web/tests/investments-presentation.test.mjs && node --test tests/investments_capability_schema.test.mjs tests/investments_database_runtime.test.mjs

..........                                                               [100%]
10 passed, 51 deselected in 1.48s
✔ investments transport uses generated routes, auth, idempotency, and opaque paging (66.151302ms)
✔ investment unit reads reject lossy wire values (2.753531ms)
✔ investment position reads preserve contract-declared lifecycle movement facts (0.751694ms)
✔ investment unit presentation stays decimal-string exact (0.372355ms)
✔ investments presentation maps canonical wire facts without owning policy (1.990887ms)
✔ investments errors preserve retry identity only for unknown outcomes (0.291293ms)
✔ investment actions require explicit owner and dividend attestations (2.301206ms)
✔ investment wizard controls can shrink inside the mobile grid (1.859472ms)
ℹ tests 8
ℹ suites 0
ℹ pass 8
ℹ fail 0
ℹ cancelled 0
ℹ skipped 0
ℹ todo 0
ℹ duration_ms 343.651252
✔ the complete local database gate includes the investments lifecycle (1.620766ms)
✔ bank facts are claimed atomically through one restricted reversible routine (1.441772ms)
✔ year-end measurement is executable, restricted, and reverses fail closed (0.88926ms)
✔ lifecycle public cutover removes every v1 writer grant reversibly (2.151106ms)
✔ contract and rollback artifacts bound hosted backend-system DDL authority (2.310644ms)
✔ forward correction-source replay stays insert-only across rollback (0.408763ms)
✔ expand and workflow keep predecessor and successor stores coherent (0.918666ms)
✔ canonical investments tables are forced-RLS and runtime roles do not own them (1.153995ms)
✔ investment lifecycle expansion separates recognition, settlement, and measurement (1.91742ms)
✔ investment lifecycle workflow persists recognition and settlement separately (2.686586ms)
✔ share-sale lifecycle recognizes exact FIFO facts before separate settlement (1.272255ms)
✔ income lifecycle separates declaration or entitlement from cash receipt (1.304698ms)
✔ lifecycle corrections preserve history and supersede only equal settlements (1.299477ms)
✔ sale workflow owns FIFO persistence behind restricted investments functions (1.490563ms)
✔ contract reconciles live state before removing predecessor production names (0.595992ms)
✔ rollback disables successor first, preserves data, and is recutover-safe (0.536461ms)
✔ sale contract reconciles FIFO state before removing predecessor names (0.595753ms)
✔ sale rollback is non-destructive and recutover-safe (0.478233ms)
✔ received-dividend workflow owns policy persistence behind restricted functions (0.76007ms)
✔ received-dividend contract reconciles before predecessor removal (0.417931ms)
✔ received-dividend rollback is non-destructive and recutover-safe (0.42303ms)
✔ allocation identities remain stable across the overlap window (0.365172ms)
✔ complete stage exit reconciles before deleting every investment predecessor (1.226761ms)
✔ complete stage exit removes overlap-era and duplicate write policies (0.602645ms)
✔ complete stage exit binds canonical investment writes to archive freshness (1.160066ms)
✔ supported patterns keep writes private and publish correction lineage (3.135812ms)
✔ supported-pattern rollback restores the exact predecessor or refuses after new data (0.806856ms)
✔ supported-pattern authority cleanup grants no runtime authority (0.731706ms)
✔ manual-evidence migration bounds owner authority after cleanup (1.28516ms)
✔ lifecycle measurement bounds owner authority after cleanup (0.362647ms)
✔ measurement reversals and investment boundaries are executable and reversible (1.008073ms)
✔ settled wrong-amount corrections bind both reversals atomically (0.604479ms)
✔ investments schema is private, forced-RLS, and restricted-role owned (26508.881358ms)
ℹ tests 33
ℹ suites 0
ℹ pass 33
ℹ fail 0
ℹ cancelled 0
ℹ skipped 0
ℹ todo 0
ℹ duration_ms 26686.354525

> talli-repository@0.1.0 test:owner-dividend
> node --experimental-strip-types --test tests/owner_dividend.test.mjs

✔ legacy owner-dividend accounting and placeholder helpers are gone (1.265592ms)
✔ dividend basis is recomputed from approved persisted annual facts in integer ore (2.032905ms)
✔ dividend basis fails closed on unapproved or blocked annual facts (0.692944ms)
✔ server exposes only the draft action and never posts accounting directly (1.016347ms)
✔ wizard reviews all owners and meeting facts with proportional allocation only (0.85181ms)
✔ workspace no longer embeds the legacy posting form or placeholder copy (0.421536ms)
ℹ tests 6
ℹ suites 0
ℹ pass 6
ℹ fail 0
ℹ cancelled 0
ℹ skipped 0
ℹ todo 0
ℹ duration_ms 154.364392

> talli-repository@0.1.0 test:owner-dividend-payment
> node --experimental-strip-types --test tests/owner_dividend_payment.test.mjs

✔ open payable is derived only from a finalized declaration and immutable payment events (2.079312ms)
✔ payment validation accepts one eligible outgoing NOK transaction within the open payable (1.445047ms)
✔ server delegates policy-bound accounting atomically to the ledger coordinator (0.845168ms)
✔ workspace presents only eligible transactions for each finalized open payable (0.295732ms)
ℹ tests 4
ℹ suites 0
ℹ pass 4
ℹ fail 0
ℹ cancelled 0
ℹ skipped 0
ℹ todo 0
ℹ duration_ms 138.0358

> talli-repository@0.1.0 test:shareholder-loan
> node --experimental-strip-types --test tests/shareholder_loan.test.mjs

✔ builds supported shareholder-to-company loan ledger lines (2.442499ms)
✔ builds supported company-to-corporate-shareholder loan ledger lines (0.46058ms)
✔ blocks company-to-personal-shareholder loans with machine-readable reason (0.65362ms)
ℹ tests 3
ℹ suites 0
ℹ pass 3
ℹ fail 0
ℹ cancelled 0
ℹ skipped 0
ℹ todo 0
ℹ duration_ms 131.312192

> talli-repository@0.1.0 test:annual-data
> node --experimental-strip-types --test tests/annual_data.test.mjs

✔ builds structured year-end answers without free text (1.991488ms)
✔ does not mark activity years as no-activity (0.238956ms)
✔ seeds recorded activity into an unsaved year-end interview (0.259004ms)
✔ recorded activity cannot be hidden by a stale saved false answer (0.363137ms)
✔ keeps user confirmations independent from registered activity (0.246671ms)
ℹ tests 5
ℹ suites 0
ℹ pass 5
ℹ fail 0
ℹ cancelled 0
ℹ skipped 0
ℹ todo 0
ℹ duration_ms 132.237706

> talli-repository@0.1.0 test:annual-readiness
> node --experimental-strip-types --test tests/annual_readiness_gates.test.mjs

✔ evaluates ready state separately for all annual obligations (9.102641ms)
✔ returns hard blocks for missing permission and billing (0.832103ms)
✔ uses no-activity annual data to avoid unrelated tax-settlement clutter (0.76645ms)
✔ keeps accepted warnings separate from open warnings (0.96422ms)
✔ reports open warnings and obligation-specific blocks (0.575024ms)
ℹ tests 5
ℹ suites 0
ℹ pass 5
ℹ fail 0
ℹ cancelled 0
ℹ skipped 0
ℹ todo 0
ℹ duration_ms 206.528092

> talli-repository@0.1.0 test:annual-corporate-documents
> node --experimental-strip-types --test tests/annual_corporate_documents.test.mjs

✔ annual basis binds exact annual-data and annual-account payload hashes (16.365668ms)
✔ annual decision renders exactly the two annual PDF artifacts (895.548339ms)
✔ annual readiness becomes stale when the persisted source facts change (1.117406ms)
✔ annual server action persists only a two-artifact immutable draft (0.733289ms)
✔ year-end and filing UI expose the annual corporate lifecycle honestly (0.86267ms)
ℹ tests 5
ℹ suites 0
ℹ pass 5
ℹ fail 0
ℹ cancelled 0
ℹ skipped 0
ℹ todo 0
ℹ duration_ms 1084.074518

> talli-repository@0.1.0 test:authority-evidence
> node --experimental-strip-types --test tests/authority_test_evidence.test.mjs tests/annual_accounts_authority_evidence_import.test.mjs tests/company_tax_return_authority_evidence_import.test.mjs tests/rf1086_tt02_evidence.test.mjs tests/company_tax_return_tt02_evidence.test.mjs tests/annual_accounts_tt02_evidence.test.mjs

✔ runtime imports validated RR0002 evidence as pending without enabling production (1.331796ms)
✔ workspace offers a JSON evidence import and defaults manual evidence to pending (0.282708ms)
✔ annual-accounts TT02 evidence is submitted, archived, test-only, and secret-free (6.017983ms)
✔ builds accepted authority test evidence with receipt and archive refs (1.251767ms)
✔ imports submitted annual-accounts TT02 evidence as pending runtime evidence (1.48385ms)
✔ imports completed company-tax TT02 evidence as company- and year-bound pending evidence (1.836729ms)
✔ company-tax TT02 import fails closed on identity, authority, handoff, receipt, or archive mismatches (1.606819ms)
✔ annual-accounts TT02 import fails closed on company, production, and submission mismatches (0.606472ms)
✔ requires test reference and recorder (0.463706ms)
✔ gate requires accepted evidence with receipt and archive refs (0.369971ms)
✔ gate surfaces latest rejected, blocked, and pending evidence (11.992355ms)
✔ migration links test-authority submissions without opening the direct-write policy (1.807644ms)
✔ migration exposes one authenticated owner-AAL2-protected atomic import RPC (1.299355ms)
✔ RPC evidence URLs use one canonical HTTPS grammar and reject traversal (0.495936ms)
✔ RPC retries compare evidence content without replacing the original actors (0.339954ms)
✔ runtime imports completed company-tax TT02 evidence through exactly one atomic RPC (0.708653ms)
✔ workspace offers a company-tax JSON evidence import bound to the active year (0.303797ms)
✔ company-tax TT02 evidence is submitted, receipted, archived, test-only, and secret-free (5.845571ms)
✔ RF-1086 TT02 evidence is accepted, complete, and secret-free (5.629325ms)
ℹ tests 19
ℹ suites 0
ℹ pass 19
ℹ fail 0
ℹ cancelled 0
ℹ skipped 0
ℹ todo 0
ℹ duration_ms 459.141428

> talli-repository@0.1.0 test:authority-adapters
> node --experimental-strip-types --test tests/authority_adapters.test.mjs

✔ RF-1086 transport is implemented but every production authority adapter remains disabled (3.078036ms)
✔ RF-1086 plan preserves XML document, confirmation, feedback, and receipt sequence (0.237323ms)
✔ tax return and annual accounts plans require an ID-porten person signing handoff (0.30017ms)
ℹ tests 3
ℹ suites 0
ℹ pass 3
ℹ fail 0
ℹ cancelled 0
ℹ skipped 0
ℹ todo 0
ℹ duration_ms 142.343663

> talli-repository@0.1.0 test:authority-operations
> node --experimental-strip-types --test tests/authority_operations.test.mjs tests/authority_operations_schema.test.mjs tests/authority_operations_actions.test.mjs

✔ authority operation environment fails closed and rejects test credentials (2.474179ms)
✔ authority environment accepts the proven RSA PEM shape used by production filing (0.497008ms)
✔ environment diagnostics expose only the invalid field (0.242032ms)
✔ builds the one fixed RF-1086 own-system definition (2.004762ms)
✔ requires the exact immutable operation and confirmation phrase (0.639954ms)
✔ requires the separate exact callback operation and confirmation phrase (0.369529ms)
✔ callback update performs a full PUT only from the exact empty-callback definition (35.464457ms)
✔ an exact callback definition is already verified with GET only (0.875794ms)
✔ a missing system is a definition conflict and never creates or updates (1.374178ms)
✔ any non-callback definition drift blocks without a write (11.739604ms)
✔ unknown or duplicate fields at every callback projection level block without a write (1.939119ms)
✔ null and malformed callback projection values block without a write (2.622735ms)
✔ PUT transport failures are always reconciled by GET (2.995943ms)
✔ non-success PUT responses are always reconciled by GET (2.535743ms)
✔ invalid successful PUT bodies are reconciled and preserve their safe failure when unchanged (1.626306ms)
✔ every callback authority response is capped before status handling (3.668878ms)
✔ final GET transport failures use only the fixed verification error (0.832474ms)
✔ callback verification drift is reported as conflict after the one allowed PUT (1.408319ms)
✔ creates a missing system then verifies it without leaking the token (1.832741ms)
✔ returns already_verified for an exactly matching existing definition (0.441735ms)
✔ does not overwrite a conflicting existing definition (0.384558ms)
✔ rejects malformed authority responses with only safe errors (0.595562ms)
✔ sanitizes network and upstream HTTP failures (0.633863ms)
✔ authority operation is admin-only, AAL2-gated, exact, and service-audited (2.093618ms)
✔ operator UI exposes only the immutable RF-1086 operation and redacted results (0.269394ms)
✔ the server query is limited to recent redacted rows for active admins (0.247422ms)
✔ callback update has a separate admin, fresh-AAL2, ops-gated audited action (0.354212ms)
✔ operator callback UI is native, exact, and honest about its narrow effect (0.948261ms)
✔ authority operations are constrained, RLS protected, and service-written (1.36616ms)
✔ rollback revokes access before dropping the table (0.45598ms)
✔ callback operation migration expands only the constrained safe audit contract (0.517837ms)
✔ callback rollback removes callback rows before restoring the original constraints (0.397111ms)
ℹ tests 32
ℹ suites 0
ℹ pass 32
ℹ fail 0
ℹ cancelled 0
ℹ skipped 0
ℹ todo 0
ℹ duration_ms 396.738226

> talli-repository@0.1.0 test:maskinporten
> node --experimental-strip-types --test tests/maskinporten.test.mjs

✔ builds a short-lived TT02 system-user grant against the issuer audience (6.339434ms)
✔ signs a verifiable compact RS256 JWT without exposing the private key (79.398107ms)
✔ posts the JWT bearer grant and returns an opaque access token in memory (72.871434ms)
✔ sanitizes authority errors and rejects malformed token responses (61.590627ms)
✔ fails closed on invalid environment, identifiers, scope, and key material (0.750632ms)
✔ loads one production credential set without treating an operations switch as an owner feature gate (27.615538ms)
✔ rejects a token response that broadens or changes the requested scope (46.617578ms)
ℹ tests 7
ℹ suites 0
ℹ pass 7
ℹ fail 0
ℹ cancelled 0
ℹ skipped 0
ℹ todo 0
ℹ duration_ms 432.718847

> talli-repository@0.1.0 test:system-user-requests
> node --experimental-strip-types --test tests/system_user_requests.test.mjs tests/system_user_authority_client.test.mjs tests/system_user_callback_route.test.mjs

✔ create sends one standard request with the exact fixed contract (34.14686ms)
✔ lookup methods use only the standard request and system-user endpoints (2.449302ms)
✔ the client rejects agent fields, mismatches, wrong hosts, and oversized bodies (4.921857ms)
✔ response validation rejects unknown statuses and every fixed-field or shape mismatch (0.770158ms)
✔ confirmation URLs use only the exact HTTPS host for their environment (0.746684ms)
✔ query validation rejects invalid shapes, identity mismatches, and extra fields (3.755801ms)
✔ authority errors expose only allowlisted safe codes (1.300267ms)
✔ prototype names cannot bypass the documented authority-code allowlist (4.378944ms)
✔ invalid inputs fail before network access without reflecting sensitive values (0.846541ms)
✔ production route import defers canonical origin validation until a callback request (250.153805ms)
✔ callback redirects use only the fixed Talli origin, with localhost limited to non-production (0.93225ms)
✔ callback ignores every query parameter and uses only authenticated user, cookie UUID, and company-access authorization (6.324426ms)
✔ missing cookie redirects to fixed manual status and still deletes the exact cookie path (0.966774ms)
✔ invalid cookie, missing user, stale request, and cross-owner request all fail closed (2.37332ms)
✔ callback errors expose no provider detail, identifiers, or reflected input (0.98017ms)
✔ callback maps only allowlisted local states (3.956555ms)
✔ external references are opaque and transitions are monotonic (3.429321ms)
✔ terminal Altinn failures cannot be reopened (0.23601ms)
✔ invalid runtime statuses use the stable transition error (0.37484ms)
ℹ tests 19
ℹ suites 0
ℹ pass 19
ℹ fail 0
ℹ cancelled 0
ℹ skipped 0
ℹ todo 0
ℹ duration_ms 851.937994

> talli-repository@0.1.0 test:rf1086:authority-client
> node --experimental-strip-types --test tests/rf1086_authority_client.test.mjs

✔ executes the official hovedskjema, underskjema, confirmation, and archive sequence (51.169354ms)
✔ accepts the documented lowercase main response and uses the production base only when explicit (0.867389ms)
✔ returns structured sanitized authority errors without token or submitted field values (2.750614ms)
✔ polls the documented forsendelseId after the observed eventual-consistency GLD_1017 (2.521958ms)
✔ classifies authentication expiry and server failures as retryable (1.255804ms)
✔ fails closed on missing XML, invalid years, references, idempotency keys, and bearer tokens (0.821183ms)
✔ retrieves an individual allowlisted document with a bounded GET (0.856909ms)
✔ individual document retrieval rejects disallowed types and streams over 10 MiB (5.653403ms)
✔ document listing preserves inline XML and only strict UUID references (1.127024ms)
✔ all JSON authority responses are streamed with a global 64 KiB cap (2.119286ms)
✔ JSON authority responses reject non-JSON media types without exposing their body (0.644403ms)
ℹ tests 11
ℹ suites 0
ℹ pass 11
ℹ fail 0
ℹ cancelled 0
ℹ skipped 0
ℹ todo 0
ℹ duration_ms 231.981734

> talli-repository@0.1.0 test:rf1086:production-pilot
> node --experimental-strip-types --test tests/production_pilot.test.mjs tests/production_approval.test.mjs tests/production_submission.test.mjs tests/controlled_production_beta_schema.test.mjs tests/rf1086_production.test.mjs tests/rf1086_production_environment.test.mjs tests/controlled_production_beta_actions.test.mjs tests/rf1086_production_runbook.test.mjs

✔ operator entitlement action is exact and database-authorized (2.454632ms)
✔ owner approval binds persisted preview data and requires a real-filing acknowledgement (0.514761ms)
✔ send action rechecks approval, uses production-only credentials, and journals authority calls (1.948828ms)
✔ production release does not begin or submit when delegated-token acquisition fails (1.490482ms)
✔ production release makes no POST when transactional begin rejects after token acquisition (0.525821ms)
✔ production release orders token, durable begin, then journaled external submission (0.40178ms)
✔ owner connection actions accept only local UUID selection and enforce fresh AAL2 before flow orchestration (0.529639ms)
✔ production UI never equates receipt transport with final acceptance (0.393245ms)
✔ a disabled production adapter tolerates an unapplied additive schema during rollout (1.686318ms)
✔ all migrations use portable JSONB object checks (6.871877ms)
✔ creates a separate production-only aggregate with constrained states (1.412416ms)
✔ denies direct customer mutation and keeps authority events service-only (0.550177ms)
✔ approval and begin RPCs enforce owner AAL2 and an exact active entitlement (0.500083ms)
✔ acceptance requires explicit final authority evidence and events are append-only (0.325908ms)
✔ rollback revokes RPC access before dropping additive objects (0.237834ms)
✔ Systembruker binding preserves every existing production filing gate (0.810783ms)
✔ builds a deterministic canonical approval manifest (15.625447ms)
✔ approval hash changes when any legally relevant value changes (0.794392ms)
✔ matches only the exact current manifest and rejects blocked approvals (0.837092ms)
✔ requires an exact active company/user/year/obligation/profile entitlement (2.29824ms)
✔ rejects absent, future, and expired entitlements (0.26221ms)
✔ bypasses billing only for an exact billing-exempt pilot (1.24235ms)
✔ never applies the billing exemption to an inexact or non-exempt entitlement (0.708082ms)
✔ allows only documented production submission transitions (1.684194ms)
✔ transport acknowledgement cannot become accepted (0.359511ms)
✔ uses explicit authority feedback for terminal outcomes (0.241931ms)
✔ reconciliation action rechecks the exact owner, submission, and verified request without POST (0.805183ms)
✔ initial send performs bounded feedback polling only after the journaled confirmation path (0.366655ms)
✔ private artifact persistence verifies receipts and cleans up only after authoritative absence (0.861999ms)
✔ filing page auto-resumes pending reconciliation and always exposes manual retry (0.423771ms)
✔ persists stable prepared keys before each authority mutation and reports processing (5.42673ms)
✔ confirmation remains journaled when the first archive read is still pending (1.003644ms)
✔ resumes succeeded mutations without sending them twice (0.772361ms)
✔ resumes a retryable mutation with its persisted idempotency key (1.174473ms)
✔ does not retry a mutation that authority already blocked (0.814882ms)
✔ quarantines a mutation timeout instead of retrying (0.969339ms)
✔ records an explicit authority rejection as blocked without leaking XML (0.616571ms)
✔ initial reconciliation polls five times without another POST (4.229023ms)
✔ later reconciliation reads once and appends only state or artifact changes (0.572378ms)
✔ submitted XML hashes are ignored while strict references are downloaded and classified (1.03396ms)
✔ unknown archive shapes and malformed or mismatched feedback require action (0.865264ms)
✔ transport uncertainty is durable unknown with safe codes only (0.534458ms)
✔ bare GLD_021 and bare GLD_1017 archive responses remain processing (0.464196ms)
✔ a transient artifact persistence failure remains reclaimable and retries read-only (1.291801ms)
✔ Supabase connection and pool failures remain retryable through the real persistence mapping (2.404819ms)
✔ Supabase constraint and schema failures remain terminal through the real persistence mapping (3.706498ms)
✔ ambiguous metadata commit preserves the receipt and the next read-only attempt verifies it (0.700197ms)
✔ authoritative metadata absence permits cleanup of resources owned by the failed attempt (1.089897ms)
✔ existing metadata retains only the canonical DocumentId relationship (0.191067ms)
✔ production stays disabled by default (1.968324ms)
✔ returns only strict production configuration when every gate is present (0.496958ms)
✔ rejects file paths, test material, wrong scope, partial configuration, and loose flag values (0.780587ms)
✔ runbook covers the hand-held first production filing and immediate rollback (1.295118ms)
✔ release docs require callback verification before self-service activation (0.210643ms)
✔ runbook defines the activation order, recovery matrix, and local-proof boundary (0.391601ms)
ℹ tests 55
ℹ suites 0
ℹ pass 55
ℹ fail 0
ℹ cancelled 0
ℹ skipped 0
ℹ todo 0
ℹ duration_ms 1167.269184

> talli-repository@0.1.0 test:python-runtime
> node --experimental-strip-types --test tests/python_runtime.test.mjs

✔ uses an explicit configured Python runtime (1.150919ms)
✔ finds the project virtualenv for local filing-engine calls (0.262941ms)
✔ fails closed when no dependency-complete Python runtime is configured (0.568361ms)
ℹ tests 3
ℹ suites 0
ℹ pass 3
ℹ fail 0
ℹ cancelled 0
ℹ skipped 0
ℹ todo 0
ℹ duration_ms 129.04707

> talli-repository@0.1.0 test:corporate-documents
> node --experimental-strip-types --test tests/corporate_documents.test.mjs tests/corporate_decision_facts.test.mjs tests/corporate_document_readiness.test.mjs tests/corporate_document_schema.test.mjs tests/corporate_document_database_runtime.test.mjs

✔ largest-remainder allocation is deterministic in integer øre (2.425238ms)
✔ owner-dividend facts come only from persisted identity, shareholders, and approved annual totals (14.137328ms)
✔ stale or tampered reviewed facts are rejected instead of silently replaced (1.714962ms)
✔ annual-close input binds both annual-data and annual-account payload hashes (1.341114ms)
✔ corporate lifecycle RPCs pass a fresh PostgreSQL rehearsal (8747.758806ms)
✔ state is derived only from current immutable artifacts, events, and finalization (1.812734ms)
✔ readiness fails closed for stale hashes, unsigned documents, and terminal decisions (3.083537ms)
✔ annual filing gate requires the current annual decision hash and finalization when enabled (1.435591ms)
✔ corporate decision schema is immutable, tenant scoped, and hash bound (6.383862ms)
✔ accounting policy accounts are server-side reviewed facts (1.932348ms)
✔ database RPCs recompute canonical hashes and persisted accounting facts (3.550099ms)
✔ canonical Node JSON and hash match the Python renderer (436.002984ms)
✔ parser independently validates JSON, hashes, lengths, PDF bytes, and exact kinds (6.438872ms)
✔ parser preserves a narrow blocked result without trusting arbitrary fields (0.491658ms)
✔ renderer kills subprocesses that exceed bounded stdout or stderr (1.639852ms)
✔ renderer uses no shell, a fixed argv, a timeout, and a restricted environment (6.578583ms)
✔ corporate rendering owns bytes and facts but delegates object identity to documents (1.565023ms)
ℹ tests 17
ℹ suites 0
ℹ pass 17
ℹ fail 0
ℹ cancelled 0
ℹ skipped 0
ℹ todo 0
ℹ duration_ms 9782.91983

> talli-repository@0.1.0 test:corporate-decision-workflow
> node --experimental-strip-types --test tests/corporate_decision_workflow.test.mjs

✔ signed corporate upload validates PDF bytes and delegates immutable storage identity (3.049234ms)
✔ required signer names are derived from immutable canonical input (12.931576ms)
✔ server exposes step-up-protected immutable lifecycle actions (0.987975ms)
✔ review, signed attestation, and preview UI use honest owner-only copy (0.428761ms)
ℹ tests 4
ℹ suites 0
ℹ pass 4
ℹ fail 0
ℹ cancelled 0
ℹ skipped 0
ℹ todo 0
ℹ duration_ms 161.325714

> talli-repository@0.1.0 test:rf1086:persisted
> node --experimental-strip-types --test tests/rf1086_persisted_preview.test.mjs

✔ builds RF-1086 no-activity case from persisted setup rows (2.065256ms)
✔ renders persisted no-activity case through Python RF-1086 engine (380.166958ms)
✔ renders persisted no-activity case without a Python runtime (2.617637ms)
✔ serverless renderer matches the verified Python renderer for the no-activity profile (334.453866ms)
✔ blocks persisted setup with mismatched shareholder totals in both renderers (337.754968ms)
ℹ tests 5
ℹ suites 0
ℹ pass 5
ℹ fail 0
ℹ cancelled 0
ℹ skipped 0
ℹ todo 0
ℹ duration_ms 1202.60451

> talli-repository@0.1.0 test:rf1086:submission
> node --experimental-strip-types --test tests/rf1086_submission_persisted.test.mjs

✔ blocks simulated submission without authority confirmation (1.637848ms)
✔ blocks simulated submission without final preview confirmation (0.225471ms)
✔ prepares deterministic simulated submission calls and receipt from persisted preview (721.343223ms)
✔ simulates a persisted submission without a Python runtime (8.921217ms)
✔ serverless simulation matches the verified Python request plan (336.822988ms)
✔ blocks production adapter even if the legacy environment flag is set (0.629766ms)
✔ builds stable request payload hash and idempotency key (1.462581ms)
✔ builds accepted receipt metadata and immutable submitted payload references (335.463031ms)
✔ builds rejected feedback as structured error state (0.593726ms)
ℹ tests 9
ℹ suites 0
ℹ pass 9
ℹ fail 0
ℹ cancelled 0
ℹ skipped 0
ℹ todo 0
ℹ duration_ms 1568.959612

> talli-repository@0.1.0 test:annual-accounts
> node --experimental-strip-types --test tests/annual_accounts_payload.test.mjs

✔ builds verified RR0002 annual accounts payload fields (4.58463ms)
✔ includes system costs, bank interest, and share-sale losses in annual result (0.446884ms)
✔ separates tax expense from result before tax and includes tax payable in debt (0.500895ms)
✔ returns annual accounts feedback for missing notes and unsupported cases (0.472773ms)
✔ persists annual accounts payload feedback into readiness gate shape (2.278133ms)
ℹ tests 5
ℹ suites 0
ℹ pass 5
ℹ fail 0
ℹ cancelled 0
ℹ skipped 0
ℹ todo 0
ℹ duration_ms 169.97319

> talli-repository@0.1.0 test:annual-accounts-xml
> node --experimental-strip-types --test tests/annual_accounts_xml.test.mjs

✔ renders deterministic live-schema RR0002 main and company-accounts XML (3.844539ms)
✔ rejects a payload with readiness blocks (0.783162ms)
✔ rejects unbalanced or fractional whole-kroner payloads (3.257703ms)
✔ rejects a missing field or mismatched official orid (0.676673ms)
✔ rejects a calendar-invalid approval date (0.293839ms)
ℹ tests 5
ℹ suites 0
ℹ pass 5
ℹ fail 0
ℹ cancelled 0
ℹ skipped 0
ℹ todo 0
ℹ duration_ms 154.351502

> talli-repository@0.1.0 test:annual-accounts-authority
> node --experimental-strip-types --test tests/annual_accounts_authority_client.test.mjs

✔ prepares the official RR0002 instance for person signing without signing or submitting (41.975145ms)
✔ reads completed RR0002 signature, receipt, and archive evidence without downloading documents (1.515559ms)
✔ fails closed on authority validation errors before locking the instance (2.930642ms)
✔ exchanges the Maskinporten token at the documented TT02 Altinn endpoint (1.733276ms)
✔ rejects incomplete instances, invalid inputs, and production transport (2.129226ms)
✔ sanitizes remote errors and never includes submitted XML or access tokens (0.831372ms)
ℹ tests 6
ℹ suites 0
ℹ pass 6
ℹ fail 0
ℹ cancelled 0
ℹ skipped 0
ℹ todo 0
ℹ duration_ms 204.668722

> talli-repository@0.1.0 test:annual-accounts-authority-script
> node --experimental-strip-types --test tests/annual_accounts_authority_script.test.mjs

✔ annual accounts authority rehearsal refuses to run without explicit test-write approval (135.303685ms)
ℹ tests 1
ℹ suites 0
ℹ pass 1
ℹ fail 0
ℹ cancelled 0
ℹ skipped 0
ℹ todo 0
ℹ duration_ms 210.42098

> talli-repository@0.1.0 test:company-tax-return
> node --experimental-strip-types --test tests/company_tax_return_payload.test.mjs

✔ builds 2025 schema-backed company tax return payload candidate (7.893669ms)
✔ uses the current-draft party number for both authority documents (1.195602ms)
✔ reconciles interest, costs, exempt gains, and non-deductible losses (18.749706ms)
✔ renders a negative taxable basis as a positive whole-number loss (0.474465ms)
✔ blocks unsupported tax treatment and shareholder loans (0.668508ms)
✔ builds no-activity payload candidate without activity warnings (0.536542ms)
✔ blocks unsupported owner dividend and blocking actions (1.193719ms)
✔ persists tax return payload feedback into skattemelding readiness (1.910076ms)
✔ archives pending company-tax TT02 feedback without relabeling it as a simulated receipt (1.434138ms)
ℹ tests 9
ℹ suites 0
ℹ pass 9
ℹ fail 0
ℹ cancelled 0
ℹ skipped 0
ℹ todo 0
ℹ duration_ms 233.465078

> talli-repository@0.1.0 test:company-tax-return-xml
> node --experimental-strip-types --test tests/company_tax_return_xml.test.mjs

✔ renders deterministic 2025 XML with escaped values and schema order (6.037083ms)
✔ rendered XML validates against the pinned official schemas when supplied (37.791734ms)
ℹ tests 2
ℹ suites 0
ℹ pass 2
ℹ fail 0
ℹ cancelled 0
ℹ skipped 0
ℹ todo 0
ℹ duration_ms 201.945961

> talli-repository@0.1.0 test:company-tax-return-authority
> node --experimental-strip-types --test tests/company_tax_return_authority_client.test.mjs

✔ renders the official v2 envelope with base64 documents and 2025 submission purpose (2.1152ms)
✔ rendered envelope validates against the pinned official request schema when supplied (9.999101ms)
✔ renders and posts a reference-free envelope only to the documented validertest endpoint (36.802567ms)
✔ summarizes validation status and guidance without retaining calculated documents (13.703026ms)
✔ exchanges a system-user Maskinporten token at the official Altinn endpoint (1.284208ms)
✔ uses the official current-document and Altinn async-validation sequence (8.100315ms)
✔ replaces an existing company-tax envelope data element in place (1.116154ms)
✔ advances exactly once from data to owner confirmation and returns the documented viewer URL (2.121281ms)
✔ owner-confirmation preparation is idempotent and blocks unknown tasks without a write (2.410771ms)
✔ retrieves exactly one clean XML feedback receipt through read-only calls (1.66056ms)
✔ feedback retrieval treats missing feedback as retryable and duplicate feedback as blocked (1.195862ms)
✔ feedback retrieval blocks rejected scans, non-XML content, and byte-length mismatches (1.533734ms)
✔ polls read-only until the company tax feedback receipt is available (1.276303ms)
✔ fails closed before validation until the uploaded envelope is virus-scan Clean (0.732367ms)
✔ sanitizes remote errors and rejects production-by-default shortcuts (0.898518ms)
ℹ tests 15
ℹ suites 0
ℹ pass 15
ℹ fail 0
ℹ cancelled 0
ℹ skipped 0
ℹ todo 0
ℹ duration_ms 257.677402

> talli-repository@0.1.0 test:company-tax-return-authority-script
> node --test tests/company_tax_return_authority_script.test.mjs

✔ company tax rehearsal refuses to run without explicit TT02 write approval (133.956999ms)
✔ company tax rehearsal is resumable, company-bound, and keeps final submission human-controlled (0.650755ms)
ℹ tests 2
ℹ suites 0
ℹ pass 2
ℹ fail 0
ℹ cancelled 0
ℹ skipped 0
ℹ todo 0
ℹ duration_ms 212.348496

> talli-repository@0.1.0 test:review
> node --experimental-strip-types --test tests/review_workflow.test.mjs

✔ advisory review comments can be acknowledged (1.172209ms)
✔ hard review comments cannot be acknowledged as advisory (0.627111ms)
✔ hard review comments block simulated submission (0.251099ms)
✔ workspace invitation presentation marks pending invitations expired (0.319938ms)
✔ review checklist keeps advisory comments separate from hard system blocks (1.124169ms)
ℹ tests 5
ℹ suites 0
ℹ pass 5
ℹ fail 0
ℹ cancelled 0
ℹ skipped 0
ℹ todo 0
ℹ duration_ms 134.945333

> talli-repository@0.1.0 test:billing
> node --experimental-strip-types --test tests/billing_persisted.test.mjs

✔ builds founder and standard billing accounts with launch prices (1.741722ms)
✔ blocks founder cohorts outside first 100 companies (0.830811ms)
✔ filing package charge waits for subscription and readiness (0.436144ms)
✔ unsupported cases remain no-charge and supported paid failures are refund eligible (0.335557ms)
✔ simulated provider events persist idempotent payment and refund references (0.661675ms)
✔ simulated provider events handle duplicate webhooks and subscription cancellation (0.542172ms)
ℹ tests 6
ℹ suites 0
ℹ pass 6
ℹ fail 0
ℹ cancelled 0
ℹ skipped 0
ℹ todo 0
ℹ duration_ms 141.80617

> talli-repository@0.1.0 test:cancellation
> node --experimental-strip-types --test tests/cancellation.test.mjs

✔ requires archive export before cancellation can move into retention hold (1.189941ms)
✔ keeps final deletion behind legal review and explicit deletion state (0.285894ms)
✔ builds archive and retention evidence for launch-critical records (1.513265ms)
✔ shows explicit export, soft-delete, retention, and final deletion lifecycle states (1.102258ms)
✔ builds retained deletion completion update with reviewer and actor (0.943331ms)
ℹ tests 5
ℹ suites 0
ℹ pass 5
ℹ fail 0
ℹ cancelled 0
ℹ skipped 0
ℹ todo 0
ℹ duration_ms 141.887274

> talli-repository@0.1.0 test:operator-support
> node --experimental-strip-types --test tests/operator_support.test.mjs

✔ operator support exposes no legacy company-search seam (13.141263ms)
✔ operator summary highlights filing, billing, refund, restore, and audit state (13.684629ms)
✔ operator summary keeps cross-company data separated (0.271337ms)
ℹ tests 3
ℹ suites 0
ℹ pass 3
ℹ fail 0
ℹ cancelled 0
ℹ skipped 0
ℹ todo 0
ℹ duration_ms 151.403351

> talli-repository@0.1.0 test:operator-mfa
> node --test tests/operator_mfa.test.mjs

✔ operator MFA uses the signed-in browser session and official TOTP APIs (1.133537ms)
✔ an existing AAL2 session can be re-verified after the freshness window expires (0.300751ms)
✔ the MFA surface is rendered only inside the existing admin operator boundary (1.475024ms)
ℹ tests 3
ℹ suites 0
ℹ pass 3
ℹ fail 0
ℹ cancelled 0
ℹ skipped 0
ℹ todo 0
ℹ duration_ms 67.672094

> talli-repository@0.1.0 test:deadlines
> node --experimental-strip-types --test tests/deadlines.test.mjs

✔ shows upcoming deadlines before due dates (4.000008ms)
✔ shows due on exact deadline date (0.322082ms)
✔ shows overdue after deadline without fine guarantee language (1.190282ms)
✔ shows simulated when RF-1086 receipt exists before deadline (0.264674ms)
✔ shows late simulated when receipt is archived after deadline (0.237954ms)
✔ represents RF-1086, skattemelding, and årsregnskap separately (0.996631ms)
✔ queues configurable upcoming reminders with Norwegian no-guarantee language (0.708663ms)
✔ prevents duplicate reminders and skips completed filings (0.41778ms)
✔ queues overdue guidance without unsupported cases (1.729519ms)
ℹ tests 9
ℹ suites 0
ℹ pass 9
ℹ fail 0
ℹ cancelled 0
ℹ skipped 0
ℹ todo 0
ℹ duration_ms 144.208837

> talli-repository@0.1.0 test:archive
> node --experimental-strip-types --test tests/archive_export.test.mjs

✔ builds company-year archive from persisted workspace rows (4.44042ms)
✔ archive download fetches only sanitized authority runs linked by submission id (0.972716ms)
✔ archive ledger facts come through the generated capability query with a frozen projection (1.235447ms)
ℹ tests 3
ℹ suites 0
ℹ pass 3
ℹ fail 0
ℹ cancelled 0
ℹ skipped 0
ℹ todo 0
ℹ duration_ms 142.319639

> talli-repository@0.1.0 test:backup-restore
> node --experimental-strip-types --test tests/backup_restore.test.mjs

✔ company-tax evidence migration preserves an atomic reference-only backup boundary (2.430968ms)
✔ backup manifest identifies launch-critical tables and object references (1.937607ms)
✔ restore fixture preserves launch-critical accounting state in isolated workspace (1.203096ms)
✔ company-tax submissions are counted and round-trip with generic filing submissions (0.726367ms)
✔ restore integrity rejects missing and mismatched company-tax authority evidence pairs (3.633724ms)
✔ restore integrity fails when corporate lifecycle rows or object metadata are incomplete (0.648811ms)
✔ restore integrity reports missing object warning and missing critical rows (0.385059ms)
✔ production restore launch gate requires recent passing restore test (0.306251ms)
✔ corporate release and restore runbooks keep external gates explicitly pending (1.62279ms)
ℹ tests 9
ℹ suites 0
ℹ pass 9
ℹ fail 0
ℹ cancelled 0
ℹ skipped 0
ℹ todo 0
ℹ duration_ms 158.434138

> talli-repository@0.1.0 test:security
> node --experimental-strip-types --test tests/security_step_up.test.mjs

✔ step-up accepts fresh signed AAL2 claims for the matching actor (2.42626ms)
✔ step-up accepts supported signed MFA method references and uses the newest one (0.383105ms)
✔ step-up fails closed for AAL1, cross-user, missing AMR, and string-only AMR claims (0.737626ms)
✔ step-up rejects invalid, stale, and future MFA timestamps (0.494904ms)
✔ all protected corporate actions require fresh AAL2 user presence (0.5358ms)
✔ server gate verifies claims, never reads legacy step-up rows, and audits allow/block (1.113129ms)
✔ claims lookup failures are blocked and audited without leaking provider details (0.411508ms)
ℹ tests 7
ℹ suites 0
ℹ pass 7
ℹ fail 0
ℹ cancelled 0
ℹ skipped 0
ℹ todo 0
ℹ duration_ms 137.914297

> talli-repository@0.1.0 test:trusted-aal2-schema
> node --test tests/trusted_aal2_schema.test.mjs

✔ legacy step-up events are inaccessible to customer Data API roles (5.769221ms)
✔ corporate step-up RPC trusts signed AAL2 and timestamped AMR claims only (2.81749ms)
✔ final founder confirmation is a database-enforced launch signoff key (2.702195ms)
ℹ tests 3
ℹ suites 0
ℹ pass 3
ℹ fail 0
ℹ cancelled 0
ℹ skipped 0
ℹ todo 0
ℹ duration_ms 72.127014

> talli-repository@0.1.0 test:filing-release-gate
> node --experimental-strip-types --test tests/filing_release_gate.test.mjs

✔ release evidence keeps authority and filing switches off after local browser proof (1.738506ms)
✔ keeps all production filing gates disabled without authority, billing, step-up, and human review (1.441081ms)
✔ blocks production when authority evidence or filing-specific signoff is missing (0.689497ms)
✔ marks only the exactly entitled RF obligation production ready when every release gate passes (1.591932ms)
✔ cannot report production ready when a live adapter is unimplemented or disabled (0.368668ms)
✔ fresh AAL2 and enabled adapters cannot replace final founder confirmation (0.351697ms)
✔ a stale restore rehearsal blocks every production filing (0.62148ms)
ℹ tests 7
ℹ suites 0
ℹ pass 7
ℹ fail 0
ℹ cancelled 0
ℹ skipped 0
ℹ todo 0
ℹ duration_ms 224.114343

> talli-repository@0.1.0 test:production-filing-guide
> node --test tests/production_filing_action_guide.test.mjs

✔ checklist and guide keep the exact ordered stage sequence (1.970078ms)
✔ both documents keep runtime signoffs in the signoff stage (0.625207ms)
✔ both documents keep case-specific gates in their operating stages (0.581035ms)
✔ mandatory gates stay affirmative without localized contradictions (7.840558ms)
✔ mandatory-gate contradiction matcher rejects bypasses but allows fail-closed language (0.3588ms)
✔ every guide stage uses only numbered checkbox action entries (1.738756ms)
✔ mandatory gate declarations stay outside exact action checkboxes (0.279522ms)
✔ founder go-live approval stays pending until the complete evidence set exists (0.407842ms)
✔ production credential readiness is verified without exposing the key (0.456042ms)
✔ unknown outcome shutdown precedes read-only reconciliation (0.471881ms)
✔ legal-pack approval stage says professional approval is pending (0.209511ms)
✔ guide preserves switch, evidence, and unknown-outcome stop rules (0.21442ms)
✔ both documents state the narrow scope and forbid adjacent filing scope (0.29471ms)
ℹ tests 13
ℹ suites 0
ℹ pass 13
ℹ fail 0
ℹ cancelled 0
ℹ skipped 0
ℹ todo 0
ℹ duration_ms 87.054989

> talli-repository@0.1.0 test:launch-copy
> node --experimental-strip-types --test tests/launch_copy.test.mjs

✔ requires non-affiliation and pre-production gate language in public app copy (3.266739ms)
✔ rejects launch claims that outrun authority evidence (0.5031ms)
✔ public homepage is a truthful free recruitment entry (1.098571ms)
✔ public company check is free, provisional, and distinguishes provider failure (2.155674ms)
✔ public legal copy identifies the real beta operator and contains no placeholders (0.626129ms)
✔ email signup communicates the hosted twelve-character password floor (0.283188ms)
✔ launch validator rejects beta overclaims about review, payment, and delivery (0.248124ms)
✔ owner Systembruker copy distinguishes approval from verified readiness (0.359962ms)
ℹ tests 8
ℹ suites 0
ℹ pass 8
ℹ fail 0
ℹ cancelled 0
ℹ skipped 0
ℹ todo 0
ℹ duration_ms 154.565715

> talli-repository@0.1.0 test:launch-signoff
> node --experimental-strip-types --test tests/launch_signoff.test.mjs

✔ blocks launch when required signoffs are missing (2.112835ms)
✔ blocks launch when signoff is rejected or incomplete (1.394003ms)
✔ requires fresh restore signoff (0.475247ms)
✔ rejects future-dated launch signoffs (0.876266ms)
✔ passes only when every launch signoff is approved with evidence (0.410186ms)
✔ builds persisted launch signoff record and validates approved evidence (0.564854ms)
✔ documented launch_legal_name_public_copy entry is a valid approved record (0.325478ms)
✔ launch evidence records the final founder gate as intentionally unapproved (4.037959ms)
ℹ tests 8
ℹ suites 0
ℹ pass 8
ℹ fail 0
ℹ cancelled 0
ℹ skipped 0
ℹ todo 0
ℹ duration_ms 146.905223

> talli-repository@0.1.0 test:validation-observation-launch-off
> node --test tests/validation_observation_launch_off.test.mjs

✔ full-launch source configuration is exact off and public contracts expose no pilot authority (10.826666ms)
ℹ tests 1
ℹ suites 0
ℹ pass 1
ℹ fail 0
ℹ cancelled 0
ℹ skipped 0
ℹ todo 0
ℹ duration_ms 70.071324

> talli-repository@0.1.0 test:legal-policy
> node --test tests/legal_policy_pack.test.mjs tests/launch_human_gate_preparation.test.mjs

✔ measurement decision inventories application-controlled data without hosted overclaims (1.224346ms)
✔ consent proof remains exact-release-bound and inactive without human approval (0.229819ms)
✔ validation plan links preparation without opening intake (0.150381ms)
✔ founder-approved pilot observation direction stays separate and fails closed for launch (0.366735ms)
✔ pre-intake pack stays blank, protected-store-first and fail closed (0.440472ms)
✔ terms cover holding-first scope, unsupported cases, filing limits, refunds, and no advisory guarantee (1.393091ms)
✔ legal pack uses one beta-to-live business agreement and explicit electronic acceptance (0.467293ms)
✔ privacy and pack metadata identify the supplier without transfer or hosting overclaims (0.431586ms)
✔ production evidence retains both named-company gates and production filing NO-GO (0.371914ms)
✔ privacy policy and DPA cover launch-critical data and processor boundaries (0.328884ms)
✔ retention/delete policy distinguishes export, retention hold, and deletion constraints (0.233847ms)
✔ incident policy covers detection, containment, notification, filing incidents, and postmortems (0.264204ms)
✔ incident policy names pre-incorporation roles and a customer notification approach (0.253704ms)
✔ retention policy fixes archive responsibility and audit-id pseudonymization (0.534137ms)
✔ founder decision records the approved AI-assisted boundary and real-data stop (0.42868ms)
✔ legal pack uses the approved annual offer, role boundary, and measured retention (0.347418ms)
✔ privacy policy states a GDPR art. 6 legal basis and a least-privilege operator access model (0.202147ms)
✔ DPA covers breach notification to the controller, audit rights, and duration (0.293097ms)
ℹ tests 18
ℹ suites 0
ℹ pass 18
ℹ fail 0
ℹ cancelled 0
ℹ skipped 0
ℹ todo 0
ℹ duration_ms 142.626975

> talli-repository@0.1.0 test:ci-gate
> node --test tests/ci_release_gate.test.mjs

✔ release gate covers pull requests and main with least privilege (2.569087ms)
✔ release gate runs every customer-readiness check before promotion (0.461131ms)
✔ manual release gates can retain linked immutable evidence (0.359641ms)
✔ database isolation uses the locked Python renderer environment (0.288959ms)
✔ database isolation runs the complete ledger contract lifecycle (0.544857ms)
✔ local immutable gate rejects tracked, staged, and untracked drift (120.815481ms)
✔ local immutable gate normalizes terminal output before recording it (0.327281ms)
✔ database harness restores generated drift and preserves failure semantics (221.402229ms)
✔ browser owner rehearsal includes executable owned-process lifecycle coverage (1.324834ms)
✔ Vercel deploys the Next output near the owner-designated database (0.684949ms)
ℹ tests 10
ℹ suites 0
ℹ pass 10
ℹ fail 0
ℹ cancelled 0
ℹ skipped 0
ℹ todo 0
ℹ duration_ms 422.198357
[launch-rehearsal] exit=0
[launch-rehearsal] durationMs=138074

[production-dependency-audit] command=npm audit --omit=dev --audit-level=high && npm audit --prefix apps/web --omit=dev --audit-level=high
found 0 vulnerabilities
# npm audit report

postcss  <=8.5.22
Severity: moderate
PostCSS: incomplete fix of GHSA-6g55-p6wh-862q — attacker-controlled sourceMappingURL reads arbitrary .map files when `from` is unset - https://github.com/advisories/GHSA-fxqj-rqcc-2cmp
fix available via `npm audit fix --force`
Will install next@16.3.4, which is outside the stated dependency range
node_modules/postcss
  next  9.3.4-canary.0 - 16.3.0-preview.10
  Depends on vulnerable versions of postcss
  node_modules/next

2 moderate severity vulnerabilities

To address all issues, run:
  npm audit fix --force
[production-dependency-audit] exit=0
[production-dependency-audit] durationMs=1486

[database-isolation] command=TALLI_PYTHON_BIN=.venv/bin/python npm run test:supabase:local

> talli-repository@0.1.0 test:supabase:local
> bash scripts/test-supabase-local.sh


> talli-repository@0.1.0 test:supabase-advisors
> node scripts/assert-supabase-advisors.mjs

Supabase advisors: 0 blocking security/error findings; 27 performance warnings.

> talli-repository@0.1.0 test:ledger-database-lifecycle
> node --test --test-concurrency=1 tests/ledger_capability_schema.test.mjs tests/ledger_capability_boundary_regressions.test.mjs tests/ledger_full_year_database_runtime.test.mjs tests/ledger_supported_patterns_database_runtime.test.mjs tests/ledger_opening_position_rebuild_schema.test.mjs tests/ledger_corrections_database_runtime.test.mjs tests/ledger_company_year_close_database_runtime.test.mjs tests/ledger_database_runtime.test.mjs

✔ ledger business data moves to its owned schema without claiming shareholder setup (1.667597ms)
✔ legacy entry kinds are explicitly and completely normalized (0.953803ms)
✔ target persistence is company-scoped, opening-unique, and admission-gated (0.671716ms)
✔ technical receipts and cursor keys are immutable and non-forgeable (0.574333ms)
✔ hosted migration authority and pgcrypto access are explicit and temporary (0.816576ms)
✔ mixed-version facade preserves predecessor values and RLS-enforced inserts (0.860698ms)
✔ the backend executor cannot bypass the intent facade with direct table DML (0.514191ms)
✔ future capability SQL is not rewritten into a generic ledger dispatcher (0.773605ms)
✔ contract removes browser posting RPCs and rollback disables target before restoring legacy (1.713943ms)
✔ ledger cutover is an atomic expand, contract, and recutover-safe rollback (6.549329ms)
✔ expand reacquires locked-schema authority for recutover and revokes it atomically (2.434419ms)
✔ contract borrows only ledger ownership and returns it before commit (0.582038ms)
✔ rollback borrows only the ownership and schema authority its reversal needs (1.37518ms)
✔ nine exact writer coordinators are executor-only and never accept ledger lines (5.791023ms)
✔ audit placement preserves active continuations and future atomic audits (1.073316ms)
✔ one physical ledger store has a non-bypass owner and execute-only runtime (1.280362ms)
✔ commands bind verified identity, closed admission, and permanent idempotency (0.913808ms)
✔ new-year coordination is atomic, replayable, and keeps posting policy in ledger (1.448567ms)
✔ consequential admission serializes with recheck and requires AAL2 plus current agreement (0.712772ms)
✔ persistence enforces canonical balanced two-decimal NOK entries (0.844999ms)
✔ entry queries retain canonical source identity for archive reconstruction (0.614719ms)
✔ opening-snapshot compatibility query is bounded, member-scoped, and read-only (1.780017ms)
✔ serialization and signed cursors are bounded and owner-only (0.872621ms)
✔ migration evidence is pre-transform, reconciled, and immutable (0.929898ms)
✔ the frozen overlap trigger can invoke private normalization helpers (0.697524ms)
✔ contract removes legacy writers, facades, and cross-capability FKs (1.214299ms)
✔ rollback disables target before restoring the frozen legacy writer (1.110015ms)
✔ company-year close has one evidence-gated atomic database interface (2.980741ms)
✔ close replay and latest query share one exact raw-command fingerprint (0.550659ms)
✔ ordinary posting is receipt-first and serialized behind statutory close (0.253213ms)
✔ close assessments and evidence are immutable forced-RLS ledger data (0.99537ms)
✔ every close output is bound to the reconstruction economic-fact set (0.57244ms)
✔ database lifecycle covers close, correction staleness, rollback and recutover (1.424672ms)
✔ correction API has the canonical immutable reversal contract (1.720465ms)
✔ SQL coordinates persistence but contains no replacement accounting selection (0.327311ms)
✔ lineage and provenance are forced-RLS immutable evidence (0.422269ms)
✔ fresh database lifecycle exercises correction and recutover (0.519872ms)
✔ ledger authority survives expand, contract, concurrency, rollback, and recutover (51090.823529ms)
✔ reconstruction evidence is immutable, tenant-scoped, and executor-only (1.932239ms)
✔ full-year migration temporarily restores hosted migration authority and re-hardens it (2.833065ms)
✔ every additive ledger migration bounds hosted authority to one transaction (2.476496ms)
✔ database revalidates the exact source-owner evidence topology (0.68007ms)
✔ reconstruction readiness binds the complete canonical economic-fact set (0.970944ms)
✔ reconstruction readiness binds revisioned full-interval source evidence (0.917394ms)
✔ fresh database rehearsal executes reconstruction replay, RLS, and gap cases (3.009713ms)
✔ opening rebuild, components, and provenance are immutable forced-RLS records (2.562757ms)
✔ the receiver is executor-only and persists one atomic typed opening journal (2.394143ms)
✔ SQL stores Python accounting decisions without reimplementing them (0.521174ms)
✔ component and source tenant keys are bound to their parents (0.593148ms)
✔ bank-loan components are an exact journal-backed payment basis (0.836362ms)
✔ full-state digest includes opening and lifecycle facts (0.312343ms)
✔ contract requires the receiver and rollback revokes it without deleting facts (0.65313ms)
✔ an already-applied predecessor schema receives the uncapped source upgrade (0.79765ms)
✔ supported entries persist immutable event and source provenance (2.011999ms)
✔ SQL keeps accounting policy out and delegates to the canonical writer (0.478003ms)
✔ fresh database lifecycle proves replay, RLS, provenance, and recutover (0.402382ms)
✔ the predecessor expand remains forward-compatible during recutover (0.39113ms)
✔ received-dividend lifecycle state is immutable, forced-RLS, and executor-only (0.638313ms)
✔ received-dividend wrappers coordinate lifecycle around the canonical posting seam (0.504392ms)
✔ fresh lifecycle covers received-dividend replay, failure atomicity, and cutover (0.56757ms)
✔ bank-loan lifecycle state is immutable, forced-RLS, and executor-only (1.671212ms)
✔ bank-loan wrappers persist derived entries without selecting accounting policy (0.720696ms)
✔ fresh lifecycle covers bank-loan replay, allocation limits, and cutover (0.738619ms)
✔ cash-capital-increase phases are one immutable forced-RLS lifecycle (0.745603ms)
✔ cash-capital wrappers enforce exact sources without selecting accounting policy (1.550006ms)
✔ fresh lifecycle covers cash-capital rollback revocation and recutover (1.344602ms)
✔ loss-coverage capital reduction uses one append-only forced-RLS phase lifecycle (0.886636ms)
✔ loss-coverage reduction wrappers enforce exact source-owned phase shapes (2.432094ms)
✔ fresh lifecycle covers loss-coverage reduction rollback and recutover (1.237412ms)
ℹ tests 69
ℹ suites 0
ℹ pass 69
ℹ fail 0
ℹ cancelled 0
ℹ skipped 0
ℹ todo 0
ℹ duration_ms 51681.270369

> talli-repository@0.1.0 test:banking-database-lifecycle
> node --test --test-concurrency=1 tests/banking_capability_schema.test.mjs tests/banking_connection_schema.test.mjs tests/banking_database_runtime.test.mjs

✔ the complete local database gate includes banking contract and rollback (2.22101ms)
✔ banking expand is overlap-safe and preserves stable source identities (1.758415ms)
✔ migration evidence proves exact count and canonical hash reconciliation (0.522195ms)
✔ banking migrations borrow and revoke backend-system schema authority (1.124722ms)
✔ legacy transaction writes are mirrored during expand without a second policy engine (1.506314ms)
✔ canonical banking data is forced-RLS and runtime roles cannot write tables directly (0.613466ms)
✔ canonical acceptances store source decisions, not ledger policy copies (0.573201ms)
✔ banking workflow locks source facts and delegates the only posting to ledger (0.66926ms)
✔ statement import is durable-idempotent and provider data cannot select accounting (0.588279ms)
✔ banking reads are tenant-scoped deterministic cursor pages (0.681823ms)
✔ banking contract removes legacy storage only after live exact reconciliation (1.914326ms)
✔ banking contract leaves one canonical writer and no SQL suggestion-policy copy (0.859796ms)
✔ banking contract preserves only bounded future seams and archive freshness (3.927868ms)
✔ banking rollback restores the predecessor and supports deterministic recutover (1.030185ms)
✔ #189 owns canonical connection, account, coverage, sync, and source-file state (3.002961ms)
✔ provider identifiers, cursors, and original files are encrypted or hashed (4.278984ms)
✔ sync persistence checkpoints each page and keeps accounting outside provider workflows (0.985471ms)
✔ runtime roles can call checked functions but cannot mutate canonical tables (0.767307ms)
✔ migration keeps auth references under the migration principal and drops borrowed authority (1.952147ms)
✔ manifests declare every new table and migration (0.903999ms)
✔ banking authority survives reconciliation, contract, rollback, security, and recutover (14108.832446ms)
ℹ tests 21
ℹ suites 0
ℹ pass 21
ℹ fail 0
ℹ cancelled 0
ℹ skipped 0
ℹ todo 0
ℹ duration_ms 14327.245361

> talli-repository@0.1.0 test:investments-database-lifecycle
> node --test --test-concurrency=1 tests/investments_capability_schema.test.mjs tests/investments_database_runtime.test.mjs

✔ the complete local database gate includes the investments lifecycle (2.302362ms)
✔ bank facts are claimed atomically through one restricted reversible routine (2.185153ms)
✔ year-end measurement is executable, restricted, and reverses fail closed (1.419452ms)
✔ lifecycle public cutover removes every v1 writer grant reversibly (3.809729ms)
✔ contract and rollback artifacts bound hosted backend-system DDL authority (3.465836ms)
✔ forward correction-source replay stays insert-only across rollback (0.670894ms)
✔ expand and workflow keep predecessor and successor stores coherent (2.701608ms)
✔ canonical investments tables are forced-RLS and runtime roles do not own them (1.732707ms)
✔ investment lifecycle expansion separates recognition, settlement, and measurement (1.914237ms)
✔ investment lifecycle workflow persists recognition and settlement separately (2.693283ms)
✔ share-sale lifecycle recognizes exact FIFO facts before separate settlement (1.26309ms)
✔ income lifecycle separates declaration or entitlement from cash receipt (1.283669ms)
✔ lifecycle corrections preserve history and supersede only equal settlements (1.334283ms)
✔ sale workflow owns FIFO persistence behind restricted investments functions (1.520361ms)
✔ contract reconciles live state before removing predecessor production names (0.64759ms)
✔ rollback disables successor first, preserves data, and is recutover-safe (0.518469ms)
✔ sale contract reconciles FIFO state before removing predecessor names (0.620709ms)
✔ sale rollback is non-destructive and recutover-safe (0.480869ms)
✔ received-dividend workflow owns policy persistence behind restricted functions (0.784135ms)
✔ received-dividend contract reconciles before predecessor removal (0.472262ms)
✔ received-dividend rollback is non-destructive and recutover-safe (0.418632ms)
✔ allocation identities remain stable across the overlap window (0.39091ms)
✔ complete stage exit reconciles before deleting every investment predecessor (1.244005ms)
✔ complete stage exit removes overlap-era and duplicate write policies (0.622984ms)
✔ complete stage exit binds canonical investment writes to archive freshness (1.185214ms)
✔ supported patterns keep writes private and publish correction lineage (2.404654ms)
✔ supported-pattern rollback restores the exact predecessor or refuses after new data (0.499964ms)
✔ supported-pattern authority cleanup grants no runtime authority (0.678087ms)
✔ manual-evidence migration bounds owner authority after cleanup (0.644734ms)
✔ lifecycle measurement bounds owner authority after cleanup (0.354112ms)
✔ measurement reversals and investment boundaries are executable and reversible (0.967849ms)
✔ settled wrong-amount corrections bind both reversals atomically (0.577689ms)
✔ investments schema is private, forced-RLS, and restricted-role owned (27003.187541ms)
ℹ tests 33
ℹ suites 0
ℹ pass 33
ℹ fail 0
ℹ cancelled 0
ℹ skipped 0
ℹ todo 0
ℹ duration_ms 27215.847053

> talli-repository@0.1.0 test:documents-database-lifecycle
> node --test --test-concurrency=1 tests/documents_database_runtime.test.mjs tests/documents_migration_lifecycle.test.mjs

✔ documents metadata and evidence access are restricted to narrow backend capabilities (26.703843ms)
✔ documents functions enforce scoped roles, lifecycle integrity, listing, removal, and restore (81.581008ms)
✔ documents rollback preserves predecessor state and recutover is repeatable twice (124.754219ms)
ℹ tests 3
ℹ suites 0
ℹ pass 3
ℹ fail 0
ℹ cancelled 0
ℹ skipped 0
ℹ todo 0
ℹ duration_ms 426.792477

> talli-repository@0.1.0 test:marketing-measurement-database
> node --test tests/marketing_measurement_database_runtime.test.mjs tests/marketing_consent_proof_database_runtime.test.mjs

✔ marketing collection requires durable server-stamped approved notice proof and five distinct sessions (9903.57529ms)
✔ marketing measurement is consent-bounded, private, aggregate-only, and retained briefly (6256.25511ms)
ℹ tests 2
ℹ suites 0
ℹ pass 2
ℹ fail 0
ℹ cancelled 0
ℹ skipped 0
ℹ todo 0
ℹ duration_ms 16300.834119

> talli-repository@0.1.0 test:validation-observation
> uv run --project apps/backend pytest apps/backend/tests/test_validation_observation.py apps/backend/tests/test_supabase_validation_observation.py -q && node --test tests/validation_observation_database_runtime.test.mjs

.................s                                                       [100%]
17 passed, 1 skipped in 0.13s
✔ pilot observation is database-authoritative, bounded, private, revocable, and launch-off provable (4346.163947ms)
ℹ tests 1
ℹ suites 0
ℹ pass 1
ℹ fail 0
ℹ cancelled 0
ℹ skipped 0
ℹ todo 0
ℹ duration_ms 4421.326088

> talli-repository@0.1.0 test:supabase
> node --test --test-concurrency=1 tests/supabase_workspace.test.mjs tests/rf1086_feedback_schema.test.mjs tests/company_access_invitations_schema.test.mjs tests/company_access_cancellation_schema.test.mjs tests/company_year_admission_schema.test.mjs tests/current_legal_evidence_schema.test.mjs tests/current_legal_evidence_migration_lifecycle.test.mjs tests/support_access_schema.test.mjs tests/company_access_database_runtime.test.mjs tests/company_access_onboarding_database_runtime.test.mjs tests/support_access_database_runtime.test.mjs tests/support_access_migration_lifecycle.test.mjs tests/documents_database_runtime.test.mjs tests/documents_migration_lifecycle.test.mjs

✔ expand migration adds append-only revision-bound deletion reviews (3.629322ms)
✔ request derives archive and source completeness inside one atomic RPC (1.135021ms)
✔ archive route and generation triggers share one complete source inventory (2.211512ms)
✔ expand deterministically supersedes and conceals legacy duplicates (0.664862ms)
✔ review is admin+AAL2 only, append-only, and cannot be self-approved by an owner (1.61615ms)
✔ finalize re-derives prerequisites and requires exact approved review (0.623335ms)
✔ legacy export-required cancellations resume through a receipt-bound RPC (0.592407ms)
✔ archive receipt completion is server-only, one-time, expiring, and generation-bound (0.981794ms)
✔ direct lifecycle RPCs mirror strict request validation before receipts (0.822978ms)
✔ archive and reconciliation reject null income years explicitly (0.561829ms)
✔ review JSON is projected to the strict public response shape (0.400017ms)
✔ lifecycle commands use durable receipts and least-privilege RLS (1.206043ms)
✔ lifecycle mutations share operation-company-cancellation lock order (0.849407ms)
✔ unknown command outcomes reconcile behind the exact operation lock (0.516605ms)
✔ contract migration removes direct cancellation access only after generated-client cutover (0.744861ms)
✔ the release Supabase suite includes cancellation schema coverage (0.416739ms)
✔ company access RLS isolates tenants and exposes exact membership roles to owner policy (11525.90603ms)
✔ cancellation lifecycle is atomic, review-bound, replay-safe, and tenant concealed (7763.291496ms)
✔ invitation acceptance and membership administration use atomic bearer-scoped RPCs (10.953526ms)
✔ invitation and membership mutations are not directly granted to authenticated web callers (3.415974ms)
✔ invitation lookup is recipient-bound, expiry-aware, and never returns token hashes (1.855855ms)
✔ command functions execute through a restricted RLS role instead of the migration owner (3.374605ms)
✔ recipient table enumeration is removed and lookup requires the presented token (1.509922ms)
✔ acceptance binds the verified Auth identity and rejects stale JWT claims atomically (1.731546ms)
✔ consequential commands have durable replay receipts and concurrency preconditions (1.321379ms)
✔ invitation side-effect recovery is receipt-owned, actor-derived, and proof-completed (5.678459ms)
✔ pgcrypto hashing resolves the extension schema under an empty search path (1.380369ms)
✔ expand and contract migrations preserve an explicit mixed-revision overlap (2.101938ms)
✔ company-access onboarding is atomic, replay-safe, tenant-isolated, and phase-reversible (15761.342407ms)
✔ company-year admission is one atomic executor-only evidence graph (2.353276ms)
✔ admission validates every immutable active document and capability digest (0.945527ms)
✔ manifest digest, durable snapshot, and change control stay one exact boundary (2.661603ms)
✔ post-admission rechecks append a current safety gate and preserve export (1.188881ms)
✔ admission evidence is append-only, tenant concealed, and browser inaccessible (1.116987ms)
✔ admission command receipts are actor-bound and permit exact replay only (0.760541ms)
✔ #196 legal evidence rollback fails closed twice, preserves evidence, and recuts over (53.588461ms)
✔ current legal evidence is reconciled without rewriting history (1.955163ms)
✔ rollback preserves evidence and fails closed (0.82401ms)
✔ documents metadata and evidence access are restricted to narrow backend capabilities (34.099126ms)
✔ documents functions enforce scoped roles, lifecycle integrity, listing, removal, and restore (67.229519ms)
✔ documents rollback preserves predecessor state and recutover is repeatable twice (105.861796ms)
✔ feedback fixture cleanup preserves primary and returned Supabase errors (3.83235ms)
✔ creates private, constrained feedback metadata and durable reconciliation state (1.486067ms)
✔ uses explicit least privilege grants and owner/operator read policies (2.130801ms)
✔ recording validates exact relationships and the deterministic private key (0.914879ms)
✔ change-only reconciliation events are serialized and expose safe diagnostics only (1.310118ms)
✔ backfills and atomically claims only an exact valid succeeded confirmation reference (1.531492ms)
✔ rollback revokes functions first and restores only feature-owned schema and storage policy changes (1.16695ms)
✔ local Supabase exposes read-only RLS metadata and service-only mutation RPCs (49.041819ms)
✔ local Supabase recovers confirmed submissions and limits feedback data to authorized readers (2103.861966ms)
✔ Supabase authenticated workspace persists owner data and denies outsider (4707.248417ms)
✔ #200 exposes only executor-owned support functions and exact case-bound RLS policies (72.077404ms)
✔ #200 generated cases fail closed, read without writes, and bind deletion review to an opened case (176.922749ms)
✔ #200 rollback fails closed, preserves evidence, is repeatable, and recuts over (97.699643ms)
✔ support grants use generated case IDs, enums, exact scopes, and bounded windows (2.445106ms)
✔ command receipts bind canonical SHA-256 fingerprints and reject operation reuse (1.099243ms)
✔ authorization requires exact opened case, company, scope, operator, time, revocation, and fresh MFA (0.822265ms)
✔ the exact support resource surface is policy-bound and malformed storage paths fail closed (2.755045ms)
✔ support tables and RPCs are backend-executor only (1.259512ms)
✔ grant and revoke are admin plus fresh-MFA commands while open/read are operator plus fresh-MFA (1.013953ms)
✔ GET is a bounded read projection and only POST open creates opening/audit/receipt evidence (1.123548ms)
✔ the generated support contract requires the exact typed 18-resource projection (1.491896ms)
✔ deletion review and reconciliation require the exact support case (4.148928ms)
✔ active web and backend adapters have no customer-directory support search or direct business reads (0.797529ms)
✔ rollback disables support without restoring standing operator access or deleting evidence (0.525662ms)
ℹ tests 65
ℹ suites 0
ℹ pass 65
ℹ fail 0
ℹ cancelled 0
ℹ skipped 0
ℹ todo 0
ℹ duration_ms 44041.787313

> talli-repository@0.1.0 test:browser-owner
> node --test --test-concurrency=1 tests/browser_fixture_safety.test.mjs tests/browser_process_lifecycle.test.mjs tests/browser_company_onboarding.mjs tests/browser_owner_annual_loop.mjs

✔ a verified AAL1 owner completes accessible, fail-closed company onboarding through FastAPI (80140.693924ms)
✔ Supabase browser fixtures only accept loopback URLs (1.219639ms)
✔ browser database fixtures only accept loopback PostgreSQL URLs (0.286445ms)
✔ owner browser harness stops before remote fixture creation (594.625043ms)
✔ owner browser harness rejects a remote database mixed with local Supabase (500.024658ms)
✔ browser owner annual loop uses persisted state and survives reload (91840.668199ms)
✔ readiness rejects when its owned process exits before an unrelated listener responds (51.558099ms)
✔ an unrelated ready listener cannot satisfy a live child without its bind proof (45.809702ms)
✔ readiness failure tears down a live owned process (44.161033ms)
✔ a listener that never responds cannot outlive the readiness deadline (120.352478ms)
✔ a ready owned process is terminated and cleanup is idempotent (77.548296ms)
✔ forced process cleanup has a final timeout and tolerates an undefined handle (10.963187ms)
✔ partial setup cleanup closes the database and removes only known resources (0.769538ms)
✔ browser owner cleanup removes tracked sources before company and user (2.065067ms)
✔ browser owner cleanup removes every tracked company before the shared owner (2.448443ms)
✔ browser owner cleanup preserves source failure and continues independent cleanup (1.363738ms)
✔ browser owner cleanup removes immutable corporate and production filing graphs (439.417373ms)
ℹ tests 17
ℹ suites 0
ℹ pass 17
ℹ fail 0
ℹ cancelled 0
ℹ skipped 0
ℹ todo 0
ℹ duration_ms 175138.756276

> talli-repository@0.1.0 test:ledger-hosted-migration-authority
> node --test tests/ledger_hosted_migration_authority.test.mjs

✔ hosted non-super migrator rehearses contract, rollback, recutover, and failed authority cleanup (381.609062ms)
ℹ tests 1
ℹ suites 0
ℹ pass 1
ℹ fail 0
ℹ cancelled 0
ℹ skipped 0
ℹ todo 0
ℹ duration_ms 469.444351
Using workdir /tmp/talli-supabase-local.howZ3F
 storage-api Pulling
 kong Pulling
 postgres Pulling
 postgrest Pulling
 gotrue Pulling
 213ec9aee27d Pulling fs layer
 a70653f7a2d5 Pulling fs layer
 531e3bd93090 Pulling fs layer
 814dd06d26c7 Pulling fs layer
 814dd06d26c7 Waiting
 e6f31ffc071e Pulling fs layer
 1c0396601337 Pulling fs layer
 9918c0ca3fb2 Pulling fs layer
 c9a5bdeb38c4 Pulling fs layer
 0d9502de34ca Pulling fs layer
 d03e110f15b3 Pulling fs layer
 54b222fe0c5b Pulling fs layer
 55541ba25baf Pulling fs layer
 f6bdea2be18c Pulling fs layer
 75efb44ab4c9 Pulling fs layer
 7c8f5e9f8055 Pulling fs layer
 b9965acde846 Pulling fs layer
 c80343e291d0 Pulling fs layer
 f0199592d423 Pulling fs layer
 8972c7a7171b Pulling fs layer
 530c3bcf58fd Pulling fs layer
 2acb3852c9cb Pulling fs layer
 12102920ba5a Pulling fs layer
 63215bcdb820 Pulling fs layer
 1889860cc5fd Pulling fs layer
 a25d0edefeeb Pulling fs layer
 9fe841240ceb Pulling fs layer
 2ce0daa4dfbe Pulling fs layer
 ab651ad7651b Pulling fs layer
 60e903a27082 Pulling fs layer
 37c7c2f4a5f2 Pulling fs layer
 24eb1e934cad Pulling fs layer
 997211c7723e Pulling fs layer
 9760957a42e0 Pulling fs layer
 c9a5bdeb38c4 Waiting
 0d9502de34ca Waiting
 d03e110f15b3 Waiting
 54b222fe0c5b Waiting
 55541ba25baf Waiting
 f6bdea2be18c Waiting
 75efb44ab4c9 Waiting
 7c8f5e9f8055 Waiting
 b9965acde846 Waiting
 c80343e291d0 Waiting
 f0199592d423 Waiting
 8972c7a7171b Waiting
 530c3bcf58fd Waiting
 2acb3852c9cb Waiting
 12102920ba5a Waiting
 63215bcdb820 Waiting
 1889860cc5fd Waiting
 a25d0edefeeb Waiting
 9fe841240ceb Waiting
 2ce0daa4dfbe Waiting
 ab651ad7651b Waiting
 60e903a27082 Waiting
 37c7c2f4a5f2 Waiting
 24eb1e934cad Waiting
 997211c7723e Waiting
 9760957a42e0 Waiting
 1c0396601337 Waiting
 9918c0ca3fb2 Waiting
 e6f31ffc071e Waiting
 3fe1614c100a Pulling fs layer
 3fe1614c100a Waiting
 213ec9aee27d Downloading [>                                                  ]  32.15kB/2.806MB
 a70653f7a2d5 Downloading [==================================================>]     132B/132B
 a70653f7a2d5 Download complete
 531e3bd93090 Downloading [>                                                  ]  474.5kB/46.53MB
 213ec9aee27d Verifying Checksum
 213ec9aee27d Download complete
 213ec9aee27d Extracting [>                                                  ]  32.77kB/2.806MB
 531e3bd93090 Downloading [=============>                                     ]  12.83MB/46.53MB
 213ec9aee27d Extracting [=====================>                             ]  1.212MB/2.806MB
 814dd06d26c7 Downloading [==================================================>]     881B/881B
 814dd06d26c7 Verifying Checksum
 814dd06d26c7 Download complete
 e6f31ffc071e Downloading [>                                                  ]  48.56kB/3.844MB
 531e3bd93090 Downloading [=============================>                     ]  27.08MB/46.53MB
 213ec9aee27d Extracting [=================================================> ]  2.753MB/2.806MB
 213ec9aee27d Extracting [==================================================>]  2.806MB/2.806MB
 e6f31ffc071e Downloading [=================================>                 ]  2.555MB/3.844MB
 1c0396601337 Downloading [>                                                  ]  48.53kB/4.386MB
 e6f31ffc071e Verifying Checksum
 e6f31ffc071e Download complete
 e6f31ffc071e Extracting [>                                                  ]  65.54kB/3.844MB
 531e3bd93090 Downloading [==============================================>    ]  43.71MB/46.53MB
 531e3bd93090 Verifying Checksum
 531e3bd93090 Download complete
 213ec9aee27d Pull complete
 1c0396601337 Downloading [=====================>                             ]  1.867MB/4.386MB
 a70653f7a2d5 Extracting [==================================================>]     132B/132B
 a70653f7a2d5 Extracting [==================================================>]     132B/132B
 e6f31ffc071e Extracting [========>                                          ]  655.4kB/3.844MB
 1c0396601337 Verifying Checksum
 1c0396601337 Download complete
 9918c0ca3fb2 Downloading [==================================================>]  1.025kB/1.025kB
 9918c0ca3fb2 Verifying Checksum
 9918c0ca3fb2 Download complete
 a70653f7a2d5 Pull complete
 e6f31ffc071e Extracting [=================>                                 ]  1.376MB/3.844MB
 531e3bd93090 Extracting [>                                                  ]  491.5kB/46.53MB
 c9a5bdeb38c4 Downloading [>                                                  ]  528.1kB/360.6MB
 d03e110f15b3 Downloading [>                                                  ]  15.76kB/814.1kB
 0d9502de34ca Downloading [==>                                                ]  3.477kB/77.89kB
 0d9502de34ca Downloading [==================================================>]  77.89kB/77.89kB
 0d9502de34ca Verifying Checksum
 0d9502de34ca Download complete
 d03e110f15b3 Downloading [==================================================>]  814.1kB/814.1kB
 d03e110f15b3 Verifying Checksum
 d03e110f15b3 Download complete
 e6f31ffc071e Extracting [========================================>          ]   3.08MB/3.844MB
 e6f31ffc071e Extracting [==================================================>]  3.844MB/3.844MB
 c9a5bdeb38c4 Downloading [=>                                                 ]  8.531MB/360.6MB
 e6f31ffc071e Pull complete
 c9a5bdeb38c4 Downloading [=>                                                 ]  14.41MB/360.6MB
 1c0396601337 Extracting [>                                                  ]  65.54kB/4.386MB
 531e3bd93090 Extracting [=>                                                 ]    983kB/46.53MB
 55541ba25baf Downloading [==================================================>]   3.21kB/3.21kB
 55541ba25baf Verifying Checksum
 55541ba25baf Download complete
 54b222fe0c5b Downloading [==================================================>]     295B/295B
 54b222fe0c5b Verifying Checksum
 54b222fe0c5b Download complete
 1c0396601337 Extracting [========>                                          ]  720.9kB/4.386MB
 c9a5bdeb38c4 Downloading [===>                                               ]  22.92MB/360.6MB
 531e3bd93090 Extracting [==>                                                ]  2.458MB/46.53MB
 75efb44ab4c9 Downloading [==================================================>]  2.365kB/2.365kB
 75efb44ab4c9 Verifying Checksum
 f6bdea2be18c Downloading [==================================================>]  1.032kB/1.032kB
 f6bdea2be18c Verifying Checksum
 f6bdea2be18c Download complete
 75efb44ab4c9 Download complete
 1c0396601337 Extracting [=================>                                 ]  1.507MB/4.386MB
 c9a5bdeb38c4 Downloading [===>                                               ]  25.58MB/360.6MB
 531e3bd93090 Extracting [=====>                                             ]  4.915MB/46.53MB
 1c0396601337 Extracting [===============================>                   ]  2.753MB/4.386MB
 c9a5bdeb38c4 Downloading [=====>                                             ]  39.43MB/360.6MB
 7c8f5e9f8055 Downloading [====================>                              ]  3.478kB/8.536kB
 7c8f5e9f8055 Downloading [==================================================>]  8.536kB/8.536kB
 7c8f5e9f8055 Verifying Checksum
 7c8f5e9f8055 Download complete
 b9965acde846 Downloading [==================================================>]  1.995kB/1.995kB
 b9965acde846 Verifying Checksum
 b9965acde846 Download complete
 531e3bd93090 Extracting [======>                                            ]   6.39MB/46.53MB
 1c0396601337 Extracting [============================================>      ]  3.867MB/4.386MB
 c9a5bdeb38c4 Downloading [======>                                            ]  44.73MB/360.6MB
 531e3bd93090 Extracting [=======>                                           ]  7.373MB/46.53MB
 1c0396601337 Extracting [==================================================>]  4.386MB/4.386MB
 c9a5bdeb38c4 Downloading [=======>                                           ]  54.84MB/360.6MB
 f0199592d423 Downloading [==================================================>]     328B/328B
 c80343e291d0 Downloading [==================================================>]  1.017kB/1.017kB
 f0199592d423 Verifying Checksum
 f0199592d423 Download complete
 c80343e291d0 Verifying Checksum
 c80343e291d0 Download complete
 531e3bd93090 Extracting [========>                                          ]  8.356MB/46.53MB
 1c0396601337 Extracting [==================================================>]  4.386MB/4.386MB
 c9a5bdeb38c4 Downloading [========>                                          ]  60.68MB/360.6MB
 530c3bcf58fd Downloading [==================================================>]  1.596kB/1.596kB
 530c3bcf58fd Verifying Checksum
 530c3bcf58fd Download complete
 531e3bd93090 Extracting [==========>                                        ]   9.83MB/46.53MB
 8972c7a7171b Downloading [==================================================>]     278B/278B
 8972c7a7171b Verifying Checksum
 8972c7a7171b Download complete
 c9a5bdeb38c4 Downloading [=========>                                         ]  68.64MB/360.6MB
 c9a5bdeb38c4 Downloading [===========>                                       ]  79.81MB/360.6MB
 531e3bd93090 Extracting [===========>                                       ]  10.32MB/46.53MB
 2acb3852c9cb Downloading [=============================================>     ]  3.478kB/3.855kB
 2acb3852c9cb Downloading [==================================================>]  3.855kB/3.855kB
 2acb3852c9cb Verifying Checksum
 2acb3852c9cb Download complete
 12102920ba5a Downloading [==================================================>]     361B/361B
 12102920ba5a Verifying Checksum
 12102920ba5a Download complete
 c9a5bdeb38c4 Downloading [============>                                      ]  88.84MB/360.6MB
 531e3bd93090 Extracting [============>                                      ]   11.3MB/46.53MB
 c9a5bdeb38c4 Downloading [=============>                                     ]  99.47MB/360.6MB
 1889860cc5fd Downloading [==================================================>]     336B/336B
 63215bcdb820 Downloading [==================================================>]     391B/391B
 1889860cc5fd Verifying Checksum
 1889860cc5fd Download complete
 63215bcdb820 Verifying Checksum
 63215bcdb820 Download complete
 1c0396601337 Pull complete
 9918c0ca3fb2 Extracting [==================================================>]  1.025kB/1.025kB
 9918c0ca3fb2 Extracting [==================================================>]  1.025kB/1.025kB
 c9a5bdeb38c4 Downloading [===============>                                   ]  111.2MB/360.6MB
 531e3bd93090 Extracting [=============>                                     ]  12.78MB/46.53MB
 9fe841240ceb Downloading [==================================================>]     634B/634B
 9fe841240ceb Verifying Checksum
 9fe841240ceb Download complete
 a25d0edefeeb Downloading [==================================================>]     396B/396B
 a25d0edefeeb Verifying Checksum
 a25d0edefeeb Download complete
 c9a5bdeb38c4 Downloading [==================>                                ]  133.5MB/360.6MB
 531e3bd93090 Extracting [==============>                                    ]  13.76MB/46.53MB
 c9a5bdeb38c4 Downloading [===================>                               ]  140.4MB/360.6MB
 ab651ad7651b Downloading [=================>                                 ]  3.478kB/9.849kB
 2ce0daa4dfbe Downloading [====================>                              ]  3.478kB/8.575kB
 ab651ad7651b Downloading [==================================================>]  9.849kB/9.849kB
 2ce0daa4dfbe Downloading [==================================================>]  8.575kB/8.575kB
 ab651ad7651b Verifying Checksum
 ab651ad7651b Download complete
 2ce0daa4dfbe Verifying Checksum
 2ce0daa4dfbe Download complete
 c9a5bdeb38c4 Downloading [====================>                              ]  148.3MB/360.6MB
 531e3bd93090 Extracting [===============>                                   ]  14.75MB/46.53MB
 37c7c2f4a5f2 Downloading [==================================================>]     523B/523B
 37c7c2f4a5f2 Verifying Checksum
 37c7c2f4a5f2 Download complete
 60e903a27082 Downloading [============>                                      ]  3.477kB/13.55kB
 60e903a27082 Download complete
 c9a5bdeb38c4 Downloading [=====================>                             ]  154.2MB/360.6MB
 531e3bd93090 Extracting [================>                                  ]  15.73MB/46.53MB
 24eb1e934cad Downloading [==================================================>]     272B/272B
 24eb1e934cad Verifying Checksum
 24eb1e934cad Download complete
 c9a5bdeb38c4 Downloading [=======================>                           ]  166.5MB/360.6MB
 531e3bd93090 Extracting [===================>                               ]  17.69MB/46.53MB
 997211c7723e Downloading [================================>                  ]  3.478kB/5.282kB
 997211c7723e Downloading [==================================================>]  5.282kB/5.282kB
 997211c7723e Verifying Checksum
 997211c7723e Download complete
 c9a5bdeb38c4 Downloading [=========================>                         ]  182.4MB/360.6MB
 531e3bd93090 Extracting [====================>                              ]  18.68MB/46.53MB
 9760957a42e0 Downloading [==================================================>]     312B/312B
 9760957a42e0 Verifying Checksum
 9760957a42e0 Download complete
 c9a5bdeb38c4 Downloading [===========================>                       ]  200.4MB/360.6MB
 3fe1614c100a Downloading [>                                                  ]  64.92kB/6.362MB
 3fe1614c100a Downloading [====>                                              ]  589.2kB/6.362MB
 c9a5bdeb38c4 Downloading [===========================>                       ]  201.5MB/360.6MB
 531e3bd93090 Extracting [=====================>                             ]  20.15MB/46.53MB
 3fe1614c100a Verifying Checksum
 3fe1614c100a Download complete
 3fe1614c100a Extracting [>                                                  ]  65.54kB/6.362MB
 c9a5bdeb38c4 Downloading [=============================>                     ]  214.8MB/360.6MB
 9918c0ca3fb2 Pull complete
 531e3bd93090 Extracting [=======================>                           ]  22.12MB/46.53MB
 3fe1614c100a Extracting [====>                                              ]  589.8kB/6.362MB
 c9a5bdeb38c4 Downloading [==============================>                    ]  222.8MB/360.6MB
 3fe1614c100a Extracting [=============>                                     ]  1.769MB/6.362MB
 531e3bd93090 Extracting [=========================>                         ]  24.08MB/46.53MB
 c9a5bdeb38c4 Downloading [================================>                  ]  233.4MB/360.6MB
 3fe1614c100a Extracting [========================>                          ]  3.146MB/6.362MB
 531e3bd93090 Extracting [===========================>                       ]  25.56MB/46.53MB
 c9a5bdeb38c4 Downloading [==================================>                ]  247.2MB/360.6MB
 3fe1614c100a Extracting [=======================================>           ]  4.981MB/6.362MB
 531e3bd93090 Extracting [=============================>                     ]  27.03MB/46.53MB
 3fe1614c100a Extracting [==================================================>]  6.362MB/6.362MB
 3fe1614c100a Pull complete
 c9a5bdeb38c4 Downloading [===================================>               ]  256.2MB/360.6MB
 55afa1ecc21d Already exists
 postgrest Pulled
 565df2d910df Pulling fs layer
 dc286a8aa197 Pulling fs layer
 79ee4066848c Pulling fs layer
 4b1c10f5635f Pulling fs layer
 03bc85a5a5ef Pulling fs layer
 79ee4066848c Waiting
 4b1c10f5635f Waiting
 03bc85a5a5ef Waiting
 c9a5bdeb38c4 Downloading [=====================================>             ]  272.8MB/360.6MB
 531e3bd93090 Extracting [===============================>                   ]  29.49MB/46.53MB
 c9a5bdeb38c4 Downloading [========================================>          ]  288.7MB/360.6MB
 c9a5bdeb38c4 Downloading [==========================================>        ]  307.8MB/360.6MB
 dc286a8aa197 Downloading [>                                                  ]  3.507kB/245.1kB
 565df2d910df Downloading [==================================================>]     941B/941B
 dc286a8aa197 Downloading [==================================================>]  245.1kB/245.1kB
 dc286a8aa197 Verifying Checksum
 dc286a8aa197 Download complete
 565df2d910df Verifying Checksum
 565df2d910df Download complete
 565df2d910df Extracting [==================================================>]     941B/941B
 565df2d910df Extracting [==================================================>]     941B/941B
 c9a5bdeb38c4 Downloading [=============================================>     ]    328MB/360.6MB
 79ee4066848c Downloading [>                                                  ]  245.1kB/24.48MB
 c9a5bdeb38c4 Downloading [===============================================>   ]  345.5MB/360.6MB
 531e3bd93090 Extracting [================================>                  ]  30.47MB/46.53MB
 4b1c10f5635f Downloading [============>                                      ]  3.477kB/13.57kB
 79ee4066848c Downloading [==>                                                ]  1.228MB/24.48MB
 4b1c10f5635f Downloading [==================================================>]  13.57kB/13.57kB
 4b1c10f5635f Verifying Checksum
 4b1c10f5635f Download complete
 c9a5bdeb38c4 Downloading [=================================================> ]  358.3MB/360.6MB
 c9a5bdeb38c4 Verifying Checksum
 c9a5bdeb38c4 Download complete
 531e3bd93090 Extracting [=================================>                 ]  30.97MB/46.53MB
 79ee4066848c Downloading [=======================>                           ]   11.3MB/24.48MB
 03bc85a5a5ef Downloading [==================================================>]     169B/169B
 03bc85a5a5ef Verifying Checksum
 03bc85a5a5ef Download complete
 531e3bd93090 Extracting [===================================>               ]  33.42MB/46.53MB
 79ee4066848c Verifying Checksum
 79ee4066848c Download complete
 531e3bd93090 Extracting [=======================================>           ]  36.37MB/46.53MB
 531e3bd93090 Extracting [===========================================>       ]   40.8MB/46.53MB
 531e3bd93090 Extracting [============================================>      ]  41.29MB/46.53MB
 c9a5bdeb38c4 Extracting [>                                                  ]  557.1kB/360.6MB
 565df2d910df Pull complete
 dc286a8aa197 Extracting [======>                                            ]  32.77kB/245.1kB
 c9a5bdeb38c4 Extracting [>                                                  ]  1.671MB/360.6MB
 531e3bd93090 Extracting [============================================>      ]  41.78MB/46.53MB
 dc286a8aa197 Extracting [==================================================>]  245.1kB/245.1kB
 c9a5bdeb38c4 Extracting [>                                                  ]  3.342MB/360.6MB
 531e3bd93090 Extracting [=============================================>     ]  42.27MB/46.53MB
 dc286a8aa197 Pull complete
 79ee4066848c Extracting [>                                                  ]  262.1kB/24.48MB
 c9a5bdeb38c4 Extracting [>                                                  ]  5.571MB/360.6MB
 531e3bd93090 Extracting [=============================================>     ]  42.76MB/46.53MB
 79ee4066848c Extracting [=====>                                             ]  2.884MB/24.48MB
 c9a5bdeb38c4 Extracting [=>                                                 ]  7.799MB/360.6MB
 531e3bd93090 Extracting [===============================================>   ]  43.75MB/46.53MB
 79ee4066848c Extracting [==========>                                        ]  4.981MB/24.48MB
 c9a5bdeb38c4 Extracting [=>                                                 ]  10.03MB/360.6MB
 79ee4066848c Extracting [================>                                  ]  8.126MB/24.48MB
 c9a5bdeb38c4 Extracting [=>                                                 ]  13.37MB/360.6MB
 531e3bd93090 Extracting [================================================>  ]  44.73MB/46.53MB
 79ee4066848c Extracting [======================>                            ]  11.01MB/24.48MB
 c9a5bdeb38c4 Extracting [==>                                                ]  16.15MB/360.6MB
 531e3bd93090 Extracting [=================================================> ]  45.71MB/46.53MB
 79ee4066848c Extracting [===============================>                   ]   15.2MB/24.48MB
 c9a5bdeb38c4 Extracting [==>                                                ]  18.38MB/360.6MB
 531e3bd93090 Extracting [=================================================> ]   46.2MB/46.53MB
 79ee4066848c Extracting [================================================>  ]  23.59MB/24.48MB
 79ee4066848c Extracting [==================================================>]  24.48MB/24.48MB
 c9a5bdeb38c4 Extracting [==>                                                ]  20.61MB/360.6MB
 c9a5bdeb38c4 Extracting [===>                                               ]  22.28MB/360.6MB
 c9a5bdeb38c4 Extracting [===>                                               ]  26.18MB/360.6MB
 c9a5bdeb38c4 Extracting [===>                                               ]   27.3MB/360.6MB
 531e3bd93090 Extracting [==================================================>]  46.53MB/46.53MB
 c9a5bdeb38c4 Extracting [===>                                               ]  28.41MB/360.6MB
 79ee4066848c Pull complete
 4b1c10f5635f Extracting [==================================================>]  13.57kB/13.57kB
 4b1c10f5635f Extracting [==================================================>]  13.57kB/13.57kB
 c9a5bdeb38c4 Extracting [====>                                              ]   31.2MB/360.6MB
 531e3bd93090 Pull complete
 814dd06d26c7 Extracting [==================================================>]     881B/881B
 4b1c10f5635f Pull complete
 814dd06d26c7 Extracting [==================================================>]     881B/881B
 03bc85a5a5ef Extracting [==================================================>]     169B/169B
 03bc85a5a5ef Extracting [==================================================>]     169B/169B
 c9a5bdeb38c4 Extracting [====>                                              ]  32.87MB/360.6MB
 814dd06d26c7 Pull complete
 03bc85a5a5ef Pull complete
 kong Pulled
 gotrue Pulled
 c9a5bdeb38c4 Extracting [=====>                                             ]  37.88MB/360.6MB
 c9a5bdeb38c4 Extracting [======>                                            ]  44.56MB/360.6MB
 c9a5bdeb38c4 Extracting [=======>                                           ]  51.25MB/360.6MB
 c9a5bdeb38c4 Extracting [========>                                          ]  57.93MB/360.6MB
 c9a5bdeb38c4 Extracting [=========>                                         ]  65.73MB/360.6MB
 c9a5bdeb38c4 Extracting [=========>                                         ]   71.3MB/360.6MB
 c9a5bdeb38c4 Extracting [==========>                                        ]  73.53MB/360.6MB
 c9a5bdeb38c4 Extracting [==========>                                        ]  76.87MB/360.6MB
 c9a5bdeb38c4 Extracting [==========>                                        ]   79.1MB/360.6MB
 c9a5bdeb38c4 Extracting [===========>                                       ]     83MB/360.6MB
 c9a5bdeb38c4 Extracting [===========>                                       ]  84.67MB/360.6MB
 c9a5bdeb38c4 Extracting [===========>                                       ]  85.23MB/360.6MB
 c9a5bdeb38c4 Extracting [============>                                      ]  91.36MB/360.6MB
 c9a5bdeb38c4 Extracting [=============>                                     ]   98.6MB/360.6MB
 c9a5bdeb38c4 Extracting [==============>                                    ]  103.1MB/360.6MB
 c9a5bdeb38c4 Extracting [==============>                                    ]  104.7MB/360.6MB
 c9a5bdeb38c4 Extracting [==============>                                    ]  107.5MB/360.6MB
 c9a5bdeb38c4 Extracting [===============>                                   ]  109.2MB/360.6MB
 c9a5bdeb38c4 Extracting [===============>                                   ]  111.4MB/360.6MB
 c9a5bdeb38c4 Extracting [===============>                                   ]  114.2MB/360.6MB
 c9a5bdeb38c4 Extracting [================>                                  ]  116.4MB/360.6MB
 c9a5bdeb38c4 Extracting [================>                                  ]  119.2MB/360.6MB
 c9a5bdeb38c4 Extracting [=================>                                 ]  123.1MB/360.6MB
 c9a5bdeb38c4 Extracting [=================>                                 ]  127.6MB/360.6MB
 c9a5bdeb38c4 Extracting [==================>                                ]  133.1MB/360.6MB
 c9a5bdeb38c4 Extracting [==================>                                ]    137MB/360.6MB
 c9a5bdeb38c4 Extracting [===================>                               ]  139.3MB/360.6MB
 c9a5bdeb38c4 Extracting [===================>                               ]  141.5MB/360.6MB
 e6f31ffc071e Already exists
 16733d1099a5 Pulling fs layer
 09ddda476dba Pulling fs layer
 0d8aa8e026f1 Pulling fs layer
 d2f04496a183 Pulling fs layer
 52cd27cac02e Pulling fs layer
 b6d85ef1ea27 Pulling fs layer
 a7537cf4b694 Pulling fs layer
 e5723cc41baf Pulling fs layer
 55468a10f7b3 Pulling fs layer
 e958952de594 Pulling fs layer
 f41c2ed3946e Pulling fs layer
 cc2ec52924e2 Pulling fs layer
 d2f04496a183 Waiting
 52cd27cac02e Waiting
 b6d85ef1ea27 Waiting
 a7537cf4b694 Waiting
 e5723cc41baf Waiting
 55468a10f7b3 Waiting
 e958952de594 Waiting
 f41c2ed3946e Waiting
 cc2ec52924e2 Waiting
 c9a5bdeb38c4 Extracting [====================>                              ]  144.3MB/360.6MB
 c9a5bdeb38c4 Extracting [====================>                              ]    151MB/360.6MB
 09ddda476dba Downloading [>                                                  ]  15.79kB/1.262MB
 0d8aa8e026f1 Downloading [==================================================>]     444B/444B
 0d8aa8e026f1 Verifying Checksum
 0d8aa8e026f1 Download complete
 16733d1099a5 Downloading [>                                                  ]    540kB/52.52MB
 09ddda476dba Verifying Checksum
 09ddda476dba Download complete
 c9a5bdeb38c4 Extracting [=====================>                             ]  155.4MB/360.6MB
 16733d1099a5 Downloading [======================>                            ]  23.79MB/52.52MB
 52cd27cac02e Downloading [==================================================>]      91B/91B
 52cd27cac02e Verifying Checksum
 52cd27cac02e Download complete
 d2f04496a183 Downloading [>                                                  ]  534.4kB/111.2MB
 16733d1099a5 Downloading [==========================================>        ]  44.33MB/52.52MB
 d2f04496a183 Downloading [=======>                                           ]   17.4MB/111.2MB
 c9a5bdeb38c4 Extracting [======================>                            ]  158.8MB/360.6MB
 16733d1099a5 Verifying Checksum
 16733d1099a5 Download complete
 b6d85ef1ea27 Downloading [>                                                  ]  3.476kB/213.9kB
 b6d85ef1ea27 Verifying Checksum
 b6d85ef1ea27 Download complete
 16733d1099a5 Extracting [>                                                  ]  557.1kB/52.52MB
 d2f04496a183 Downloading [==============>                                    ]  32.67MB/111.2MB
 c9a5bdeb38c4 Extracting [======================>                            ]  161.5MB/360.6MB
 a7537cf4b694 Downloading [==================================================>]     658B/658B
 a7537cf4b694 Verifying Checksum
 a7537cf4b694 Download complete
 e5723cc41baf Downloading [>                                                  ]  130.4kB/12.85MB
 d2f04496a183 Downloading [=======================>                           ]  51.23MB/111.2MB
 16733d1099a5 Extracting [==>                                                ]  2.785MB/52.52MB
 55468a10f7b3 Downloading [======>                                            ]  3.477kB/28.82kB
 55468a10f7b3 Downloading [==================================================>]  28.82kB/28.82kB
 55468a10f7b3 Verifying Checksum
 55468a10f7b3 Download complete
 e5723cc41baf Downloading [================>                                  ]  4.325MB/12.85MB
 c9a5bdeb38c4 Extracting [======================>                            ]  163.8MB/360.6MB
 d2f04496a183 Downloading [===============================>                   ]   69.3MB/111.2MB
 e5723cc41baf Verifying Checksum
 e5723cc41baf Download complete
 16733d1099a5 Extracting [====>                                              ]  4.456MB/52.52MB
 c9a5bdeb38c4 Extracting [======================>                            ]  165.4MB/360.6MB
 e958952de594 Downloading [>                                                  ]    540kB/59.66MB
 d2f04496a183 Downloading [========================================>          ]     89MB/111.2MB
 f41c2ed3946e Downloading [>                                                  ]  15.76kB/1.45MB
 16733d1099a5 Extracting [=====>                                             ]  6.128MB/52.52MB
 e958952de594 Downloading [========>                                          ]  9.731MB/59.66MB
 d2f04496a183 Downloading [================================================>  ]  107.1MB/111.2MB
 c9a5bdeb38c4 Extracting [=======================>                           ]  167.7MB/360.6MB
 d2f04496a183 Verifying Checksum
 d2f04496a183 Download complete
 f41c2ed3946e Verifying Checksum
 f41c2ed3946e Download complete
 e958952de594 Downloading [=====================>                             ]  25.41MB/59.66MB
 16733d1099a5 Extracting [=======>                                           ]  7.799MB/52.52MB
 cc2ec52924e2 Downloading [==================================================>]     490B/490B
 cc2ec52924e2 Verifying Checksum
 cc2ec52924e2 Download complete
 c9a5bdeb38c4 Extracting [=======================>                           ]  169.9MB/360.6MB
 e958952de594 Downloading [=======================================>           ]  47.04MB/59.66MB
 16733d1099a5 Extracting [=========>                                         ]  10.03MB/52.52MB
 c9a5bdeb38c4 Extracting [=======================>                           ]  172.1MB/360.6MB
 e958952de594 Verifying Checksum
 e958952de594 Download complete
 16733d1099a5 Extracting [============>                                      ]  12.81MB/52.52MB
 c9a5bdeb38c4 Extracting [========================>                          ]  174.4MB/360.6MB
 16733d1099a5 Extracting [================>                                  ]  17.27MB/52.52MB
 c9a5bdeb38c4 Extracting [========================>                          ]  177.1MB/360.6MB
 16733d1099a5 Extracting [====================>                              ]  21.17MB/52.52MB
 c9a5bdeb38c4 Extracting [========================>                          ]  179.4MB/360.6MB
 16733d1099a5 Extracting [======================>                            ]  23.95MB/52.52MB
 16733d1099a5 Extracting [===========================>                       ]  28.97MB/52.52MB
 c9a5bdeb38c4 Extracting [=========================>                         ]  181.6MB/360.6MB
 16733d1099a5 Extracting [================================>                  ]  34.54MB/52.52MB
 c9a5bdeb38c4 Extracting [=========================>                         ]  182.7MB/360.6MB
 16733d1099a5 Extracting [======================================>            ]  40.67MB/52.52MB
 16733d1099a5 Extracting [==========================================>        ]  44.56MB/52.52MB
 c9a5bdeb38c4 Extracting [=========================>                         ]  184.4MB/360.6MB
 16733d1099a5 Extracting [==============================================>    ]  48.46MB/52.52MB
 c9a5bdeb38c4 Extracting [=========================>                         ]  184.9MB/360.6MB
 16733d1099a5 Extracting [===============================================>   ]  49.58MB/52.52MB
 c9a5bdeb38c4 Extracting [==========================>                        ]  188.3MB/360.6MB
 c9a5bdeb38c4 Extracting [==========================>                        ]  190.5MB/360.6MB
 16733d1099a5 Extracting [===============================================>   ]  50.14MB/52.52MB
 c9a5bdeb38c4 Extracting [==========================>                        ]  193.3MB/360.6MB
 16733d1099a5 Extracting [================================================>  ]  50.69MB/52.52MB
 c9a5bdeb38c4 Extracting [===========================>                       ]  196.1MB/360.6MB
 c9a5bdeb38c4 Extracting [===========================>                       ]  197.2MB/360.6MB
 16733d1099a5 Extracting [================================================>  ]  51.25MB/52.52MB
 c9a5bdeb38c4 Extracting [===========================>                       ]  197.8MB/360.6MB
 16733d1099a5 Extracting [=================================================> ]  51.81MB/52.52MB
 c9a5bdeb38c4 Extracting [===========================>                       ]  198.3MB/360.6MB
 16733d1099a5 Extracting [=================================================> ]  52.36MB/52.52MB
 c9a5bdeb38c4 Extracting [===========================>                       ]  199.4MB/360.6MB
 16733d1099a5 Extracting [==================================================>]  52.52MB/52.52MB
 c9a5bdeb38c4 Extracting [===========================>                       ]  201.7MB/360.6MB
 c9a5bdeb38c4 Extracting [============================>                      ]  204.4MB/360.6MB
 c9a5bdeb38c4 Extracting [============================>                      ]  207.8MB/360.6MB
 c9a5bdeb38c4 Extracting [=============================>                     ]  211.7MB/360.6MB
 c9a5bdeb38c4 Extracting [==============================>                    ]  218.9MB/360.6MB
 c9a5bdeb38c4 Extracting [==============================>                    ]  219.5MB/360.6MB
 c9a5bdeb38c4 Extracting [==============================>                    ]  220.6MB/360.6MB
 c9a5bdeb38c4 Extracting [==============================>                    ]  222.3MB/360.6MB
 c9a5bdeb38c4 Extracting [===============================>                   ]  223.9MB/360.6MB
 c9a5bdeb38c4 Extracting [===============================>                   ]  228.4MB/360.6MB
 c9a5bdeb38c4 Extracting [================================>                  ]  231.2MB/360.6MB
 c9a5bdeb38c4 Extracting [================================>                  ]  232.8MB/360.6MB
 c9a5bdeb38c4 Extracting [================================>                  ]  234.5MB/360.6MB
 c9a5bdeb38c4 Extracting [=================================>                 ]  240.1MB/360.6MB
 c9a5bdeb38c4 Extracting [==================================>                ]  245.7MB/360.6MB
 16733d1099a5 Pull complete
 09ddda476dba Extracting [=>                                                 ]  32.77kB/1.262MB
 09ddda476dba Extracting [==================================================>]  1.262MB/1.262MB
 09ddda476dba Extracting [==================================================>]  1.262MB/1.262MB
 09ddda476dba Pull complete
 0d8aa8e026f1 Extracting [==================================================>]     444B/444B
 0d8aa8e026f1 Extracting [==================================================>]     444B/444B
 c9a5bdeb38c4 Extracting [==================================>                ]  247.9MB/360.6MB
 0d8aa8e026f1 Pull complete
 c9a5bdeb38c4 Extracting [==================================>                ]  249.6MB/360.6MB
 d2f04496a183 Extracting [>                                                  ]  557.1kB/111.2MB
 c9a5bdeb38c4 Extracting [===================================>               ]  252.9MB/360.6MB
 d2f04496a183 Extracting [==>                                                ]  5.571MB/111.2MB
 c9a5bdeb38c4 Extracting [===================================>               ]    254MB/360.6MB
 d2f04496a183 Extracting [====>                                              ]  10.58MB/111.2MB
 d2f04496a183 Extracting [=======>                                           ]  16.15MB/111.2MB
 c9a5bdeb38c4 Extracting [===================================>               ]  255.1MB/360.6MB
 d2f04496a183 Extracting [=========>                                         ]  21.17MB/111.2MB
 c9a5bdeb38c4 Extracting [===================================>               ]  256.2MB/360.6MB
 c9a5bdeb38c4 Extracting [===================================>               ]  258.5MB/360.6MB
 d2f04496a183 Extracting [===========>                                       ]  24.51MB/111.2MB
 c9a5bdeb38c4 Extracting [===================================>               ]  259.6MB/360.6MB
 d2f04496a183 Extracting [===========>                                       ]  25.62MB/111.2MB
 c9a5bdeb38c4 Extracting [====================================>              ]  261.3MB/360.6MB
 c9a5bdeb38c4 Extracting [====================================>              ]    264MB/360.6MB
 c9a5bdeb38c4 Extracting [====================================>              ]  266.8MB/360.6MB
 d2f04496a183 Extracting [============>                                      ]  26.74MB/111.2MB
 c9a5bdeb38c4 Extracting [=====================================>             ]  268.5MB/360.6MB
 d2f04496a183 Extracting [=============>                                     ]  30.08MB/111.2MB
 c9a5bdeb38c4 Extracting [=====================================>             ]  270.2MB/360.6MB
 d2f04496a183 Extracting [==============>                                    ]   31.2MB/111.2MB
 d2f04496a183 Extracting [================>                                  ]  36.77MB/111.2MB
 c9a5bdeb38c4 Extracting [=====================================>             ]  271.3MB/360.6MB
 d2f04496a183 Extracting [==================>                                ]  40.67MB/111.2MB
 d2f04496a183 Extracting [====================>                              ]  44.56MB/111.2MB
 c9a5bdeb38c4 Extracting [=====================================>             ]    273MB/360.6MB
 d2f04496a183 Extracting [=====================>                             ]  47.91MB/111.2MB
 c9a5bdeb38c4 Extracting [=====================================>             ]  273.5MB/360.6MB
 d2f04496a183 Extracting [======================>                            ]  50.69MB/111.2MB
 d2f04496a183 Extracting [=======================>                           ]  51.25MB/111.2MB
 d2f04496a183 Extracting [========================>                          ]  54.03MB/111.2MB
 d2f04496a183 Extracting [=========================>                         ]  56.26MB/111.2MB
 d2f04496a183 Extracting [==========================>                        ]  57.93MB/111.2MB
 d2f04496a183 Extracting [============================>                      ]  62.39MB/111.2MB
 d2f04496a183 Extracting [===============================>                   ]  69.07MB/111.2MB
 c9a5bdeb38c4 Extracting [======================================>            ]  278.5MB/360.6MB
 d2f04496a183 Extracting [================================>                  ]  72.97MB/111.2MB
 d2f04496a183 Extracting [===================================>               ]  77.99MB/111.2MB
 c9a5bdeb38c4 Extracting [======================================>            ]  280.2MB/360.6MB
 d2f04496a183 Extracting [=====================================>             ]  84.12MB/111.2MB
 c9a5bdeb38c4 Extracting [=======================================>           ]  281.9MB/360.6MB
 d2f04496a183 Extracting [========================================>          ]  89.13MB/111.2MB
 c9a5bdeb38c4 Extracting [=======================================>           ]    283MB/360.6MB
 d2f04496a183 Extracting [=========================================>         ]  93.03MB/111.2MB
 c9a5bdeb38c4 Extracting [=======================================>           ]  285.2MB/360.6MB
 d2f04496a183 Extracting [============================================>      ]   98.6MB/111.2MB
 c9a5bdeb38c4 Extracting [========================================>          ]  288.6MB/360.6MB
 d2f04496a183 Extracting [==============================================>    ]  103.6MB/111.2MB
 c9a5bdeb38c4 Extracting [========================================>          ]  291.3MB/360.6MB
 d2f04496a183 Extracting [================================================>  ]  107.5MB/111.2MB
 d2f04496a183 Extracting [==================================================>]  111.2MB/111.2MB
 c9a5bdeb38c4 Extracting [========================================>          ]  292.5MB/360.6MB
 c9a5bdeb38c4 Extracting [========================================>          ]  295.2MB/360.6MB
 c9a5bdeb38c4 Extracting [=========================================>         ]  296.4MB/360.6MB
 c9a5bdeb38c4 Extracting [=========================================>         ]  296.9MB/360.6MB
 c9a5bdeb38c4 Extracting [==========================================>        ]    303MB/360.6MB
 c9a5bdeb38c4 Extracting [==========================================>        ]  308.6MB/360.6MB
 c9a5bdeb38c4 Extracting [===========================================>       ]    312MB/360.6MB
 c9a5bdeb38c4 Extracting [===========================================>       ]  314.7MB/360.6MB
 c9a5bdeb38c4 Extracting [============================================>      ]  319.2MB/360.6MB
 c9a5bdeb38c4 Extracting [============================================>      ]  323.6MB/360.6MB
 c9a5bdeb38c4 Extracting [=============================================>     ]  330.3MB/360.6MB
 c9a5bdeb38c4 Extracting [==============================================>    ]  335.9MB/360.6MB
 c9a5bdeb38c4 Extracting [==============================================>    ]  336.5MB/360.6MB
 c9a5bdeb38c4 Extracting [==============================================>    ]  338.1MB/360.6MB
 c9a5bdeb38c4 Extracting [===============================================>   ]  342.6MB/360.6MB
 c9a5bdeb38c4 Extracting [===============================================>   ]  345.9MB/360.6MB
 c9a5bdeb38c4 Extracting [================================================>  ]  347.6MB/360.6MB
 c9a5bdeb38c4 Extracting [================================================>  ]  349.3MB/360.6MB
 d2f04496a183 Pull complete
 52cd27cac02e Extracting [==================================================>]      91B/91B
 52cd27cac02e Extracting [==================================================>]      91B/91B
 c9a5bdeb38c4 Extracting [================================================>  ]  353.2MB/360.6MB
 c9a5bdeb38c4 Extracting [=================================================> ]  357.1MB/360.6MB
 52cd27cac02e Pull complete
 b6d85ef1ea27 Extracting [=======>                                           ]  32.77kB/213.9kB
 b6d85ef1ea27 Extracting [==================================================>]  213.9kB/213.9kB
 b6d85ef1ea27 Extracting [==================================================>]  213.9kB/213.9kB
 c9a5bdeb38c4 Extracting [=================================================> ]  358.2MB/360.6MB
 b6d85ef1ea27 Pull complete
 a7537cf4b694 Extracting [==================================================>]     658B/658B
 a7537cf4b694 Extracting [==================================================>]     658B/658B
 a7537cf4b694 Pull complete
 e5723cc41baf Extracting [>                                                  ]  131.1kB/12.85MB
 c9a5bdeb38c4 Extracting [==================================================>]  360.6MB/360.6MB
 e5723cc41baf Extracting [=====>                                             ]  1.442MB/12.85MB
 c9a5bdeb38c4 Pull complete
 0d9502de34ca Extracting [=====================>                             ]  32.77kB/77.89kB
 0d9502de34ca Extracting [==================================================>]  77.89kB/77.89kB
 0d9502de34ca Extracting [==================================================>]  77.89kB/77.89kB
 0d9502de34ca Pull complete
 d03e110f15b3 Extracting [==>                                                ]  32.77kB/814.1kB
 d03e110f15b3 Extracting [==================================================>]  814.1kB/814.1kB
 d03e110f15b3 Extracting [==================================================>]  814.1kB/814.1kB
 e5723cc41baf Extracting [=============>                                     ]  3.539MB/12.85MB
 d03e110f15b3 Pull complete
 54b222fe0c5b Extracting [==================================================>]     295B/295B
 54b222fe0c5b Extracting [==================================================>]     295B/295B
 54b222fe0c5b Pull complete
 55541ba25baf Extracting [==================================================>]   3.21kB/3.21kB
 55541ba25baf Extracting [==================================================>]   3.21kB/3.21kB
 55541ba25baf Pull complete
 f6bdea2be18c Extracting [==================================================>]  1.032kB/1.032kB
 f6bdea2be18c Extracting [==================================================>]  1.032kB/1.032kB
 e5723cc41baf Extracting [==========================>                        ]  6.685MB/12.85MB
 f6bdea2be18c Pull complete
 75efb44ab4c9 Extracting [==================================================>]  2.365kB/2.365kB
 75efb44ab4c9 Extracting [==================================================>]  2.365kB/2.365kB
 75efb44ab4c9 Pull complete
 7c8f5e9f8055 Extracting [==================================================>]  8.536kB/8.536kB
 7c8f5e9f8055 Extracting [==================================================>]  8.536kB/8.536kB
 7c8f5e9f8055 Pull complete
 b9965acde846 Extracting [==================================================>]  1.995kB/1.995kB
 b9965acde846 Extracting [==================================================>]  1.995kB/1.995kB
 b9965acde846 Pull complete
 c80343e291d0 Extracting [==================================================>]  1.017kB/1.017kB
 c80343e291d0 Extracting [==================================================>]  1.017kB/1.017kB
 c80343e291d0 Pull complete
 f0199592d423 Extracting [==================================================>]     328B/328B
 f0199592d423 Extracting [==================================================>]     328B/328B
 e5723cc41baf Extracting [======================================>            ]   9.83MB/12.85MB
 f0199592d423 Pull complete
 8972c7a7171b Extracting [==================================================>]     278B/278B
 8972c7a7171b Extracting [==================================================>]     278B/278B
 8972c7a7171b Pull complete
 530c3bcf58fd Extracting [==================================================>]  1.596kB/1.596kB
 530c3bcf58fd Extracting [==================================================>]  1.596kB/1.596kB
 530c3bcf58fd Pull complete
 2acb3852c9cb Extracting [==================================================>]  3.855kB/3.855kB
 2acb3852c9cb Extracting [==================================================>]  3.855kB/3.855kB
 2acb3852c9cb Pull complete
 12102920ba5a Extracting [==================================================>]     361B/361B
 12102920ba5a Extracting [==================================================>]     361B/361B
 12102920ba5a Pull complete
 63215bcdb820 Extracting [==================================================>]     391B/391B
 63215bcdb820 Extracting [==================================================>]     391B/391B
 63215bcdb820 Pull complete
 1889860cc5fd Extracting [==================================================>]     336B/336B
 1889860cc5fd Extracting [==================================================>]     336B/336B
 1889860cc5fd Pull complete
 a25d0edefeeb Extracting [==================================================>]     396B/396B
 a25d0edefeeb Extracting [==================================================>]     396B/396B
 a25d0edefeeb Pull complete
 9fe841240ceb Extracting [==================================================>]     634B/634B
 9fe841240ceb Extracting [==================================================>]     634B/634B
 9fe841240ceb Pull complete
 2ce0daa4dfbe Extracting [==================================================>]  8.575kB/8.575kB
 2ce0daa4dfbe Extracting [==================================================>]  8.575kB/8.575kB
 e5723cc41baf Extracting [=======================================>           ]  10.09MB/12.85MB
 2ce0daa4dfbe Pull complete
 ab651ad7651b Extracting [==================================================>]  9.849kB/9.849kB
 ab651ad7651b Extracting [==================================================>]  9.849kB/9.849kB
 ab651ad7651b Pull complete
 60e903a27082 Extracting [==================================================>]  13.55kB/13.55kB
 60e903a27082 Extracting [==================================================>]  13.55kB/13.55kB
 60e903a27082 Pull complete
 37c7c2f4a5f2 Extracting [==================================================>]     523B/523B
 37c7c2f4a5f2 Extracting [==================================================>]     523B/523B
 37c7c2f4a5f2 Pull complete
 24eb1e934cad Extracting [==================================================>]     272B/272B
 24eb1e934cad Extracting [==================================================>]     272B/272B
 24eb1e934cad Pull complete
 997211c7723e Extracting [==================================================>]  5.282kB/5.282kB
 997211c7723e Extracting [==================================================>]  5.282kB/5.282kB
 e5723cc41baf Extracting [========================================>          ]  10.35MB/12.85MB
 997211c7723e Pull complete
 9760957a42e0 Extracting [==================================================>]     312B/312B
 9760957a42e0 Extracting [==================================================>]     312B/312B
 9760957a42e0 Pull complete
 postgres Pulled
 e5723cc41baf Extracting [=========================================>         ]  10.75MB/12.85MB
 e5723cc41baf Extracting [===========================================>       ]  11.14MB/12.85MB
 e5723cc41baf Extracting [=============================================>     ]  11.67MB/12.85MB
 e5723cc41baf Extracting [================================================>  ]  12.58MB/12.85MB
 e5723cc41baf Extracting [=================================================> ]  12.85MB/12.85MB
 e5723cc41baf Extracting [==================================================>]  12.85MB/12.85MB
 e5723cc41baf Pull complete
 55468a10f7b3 Extracting [==================================================>]  28.82kB/28.82kB
 55468a10f7b3 Extracting [==================================================>]  28.82kB/28.82kB
 55468a10f7b3 Pull complete
 e958952de594 Extracting [>                                                  ]  557.1kB/59.66MB
 e958952de594 Extracting [>                                                  ]  1.114MB/59.66MB
 e958952de594 Extracting [=>                                                 ]  1.671MB/59.66MB
 e958952de594 Extracting [=>                                                 ]  2.228MB/59.66MB
 e958952de594 Extracting [==>                                                ]  2.785MB/59.66MB
 e958952de594 Extracting [==>                                                ]  3.342MB/59.66MB
 e958952de594 Extracting [===>                                               ]  3.899MB/59.66MB
 e958952de594 Extracting [=======>                                           ]  8.356MB/59.66MB
 e958952de594 Extracting [=======>                                           ]  8.913MB/59.66MB
 e958952de594 Extracting [========>                                          ]  10.03MB/59.66MB
 e958952de594 Extracting [========>                                          ]  10.58MB/59.66MB
 e958952de594 Extracting [=========>                                         ]   11.7MB/59.66MB
 e958952de594 Extracting [==========>                                        ]  12.81MB/59.66MB
 e958952de594 Extracting [===========>                                       ]  13.37MB/59.66MB
 e958952de594 Extracting [===========>                                       ]  13.93MB/59.66MB
 e958952de594 Extracting [============>                                      ]  14.48MB/59.66MB
 e958952de594 Extracting [============>                                      ]  15.04MB/59.66MB
 e958952de594 Extracting [=============>                                     ]   15.6MB/59.66MB
 e958952de594 Extracting [==============>                                    ]  16.71MB/59.66MB
 e958952de594 Extracting [==============>                                    ]  17.27MB/59.66MB
 e958952de594 Extracting [==============>                                    ]  17.83MB/59.66MB
 e958952de594 Extracting [===============>                                   ]  18.94MB/59.66MB
 e958952de594 Extracting [================>                                  ]   19.5MB/59.66MB
 e958952de594 Extracting [================>                                  ]  20.05MB/59.66MB
 e958952de594 Extracting [=================>                                 ]  20.61MB/59.66MB
 e958952de594 Extracting [=================>                                 ]  21.17MB/59.66MB
 e958952de594 Extracting [==================>                                ]  21.73MB/59.66MB
 e958952de594 Extracting [==================>                                ]  22.28MB/59.66MB
 e958952de594 Extracting [===================>                               ]  22.84MB/59.66MB
 e958952de594 Extracting [===================>                               ]   23.4MB/59.66MB
 e958952de594 Extracting [====================>                              ]  23.95MB/59.66MB
 e958952de594 Extracting [====================>                              ]  24.51MB/59.66MB
 e958952de594 Extracting [=====================>                             ]  25.07MB/59.66MB
 e958952de594 Extracting [=====================>                             ]  25.62MB/59.66MB
 e958952de594 Extracting [=====================>                             ]  26.18MB/59.66MB
 e958952de594 Extracting [======================>                            ]  26.74MB/59.66MB
 e958952de594 Extracting [======================>                            ]   27.3MB/59.66MB
 e958952de594 Extracting [=======================>                           ]  27.85MB/59.66MB
 e958952de594 Extracting [=======================>                           ]  28.41MB/59.66MB
 e958952de594 Extracting [========================>                          ]  28.97MB/59.66MB
 e958952de594 Extracting [========================>                          ]  29.52MB/59.66MB
 e958952de594 Extracting [=========================>                         ]  30.08MB/59.66MB
 e958952de594 Extracting [=========================>                         ]  30.64MB/59.66MB
 e958952de594 Extracting [==========================>                        ]   31.2MB/59.66MB
 e958952de594 Extracting [==========================>                        ]  31.75MB/59.66MB
 e958952de594 Extracting [===========================>                       ]  32.31MB/59.66MB
 e958952de594 Extracting [===========================>                       ]  32.87MB/59.66MB
 e958952de594 Extracting [============================>                      ]  33.42MB/59.66MB
 e958952de594 Extracting [============================>                      ]  33.98MB/59.66MB
 e958952de594 Extracting [=============================>                     ]  35.65MB/59.66MB
 e958952de594 Extracting [==============================>                    ]  36.21MB/59.66MB
 e958952de594 Extracting [==============================>                    ]  36.77MB/59.66MB
 e958952de594 Extracting [===============================>                   ]  37.88MB/59.66MB
 e958952de594 Extracting [================================>                  ]  38.44MB/59.66MB
 e958952de594 Extracting [================================>                  ]  38.99MB/59.66MB
 e958952de594 Extracting [=================================>                 ]  39.55MB/59.66MB
 e958952de594 Extracting [=================================>                 ]  40.11MB/59.66MB
 e958952de594 Extracting [==================================>                ]  40.67MB/59.66MB
 e958952de594 Extracting [==================================>                ]  41.22MB/59.66MB
 e958952de594 Extracting [===================================>               ]  41.78MB/59.66MB
 e958952de594 Extracting [===================================>               ]  42.34MB/59.66MB
 e958952de594 Extracting [===================================>               ]  42.89MB/59.66MB
 e958952de594 Extracting [====================================>              ]  44.01MB/59.66MB
 e958952de594 Extracting [======================================>            ]  46.24MB/59.66MB
 e958952de594 Extracting [=======================================>           ]  46.79MB/59.66MB
 e958952de594 Extracting [========================================>          ]  47.91MB/59.66MB
 e958952de594 Extracting [=========================================>         ]  49.02MB/59.66MB
 e958952de594 Extracting [=========================================>         ]  49.58MB/59.66MB
 e958952de594 Extracting [==========================================>        ]  50.14MB/59.66MB
 e958952de594 Extracting [===========================================>       ]  51.81MB/59.66MB
 e958952de594 Extracting [===========================================>       ]  52.36MB/59.66MB
 e958952de594 Extracting [============================================>      ]  52.92MB/59.66MB
 e958952de594 Extracting [============================================>      ]  53.48MB/59.66MB
 e958952de594 Extracting [==============================================>    ]  55.71MB/59.66MB
 e958952de594 Extracting [===============================================>   ]  56.26MB/59.66MB
 e958952de594 Extracting [===============================================>   ]  56.82MB/59.66MB
 e958952de594 Extracting [================================================>  ]  57.93MB/59.66MB
 e958952de594 Extracting [==================================================>]  59.66MB/59.66MB
 e958952de594 Pull complete
 f41c2ed3946e Extracting [=>                                                 ]  32.77kB/1.45MB
 f41c2ed3946e Extracting [=============>                                     ]  393.2kB/1.45MB
 f41c2ed3946e Extracting [============================>                      ]  819.2kB/1.45MB
 f41c2ed3946e Extracting [================================================>  ]  1.409MB/1.45MB
 f41c2ed3946e Extracting [==================================================>]   1.45MB/1.45MB
 f41c2ed3946e Pull complete
 cc2ec52924e2 Extracting [==================================================>]     490B/490B
 cc2ec52924e2 Extracting [==================================================>]     490B/490B
 cc2ec52924e2 Pull complete
 storage-api Pulled
Starting database...
Initialising schema...
v2.112.6: Pulling from supabase/realtime
5c32499ab806: Pulling fs layer
7ff4e6b4b099: Pulling fs layer
c651f6fbec0a: Pulling fs layer
a6c402c1c1a7: Pulling fs layer
7b18341145e7: Pulling fs layer
2422c2c034eb: Pulling fs layer
4a9cfffa288e: Pulling fs layer
d71214b4506e: Pulling fs layer
21b7c3f31e06: Pulling fs layer
276a0b8305a2: Pulling fs layer
3982d643246d: Pulling fs layer
4f4fb700ef54: Pulling fs layer
a6c402c1c1a7: Waiting
7b18341145e7: Waiting
2422c2c034eb: Waiting
4a9cfffa288e: Waiting
d71214b4506e: Waiting
21b7c3f31e06: Waiting
276a0b8305a2: Waiting
3982d643246d: Waiting
4f4fb700ef54: Waiting
5c32499ab806: Verifying Checksum
5c32499ab806: Download complete
c651f6fbec0a: Verifying Checksum
c651f6fbec0a: Download complete
7ff4e6b4b099: Verifying Checksum
7ff4e6b4b099: Download complete
a6c402c1c1a7: Verifying Checksum
a6c402c1c1a7: Download complete
7b18341145e7: Verifying Checksum
7b18341145e7: Download complete
2422c2c034eb: Verifying Checksum
2422c2c034eb: Download complete
4a9cfffa288e: Verifying Checksum
4a9cfffa288e: Download complete
d71214b4506e: Verifying Checksum
d71214b4506e: Download complete
21b7c3f31e06: Verifying Checksum
21b7c3f31e06: Download complete
4f4fb700ef54: Verifying Checksum
4f4fb700ef54: Download complete
3982d643246d: Verifying Checksum
3982d643246d: Download complete
276a0b8305a2: Verifying Checksum
276a0b8305a2: Download complete
5c32499ab806: Pull complete
7ff4e6b4b099: Pull complete
c651f6fbec0a: Pull complete
a6c402c1c1a7: Pull complete
7b18341145e7: Pull complete
2422c2c034eb: Pull complete
4a9cfffa288e: Pull complete
d71214b4506e: Pull complete
21b7c3f31e06: Pull complete
276a0b8305a2: Pull complete
3982d643246d: Pull complete
4f4fb700ef54: Pull complete
Digest: sha256:7b56da34216fd568042be043900d15cdd33c2c48c2116c9a333f9465255da80d
Status: Downloaded newer image for public.ecr.aws/supabase/realtime:v2.112.6
Seeding globals from roles.sql...
Applying migration 0001_authenticated_workspace.sql...
NOTICE (42710): extension "pgcrypto" already exists, skipping
NOTICE (42701): column "status_text" of relation "companies" already exists, skipping
NOTICE (42701): column "address" of relation "companies" already exists, skipping
NOTICE (42701): column "postal_code" of relation "companies" already exists, skipping
NOTICE (42701): column "city" of relation "companies" already exists, skipping
NOTICE (42701): column "source" of relation "companies" already exists, skipping
NOTICE (42701): column "created_by" of relation "companies" already exists, skipping
NOTICE (42701): column "identity_confirmed_at" of relation "companies" already exists, skipping
NOTICE (42701): column "identity_locked_at" of relation "companies" already exists, skipping
NOTICE (42701): column "created_at" of relation "companies" already exists, skipping
NOTICE (42701): column "accepted_at" of relation "company_memberships" already exists, skipping
NOTICE (42701): column "created_at" of relation "company_memberships" already exists, skipping
NOTICE (42701): column "status" of relation "company_cancellations" already exists, skipping
NOTICE (42701): column "reason" of relation "company_cancellations" already exists, skipping
NOTICE (42701): column "evidence" of relation "company_cancellations" already exists, skipping
NOTICE (42701): column "requested_by" of relation "company_cancellations" already exists, skipping
NOTICE (42701): column "requested_at" of relation "company_cancellations" already exists, skipping
NOTICE (42701): column "reviewed_by" of relation "company_cancellations" already exists, skipping
NOTICE (42701): column "reviewed_at" of relation "company_cancellations" already exists, skipping
NOTICE (42701): column "deleted_by" of relation "company_cancellations" already exists, skipping
NOTICE (42701): column "deleted_at" of relation "company_cancellations" already exists, skipping
NOTICE (42701): column "updated_at" of relation "company_cancellations" already exists, skipping
NOTICE (42701): column "risk_flags" of relation "ledger_entries" already exists, skipping
NOTICE (42701): column "warning_accepted_by" of relation "ledger_entries" already exists, skipping
NOTICE (42701): column "warning_accepted_at" of relation "ledger_entries" already exists, skipping
NOTICE (42701): column "movements" of relation "investment_positions" already exists, skipping
NOTICE (42701): column "adapter_mode" of relation "filing_submissions" already exists, skipping
NOTICE (42701): column "payload_hash" of relation "filing_submissions" already exists, skipping
NOTICE (42701): column "idempotency_key" of relation "filing_submissions" already exists, skipping
NOTICE (42701): column "submitted_by" of relation "filing_submissions" already exists, skipping
NOTICE (42701): column "feedback_items" of relation "filing_submissions" already exists, skipping
NOTICE (42701): column "receipt_metadata" of relation "filing_submissions" already exists, skipping
NOTICE (42701): column "submitted_payload_ref" of relation "filing_submissions" already exists, skipping
NOTICE (42701): column "submitted_payload" of relation "filing_submissions" already exists, skipping
NOTICE (42701): column "refund_completed" of relation "billing_accounts" already exists, skipping
NOTICE (42701): column "provider_customer_ref" of relation "billing_accounts" already exists, skipping
NOTICE (42701): column "subscription_provider_ref" of relation "billing_accounts" already exists, skipping
NOTICE (42701): column "filing_package_payment_ref" of relation "billing_accounts" already exists, skipping
NOTICE (42701): column "refund_provider_ref" of relation "billing_accounts" already exists, skipping
NOTICE (00000): policy "owners can create companies" for relation "public.companies" does not exist, skipping
NOTICE (00000): policy "company members can read companies" for relation "public.companies" does not exist, skipping
NOTICE (00000): policy "active operators can read own operator grant" for relation "public.support_operators" does not exist, skipping
NOTICE (00000): policy "active operators can read launch signoffs" for relation "public.launch_signoffs" does not exist, skipping
NOTICE (00000): policy "admin operators can create launch signoffs" for relation "public.launch_signoffs" does not exist, skipping
NOTICE (00000): policy "admin operators can update launch signoffs" for relation "public.launch_signoffs" does not exist, skipping
NOTICE (00000): policy "owners can lock their new company identity" for relation "public.companies" does not exist, skipping
NOTICE (00000): policy "users can read their memberships" for relation "public.company_memberships" does not exist, skipping
NOTICE (00000): policy "company creator can add owner membership" for relation "public.company_memberships" does not exist, skipping
NOTICE (00000): policy "owners can invite company members" for relation "public.company_memberships" does not exist, skipping
NOTICE (00000): policy "owners can update their own membership acceptance" for relation "public.company_memberships" does not exist, skipping
NOTICE (00000): policy "invited users can accept company memberships" for relation "public.company_memberships" does not exist, skipping
NOTICE (00000): policy "owners and invitees can read company invitations" for relation "public.company_invitations" does not exist, skipping
NOTICE (00000): policy "owners can create company invitations" for relation "public.company_invitations" does not exist, skipping
NOTICE (00000): policy "owners and invitees can update company invitations" for relation "public.company_invitations" does not exist, skipping
NOTICE (00000): policy "owners can read notification outbox" for relation "public.notification_outbox" does not exist, skipping
NOTICE (00000): policy "owners can create notification outbox rows" for relation "public.notification_outbox" does not exist, skipping
NOTICE (00000): policy "company members can read audit events" for relation "public.audit_events" does not exist, skipping
NOTICE (00000): policy "support operators can read audit events" for relation "public.audit_events" does not exist, skipping
NOTICE (00000): policy "company members can create audit events for themselves" for relation "public.audit_events" does not exist, skipping
NOTICE (00000): policy "company members can read cancellation state" for relation "public.company_cancellations" does not exist, skipping
NOTICE (00000): policy "support operators can read cancellation state" for relation "public.company_cancellations" does not exist, skipping
NOTICE (00000): policy "owners can request cancellation" for relation "public.company_cancellations" does not exist, skipping
NOTICE (00000): policy "owners can update cancellation request" for relation "public.company_cancellations" does not exist, skipping
NOTICE (00000): policy "users can read their own step up events" for relation "public.step_up_events" does not exist, skipping
NOTICE (00000): policy "users can create their own step up events" for relation "public.step_up_events" does not exist, skipping
NOTICE (00000): policy "company members can read document metadata" for relation "public.documents" does not exist, skipping
NOTICE (00000): policy "owners can create document metadata" for relation "public.documents" does not exist, skipping
NOTICE (00000): policy "company members can read company document objects" for relation "storage.objects" does not exist, skipping
NOTICE (00000): policy "owners can upload company document objects" for relation "storage.objects" does not exist, skipping
NOTICE (00000): policy "company members can read opening balance setups" for relation "public.opening_balance_setups" does not exist, skipping
NOTICE (00000): policy "owners can create opening balance setups" for relation "public.opening_balance_setups" does not exist, skipping
NOTICE (00000): policy "company members can read period locks" for relation "public.period_locks" does not exist, skipping
NOTICE (00000): policy "owners can create period locks" for relation "public.period_locks" does not exist, skipping
NOTICE (00000): policy "company members can read annual data" for relation "public.annual_data" does not exist, skipping
NOTICE (00000): policy "owners can create annual data" for relation "public.annual_data" does not exist, skipping
NOTICE (00000): policy "owners can update annual data" for relation "public.annual_data" does not exist, skipping
NOTICE (00000): policy "company members can read opening shareholders" for relation "public.opening_shareholders" does not exist, skipping
NOTICE (00000): policy "owners can create opening shareholders" for relation "public.opening_shareholders" does not exist, skipping
NOTICE (00000): policy "company members can read ledger entries" for relation "public.ledger_entries" does not exist, skipping
NOTICE (00000): policy "owners can create ledger entries" for relation "public.ledger_entries" does not exist, skipping
NOTICE (00000): policy "company members can read bank transactions" for relation "public.bank_transactions" does not exist, skipping
NOTICE (00000): policy "owners can create bank transactions" for relation "public.bank_transactions" does not exist, skipping
NOTICE (00000): policy "owners can update bank transactions" for relation "public.bank_transactions" does not exist, skipping
NOTICE (00000): policy "company members can read holding actions" for relation "public.holding_actions" does not exist, skipping
NOTICE (00000): policy "owners can create holding actions" for relation "public.holding_actions" does not exist, skipping
NOTICE (00000): policy "company members can read investment positions" for relation "public.investment_positions" does not exist, skipping
NOTICE (00000): policy "owners can create investment positions" for relation "public.investment_positions" does not exist, skipping
NOTICE (00000): policy "owners can update investment positions" for relation "public.investment_positions" does not exist, skipping
NOTICE (00000): policy "company members can read filing previews" for relation "public.filing_previews" does not exist, skipping
NOTICE (00000): policy "owners can create filing previews" for relation "public.filing_previews" does not exist, skipping
NOTICE (00000): policy "company members can read filing submissions" for relation "public.filing_submissions" does not exist, skipping
NOTICE (00000): policy "support operators can read filing submissions" for relation "public.filing_submissions" does not exist, skipping
NOTICE (00000): policy "owners can create filing submissions" for relation "public.filing_submissions" does not exist, skipping
NOTICE (00000): policy "owners can update filing submissions" for relation "public.filing_submissions" does not exist, skipping
NOTICE (00000): policy "company members can read filing overrides" for relation "public.filing_overrides" does not exist, skipping
NOTICE (00000): policy "owners can create filing overrides" for relation "public.filing_overrides" does not exist, skipping
NOTICE (00000): policy "company members can read filing readiness snapshots" for relation "public.filing_readiness_snapshots" does not exist, skipping
NOTICE (00000): policy "support operators can read filing readiness snapshots" for relation "public.filing_readiness_snapshots" does not exist, skipping
NOTICE (00000): policy "owners can create filing readiness snapshots" for relation "public.filing_readiness_snapshots" does not exist, skipping
NOTICE (00000): policy "owners can update filing readiness snapshots" for relation "public.filing_readiness_snapshots" does not exist, skipping
NOTICE (00000): policy "company members can read filing review comments" for relation "public.filing_review_comments" does not exist, skipping
NOTICE (00000): policy "company members can read billing accounts" for relation "public.billing_accounts" does not exist, skipping
NOTICE (00000): policy "support operators can read billing accounts" for relation "public.billing_accounts" does not exist, skipping
NOTICE (00000): policy "owners can create billing accounts" for relation "public.billing_accounts" does not exist, skipping
NOTICE (00000): policy "owners can update billing accounts" for relation "public.billing_accounts" does not exist, skipping
NOTICE (00000): policy "company members can read billing payment events" for relation "public.billing_payment_events" does not exist, skipping
NOTICE (00000): policy "support operators can read billing payment events" for relation "public.billing_payment_events" does not exist, skipping
NOTICE (00000): policy "owners can create billing payment events" for relation "public.billing_payment_events" does not exist, skipping
NOTICE (00000): policy "company members can read authority permissions" for relation "public.authority_permissions" does not exist, skipping
NOTICE (00000): policy "support operators can read authority permissions" for relation "public.authority_permissions" does not exist, skipping
NOTICE (00000): policy "owners can create authority permissions" for relation "public.authority_permissions" does not exist, skipping
NOTICE (00000): policy "owners can update authority permissions" for relation "public.authority_permissions" does not exist, skipping
NOTICE (00000): policy "company members can read authority test runs" for relation "public.authority_test_runs" does not exist, skipping
NOTICE (00000): policy "support operators can read authority test runs" for relation "public.authority_test_runs" does not exist, skipping
NOTICE (00000): policy "owners can create authority test runs" for relation "public.authority_test_runs" does not exist, skipping
NOTICE (00000): policy "owners and reviewers can create filing review comments" for relation "public.filing_review_comments" does not exist, skipping
NOTICE (00000): policy "owners can acknowledge filing review comments" for relation "public.filing_review_comments" does not exist, skipping
Applying migration 0002_fifo_investment_lots.sql...
NOTICE (00000): constraint "investment_positions_lot_history_status_check" of relation "investment_positions" does not exist, skipping
NOTICE (00000): policy "company members can read investment lots" for relation "public.investment_lots" does not exist, skipping
NOTICE (00000): policy "company members can read investment lot allocations" for relation "public.investment_lot_allocations" does not exist, skipping
NOTICE (00000): trigger "holding_actions_require_investment_rpc" for relation "public.holding_actions" does not exist, skipping
Applying migration 0003_bank_rule_suggestions.sql...
NOTICE (00000): policy "company members can read bank suggestion acceptances" for relation "public.bank_suggestion_acceptances" does not exist, skipping
Applying migration 0004_corporate_document_artifacts.sql...
NOTICE (00000): trigger "prevent_corporate_accounting_policies_mutation" for relation "public.corporate_accounting_policies" does not exist, skipping
NOTICE (00000): trigger "prevent_corporate_decisions_mutation" for relation "public.corporate_decisions" does not exist, skipping
NOTICE (00000): trigger "prevent_corporate_document_sets_mutation" for relation "public.corporate_document_sets" does not exist, skipping
NOTICE (00000): trigger "prevent_corporate_document_artifacts_mutation" for relation "public.corporate_document_artifacts" does not exist, skipping
NOTICE (00000): trigger "prevent_corporate_document_events_mutation" for relation "public.corporate_document_events" does not exist, skipping
NOTICE (00000): trigger "prevent_corporate_decision_finalizations_mutation" for relation "public.corporate_decision_finalizations" does not exist, skipping
NOTICE (00000): policy "company members can read corporate decisions" for relation "public.corporate_decisions" does not exist, skipping
NOTICE (00000): policy "company members can read corporate document sets" for relation "public.corporate_document_sets" does not exist, skipping
NOTICE (00000): policy "company members can read corporate document artifacts" for relation "public.corporate_document_artifacts" does not exist, skipping
NOTICE (00000): policy "company members can read corporate document events" for relation "public.corporate_document_events" does not exist, skipping
NOTICE (00000): policy "company members can read corporate decision finalizations" for relation "public.corporate_decision_finalizations" does not exist, skipping
Applying migration 0005_company_tax_feedback_persistence.sql...
NOTICE (00000): constraint "filing_submissions_authority_mode_shape_check" of relation "filing_submissions" does not exist, skipping
NOTICE (00000): index "authority_test_runs_evidence_identity_key" does not exist, skipping
Applying migration 20260714081443_explicit_data_api_grants.sql...
Applying migration 20260715084507_trusted_aal2_boundary.sql...
Applying migration 20260715120700_revoke_anonymous_mutation_rpcs.sql...
Applying migration 20260715143000_retention_safe_document_removal.sql...
NOTICE (00000): policy "owners can delete removed unlinked document objects" for relation "storage.objects" does not exist, skipping
Applying migration 20260715180000_controlled_production_beta.sql...
NOTICE (00000): policy "company members read production pilot entitlements" for relation "public.production_pilot_entitlements" does not exist, skipping
NOTICE (00000): policy "company members read filing approval snapshots" for relation "public.filing_approval_snapshots" does not exist, skipping
NOTICE (00000): policy "company members read production filing submissions" for relation "public.production_filing_submissions" does not exist, skipping
NOTICE (00000): policy "company members read production filing events" for relation "public.production_filing_events" does not exist, skipping
NOTICE (00000): policy "active operators read production pilot entitlements" for relation "public.production_pilot_entitlements" does not exist, skipping
NOTICE (00000): policy "active operators read filing approval snapshots" for relation "public.filing_approval_snapshots" does not exist, skipping
NOTICE (00000): policy "active operators read production filing submissions" for relation "public.production_filing_submissions" does not exist, skipping
NOTICE (00000): policy "active operators read production filing events" for relation "public.production_filing_events" does not exist, skipping
Applying migration 20260716110000_authority_operations.sql...
NOTICE (00000): policy "active admin operators read authority operations" for relation "public.authority_operations" does not exist, skipping
Applying migration 20260716125903_rf1086_system_user_requests.sql...
NOTICE (00000): constraint "system_user_requests_confirm_url_check" of relation "system_user_requests" does not exist, skipping
NOTICE (00000): constraint "system_user_requests_confirm_url_canonical" of relation "system_user_requests" does not exist, skipping
NOTICE (00000): policy "system_user_requests_owner_read" for relation "public.system_user_requests" does not exist, skipping
NOTICE (00000): policy "system_user_requests_operator_read" for relation "public.system_user_requests" does not exist, skipping
NOTICE (00000): constraint "production_pilot_entitlements_verified_request_required" of relation "production_pilot_entitlements" does not exist, skipping
Applying migration 20260716140100_rf1086_systemregister_callback_operation.sql...
Applying migration 20260716155621_rf1086_feedback_reconciliation.sql...
NOTICE (00000): policy "production_feedback_artifacts_owner_read" for relation "public.production_feedback_artifacts" does not exist, skipping
NOTICE (00000): policy "production_feedback_artifacts_operator_read" for relation "public.production_feedback_artifacts" does not exist, skipping
Applying migration 20260717110000_customer_agreement_acceptances.sql...
NOTICE (00000): trigger "prevent_customer_agreement_acceptance_mutation" for relation "public.customer_agreement_acceptances" does not exist, skipping
NOTICE (00000): policy "company members can read customer agreement acceptances" for relation "public.customer_agreement_acceptances" does not exist, skipping
Applying migration 20260717113000_restrict_customer_agreement_creation.sql...
Applying migration 20260717120000_existing_company_agreement_reacceptance.sql...
Applying migration 20260719090000_add_annual_full_time_equivalents.sql...
NOTICE (42701): column "annual_full_time_equivalents" of relation "annual_data" already exists, skipping
Applying migration 20260801090000_company_access_invitations.sql...
NOTICE (00000): policy "members and accepted owners can read company memberships" for relation "public.company_memberships" does not exist, skipping
NOTICE (00000): policy "company access commands read companies" for relation "public.companies" does not exist, skipping
NOTICE (00000): policy "company access commands read invitations" for relation "public.company_invitations" does not exist, skipping
NOTICE (00000): policy "company access commands create invitations" for relation "public.company_invitations" does not exist, skipping
NOTICE (00000): policy "company access commands update invitations" for relation "public.company_invitations" does not exist, skipping
NOTICE (00000): policy "company access commands read memberships" for relation "public.company_memberships" does not exist, skipping
NOTICE (00000): policy "company access commands accept memberships" for relation "public.company_memberships" does not exist, skipping
NOTICE (00000): policy "company access commands update memberships" for relation "public.company_memberships" does not exist, skipping
NOTICE (00000): policy "company access commands remove memberships" for relation "public.company_memberships" does not exist, skipping
NOTICE (00000): policy "company access commands read receipts" for relation "public.company_access_command_receipts" does not exist, skipping
NOTICE (00000): policy "company access recovery reads own receipts" for relation "public.company_access_command_receipts" does not exist, skipping
NOTICE (00000): policy "company access recovery updates own receipts" for relation "public.company_access_command_receipts" does not exist, skipping
NOTICE (00000): policy "company access recovery reads own membership" for relation "public.company_memberships" does not exist, skipping
NOTICE (00000): policy "company access recovery reads own audit evidence" for relation "public.audit_events" does not exist, skipping
NOTICE (00000): policy "company access recovery reads own delivery evidence" for relation "public.notification_outbox" does not exist, skipping
NOTICE (00000): policy "company access recovery creates own delivery evidence" for relation "public.notification_outbox" does not exist, skipping
NOTICE (00000): policy "company access commands create receipts" for relation "public.company_access_command_receipts" does not exist, skipping
NOTICE (00000): policy "company access commands clear receipt tokens" for relation "public.company_access_command_receipts" does not exist, skipping
WARNING (01006): no privileges could be revoked for "company_access_create_invitation"
WARNING (01006): no privileges could be revoked for "company_access_lookup_invitation"
WARNING (01006): no privileges could be revoked for "company_access_accept_invitation"
WARNING (01006): no privileges could be revoked for "company_access_revoke_invitation"
WARNING (01006): no privileges could be revoked for "company_access_resend_invitation"
WARNING (01006): no privileges could be revoked for "company_access_administer_membership"
WARNING (01006): no privileges could be revoked for "company_access_pending_invitation_side_effects"
WARNING (01006): no privileges could be revoked for "company_access_complete_invitation_side_effect"
WARNING (01007): no privileges were granted for "company_access_create_invitation"
WARNING (01007): no privileges were granted for "company_access_lookup_invitation"
WARNING (01007): no privileges were granted for "company_access_accept_invitation"
WARNING (01007): no privileges were granted for "company_access_revoke_invitation"
WARNING (01007): no privileges were granted for "company_access_resend_invitation"
WARNING (01007): no privileges were granted for "company_access_administer_membership"
WARNING (01007): no privileges were granted for "company_access_pending_invitation_side_effects"
WARNING (01007): no privileges were granted for "company_access_complete_invitation_side_effect"
Applying migration 20260808120000_company_access_cancellation_lifecycle.sql...
NOTICE (00000): policy "legacy cancellation hides superseded rows" for relation "public.company_cancellations" does not exist, skipping
NOTICE (00000): trigger "company_archive_track_companies" for relation "public.companies" does not exist, skipping
NOTICE (00000): trigger "company_archive_track_opening_balance_setups" for relation "public.opening_balance_setups" does not exist, skipping
NOTICE (00000): trigger "company_archive_track_opening_shareholders" for relation "public.opening_shareholders" does not exist, skipping
NOTICE (00000): trigger "company_archive_track_ledger_entries" for relation "public.ledger_entries" does not exist, skipping
NOTICE (00000): trigger "company_archive_track_documents" for relation "public.documents" does not exist, skipping
NOTICE (00000): trigger "company_archive_track_filing_previews" for relation "public.filing_previews" does not exist, skipping
NOTICE (00000): trigger "company_archive_track_filing_submissions" for relation "public.filing_submissions" does not exist, skipping
NOTICE (00000): trigger "company_archive_track_holding_actions" for relation "public.holding_actions" does not exist, skipping
NOTICE (00000): trigger "company_archive_track_billing_accounts" for relation "public.billing_accounts" does not exist, skipping
NOTICE (00000): trigger "company_archive_track_authority_permissions" for relation "public.authority_permissions" does not exist, skipping
NOTICE (00000): trigger "company_archive_track_authority_test_runs" for relation "public.authority_test_runs" does not exist, skipping
NOTICE (00000): trigger "company_archive_track_filing_review_comments" for relation "public.filing_review_comments" does not exist, skipping
NOTICE (00000): trigger "company_archive_track_audit_events" for relation "public.audit_events" does not exist, skipping
NOTICE (00000): trigger "company_archive_track_investment_positions" for relation "public.investment_positions" does not exist, skipping
NOTICE (00000): trigger "company_archive_track_investment_lots" for relation "public.investment_lots" does not exist, skipping
NOTICE (00000): trigger "company_archive_track_investment_lot_allocations" for relation "public.investment_lot_allocations" does not exist, skipping
NOTICE (00000): trigger "company_archive_track_bank_suggestion_acceptances" for relation "public.bank_suggestion_acceptances" does not exist, skipping
NOTICE (00000): trigger "company_archive_track_corporate_decisions" for relation "public.corporate_decisions" does not exist, skipping
NOTICE (00000): trigger "company_archive_track_corporate_document_sets" for relation "public.corporate_document_sets" does not exist, skipping
NOTICE (00000): trigger "company_archive_track_corporate_document_artifacts" for relation "public.corporate_document_artifacts" does not exist, skipping
NOTICE (00000): trigger "company_archive_track_corporate_document_events" for relation "public.corporate_document_events" does not exist, skipping
NOTICE (00000): trigger "company_archive_track_corporate_decision_finalizations" for relation "public.corporate_decision_finalizations" does not exist, skipping
NOTICE (00000): policy "company access commands read cancellations" for relation "public.company_cancellations" does not exist, skipping
NOTICE (00000): policy "company access commands create cancellations" for relation "public.company_cancellations" does not exist, skipping
NOTICE (00000): policy "company access commands update cancellations" for relation "public.company_cancellations" does not exist, skipping
NOTICE (00000): policy "company access members read deletion reviews" for relation "public.company_deletion_reviews" does not exist, skipping
NOTICE (00000): policy "company access commands append deletion reviews" for relation "public.company_deletion_reviews" does not exist, skipping
NOTICE (00000): policy "company access lifecycle reads documents" for relation "public.documents" does not exist, skipping
NOTICE (00000): policy "company access lifecycle appends audit evidence" for relation "public.audit_events" does not exist, skipping
NOTICE (00000): policy "company access lifecycle updates company marker" for relation "public.companies" does not exist, skipping
WARNING (01006): no privileges could be revoked for "company_access_request_cancellation"
WARNING (01006): no privileges could be revoked for "company_access_resume_cancellation"
WARNING (01006): no privileges could be revoked for "company_access_review_deletion"
WARNING (01006): no privileges could be revoked for "company_access_finalize_deletion"
WARNING (01006): no privileges could be revoked for "company_access_list_cancellations"
WARNING (01006): no privileges could be revoked for "company_access_reconcile_cancellation_operation"
WARNING (01007): no privileges were granted for "company_access_request_cancellation"
WARNING (01007): no privileges were granted for "company_access_resume_cancellation"
WARNING (01007): no privileges were granted for "company_access_review_deletion"
WARNING (01007): no privileges were granted for "company_access_finalize_deletion"
WARNING (01007): no privileges were granted for "company_access_list_cancellations"
WARNING (01007): no privileges were granted for "company_access_reconcile_cancellation_operation"
Applying migration 20260826095900_company_access_policy_schema.sql...
Applying migration 20260826100000_company_access_onboarding.sql...
NOTICE (00000): policy "company access backend reads own operator grant" for relation "public.support_operators" does not exist, skipping
NOTICE (00000): policy "company access onboarding creates companies" for relation "public.companies" does not exist, skipping
NOTICE (00000): policy "company access onboarding creates owner membership" for relation "public.company_memberships" does not exist, skipping
NOTICE (00000): policy "company access reads agreement evidence" for relation "public.customer_agreement_acceptances" does not exist, skipping
NOTICE (00000): policy "company access appends current agreement evidence" for relation "public.customer_agreement_acceptances" does not exist, skipping
Applying migration 20260826110000_company_year_admission.sql...
Applying migration 20260827100000_ledger_capability.sql...
NOTICE (00000): trigger "ledger_entries_enforce_boundary" for relation "ledger.entries" does not exist, skipping
NOTICE (00000): constraint "ledger_entries_source_capability_check" of relation "entries" does not exist, skipping
NOTICE (00000): trigger "ledger_entries_enforce_boundary" for relation "ledger.entries" does not exist, skipping
NOTICE (00000): role "postgres" has already been granted membership in role "company_access_executor" by role "postgres"
WARNING (01006): no privileges could be revoked for "company_access_company_year_allows_consequential_v1"
WARNING (01007): no privileges were granted for "company_access_company_year_allows_consequential_v1"
WARNING (01007): no privileges were granted for "company_access_company_year_allows_consequential_v1"
NOTICE (00000): policy "ledger workflow reads receipts" for relation "backend_system.ledger_workflow_receipts" does not exist, skipping
NOTICE (00000): policy "ledger workflow appends receipts" for relation "backend_system.ledger_workflow_receipts" does not exist, skipping
NOTICE (00000): policy "ledger workflow creates opening setups" for relation "public.opening_balance_setups" does not exist, skipping
NOTICE (00000): policy "ledger workflow reads opening setups" for relation "public.opening_balance_setups" does not exist, skipping
NOTICE (00000): policy "ledger workflow creates opening shareholders" for relation "public.opening_shareholders" does not exist, skipping
NOTICE (00000): policy "ledger workflow reads opening shareholders" for relation "public.opening_shareholders" does not exist, skipping
NOTICE (00000): policy "ledger store reads entries" for relation "ledger.entries" does not exist, skipping
NOTICE (00000): policy "ledger store posts entries" for relation "ledger.entries" does not exist, skipping
NOTICE (00000): policy "ledger store reads period locks" for relation "ledger.period_locks" does not exist, skipping
NOTICE (00000): policy "ledger store creates period locks" for relation "ledger.period_locks" does not exist, skipping
NOTICE (00000): policy "ledger store reads command receipts" for relation "backend_system.ledger_command_receipts" does not exist, skipping
NOTICE (00000): policy "ledger store appends command receipts" for relation "backend_system.ledger_command_receipts" does not exist, skipping
NOTICE (00000): trigger "ledger_command_receipts_immutable" for relation "backend_system.ledger_command_receipts" does not exist, skipping
NOTICE (00000): trigger "ledger_workflow_receipts_immutable" for relation "backend_system.ledger_workflow_receipts" does not exist, skipping
NOTICE (00000): trigger "ledger_cursor_signing_keys_immutable" for relation "backend_system.ledger_cursor_signing_keys" does not exist, skipping
NOTICE (00000): trigger "ledger_migration_source_rows_immutable" for relation "backend_system.ledger_migration_source_rows" does not exist, skipping
NOTICE (00000): trigger "ledger_migration_quarantine_immutable" for relation "backend_system.ledger_migration_quarantine" does not exist, skipping
NOTICE (00000): trigger "ledger_migration_reconciliations_immutable" for relation "backend_system.ledger_migration_reconciliations" does not exist, skipping
NOTICE (00000): trigger "ledger_entries_legacy_insert" for relation "public.ledger_entries" does not exist, skipping
WARNING (01000): role "postgres" has not been granted membership in role "company_access_executor" by role "postgres"
Applying migration 20260827100500_ledger_writer_coordinators.sql...
Applying migration 20260827101000_ledger_full_year_reconstruction.sql...
Applying migration 20260827102000_ledger_supported_patterns.sql...
NOTICE (00000): policy "ledger store reads entry contexts" for relation "ledger.entry_contexts" does not exist, skipping
NOTICE (00000): policy "ledger store records entry contexts" for relation "ledger.entry_contexts" does not exist, skipping
NOTICE (00000): policy "ledger store reads entry sources" for relation "ledger.entry_sources" does not exist, skipping
NOTICE (00000): policy "ledger store records entry sources" for relation "ledger.entry_sources" does not exist, skipping
NOTICE (00000): trigger "ledger_entry_contexts_immutable" for relation "ledger.entry_contexts" does not exist, skipping
NOTICE (00000): trigger "ledger_entry_sources_immutable" for relation "ledger.entry_sources" does not exist, skipping
Applying migration 20260827103000_ledger_corrections.sql...
NOTICE (00000): policy "ledger store reads entry corrections" for relation "ledger.entry_corrections" does not exist, skipping
NOTICE (00000): policy "ledger store records entry corrections" for relation "ledger.entry_corrections" does not exist, skipping
NOTICE (00000): trigger "ledger_entry_corrections_immutable" for relation "ledger.entry_corrections" does not exist, skipping
Applying migration 20260827104000_ledger_company_year_close.sql...
NOTICE (00000): constraint "reconstruction_assessments_ledger_state_digest_check" of relation "reconstruction_assessments" does not exist, skipping
NOTICE (00000): policy "ledger store reads company year close locks" for relation "ledger.company_year_close_locks" does not exist, skipping
NOTICE (00000): policy "ledger store records company year close locks" for relation "ledger.company_year_close_locks" does not exist, skipping
NOTICE (00000): policy "ledger store reads company year close assessments" for relation "ledger.company_year_close_assessments" does not exist, skipping
NOTICE (00000): policy "ledger store records company year close assessments" for relation "ledger.company_year_close_assessments" does not exist, skipping
NOTICE (00000): policy "ledger store reads company year close evidence" for relation "ledger.company_year_close_evidence" does not exist, skipping
NOTICE (00000): policy "ledger store records company year close evidence" for relation "ledger.company_year_close_evidence" does not exist, skipping
NOTICE (00000): policy "ledger store reads company year close reporting outputs" for relation "ledger.company_year_close_reporting_outputs" does not exist, skipping
NOTICE (00000): policy "ledger store records company year close reporting outputs" for relation "ledger.company_year_close_reporting_outputs" does not exist, skipping
NOTICE (00000): trigger "reconstruction_assessments_bind_ledger_state" for relation "ledger.reconstruction_assessments" does not exist, skipping
NOTICE (00000): trigger "ledger_company_year_close_locks_immutable" for relation "ledger.company_year_close_locks" does not exist, skipping
NOTICE (00000): trigger "ledger_company_year_close_assessments_immutable" for relation "ledger.company_year_close_assessments" does not exist, skipping
NOTICE (00000): trigger "ledger_company_year_close_evidence_immutable" for relation "ledger.company_year_close_evidence" does not exist, skipping
NOTICE (00000): trigger "ledger_company_year_close_reporting_outputs_immutable" for relation "ledger.company_year_close_reporting_outputs" does not exist, skipping
Applying migration 20260827105000_ledger_received_dividend_lifecycle.sql...
NOTICE (00000): policy "ledger store reads received dividend decisions" for relation "ledger.received_dividend_decisions" does not exist, skipping
NOTICE (00000): policy "ledger store records received dividend decisions" for relation "ledger.received_dividend_decisions" does not exist, skipping
NOTICE (00000): policy "ledger store reads received dividend settlements" for relation "ledger.received_dividend_settlements" does not exist, skipping
NOTICE (00000): policy "ledger store records received dividend settlements" for relation "ledger.received_dividend_settlements" does not exist, skipping
NOTICE (00000): trigger "ledger_received_dividend_decisions_immutable" for relation "ledger.received_dividend_decisions" does not exist, skipping
NOTICE (00000): trigger "ledger_received_dividend_settlements_immutable" for relation "ledger.received_dividend_settlements" does not exist, skipping
Applying migration 20260827106000_ledger_bank_loan_lifecycle.sql...
NOTICE (00000): policy "ledger store reads bank loan anchors" for relation "ledger.bank_loan_anchors" does not exist, skipping
NOTICE (00000): policy "ledger store records bank loan anchors" for relation "ledger.bank_loan_anchors" does not exist, skipping
NOTICE (00000): policy "ledger store reads bank loan payment allocations" for relation "ledger.bank_loan_payment_allocations" does not exist, skipping
NOTICE (00000): policy "ledger store records bank loan payment allocations" for relation "ledger.bank_loan_payment_allocations" does not exist, skipping
NOTICE (00000): trigger "ledger_bank_loan_anchors_immutable" for relation "ledger.bank_loan_anchors" does not exist, skipping
NOTICE (00000): trigger "ledger_bank_loan_payment_allocations_immutable" for relation "ledger.bank_loan_payment_allocations" does not exist, skipping
Applying migration 20260827107000_ledger_cash_capital_increase_lifecycle.sql...
NOTICE (00000): policy "ledger store reads cash capital increase phases" for relation "ledger.cash_capital_increase_phases" does not exist, skipping
NOTICE (00000): policy "ledger store records cash capital increase phases" for relation "ledger.cash_capital_increase_phases" does not exist, skipping
NOTICE (00000): trigger "ledger_cash_capital_increase_phases_immutable" for relation "ledger.cash_capital_increase_phases" does not exist, skipping
Applying migration 20260827108000_ledger_loss_coverage_capital_reduction_lifecycle.sql...
NOTICE (00000): policy "ledger store reads loss coverage capital reduction phases" for relation "ledger.loss_coverage_capital_reduction_phases" does not exist, skipping
NOTICE (00000): policy "ledger store records loss coverage capital reduction phases" for relation "ledger.loss_coverage_capital_reduction_phases" does not exist, skipping
NOTICE (00000): trigger "ledger_loss_coverage_capital_reduction_phases_immutable" for relation "ledger.loss_coverage_capital_reduction_phases" does not exist, skipping
Applying migration 20260827109000_ledger_opening_position_rebuild.sql...
NOTICE (00000): policy "ledger store reads opening position rebuilds" for relation "ledger.opening_position_rebuilds" does not exist, skipping
NOTICE (00000): policy "ledger store records opening position rebuilds" for relation "ledger.opening_position_rebuilds" does not exist, skipping
NOTICE (00000): policy "ledger store reads opening position components" for relation "ledger.opening_position_components" does not exist, skipping
NOTICE (00000): policy "ledger store records opening position components" for relation "ledger.opening_position_components" does not exist, skipping
NOTICE (00000): policy "ledger store reads opening position component sources" for relation "ledger.opening_position_component_sources" does not exist, skipping
NOTICE (00000): policy "ledger store records opening position component sources" for relation "ledger.opening_position_component_sources" does not exist, skipping
NOTICE (00000): policy "ledger store reads opening dividend settlements" for relation "ledger.opening_received_dividend_settlements" does not exist, skipping
NOTICE (00000): policy "ledger store records opening dividend settlements" for relation "ledger.opening_received_dividend_settlements" does not exist, skipping
NOTICE (00000): trigger "ledger_bank_loan_basis_collision" for relation "ledger.bank_loan_anchors" does not exist, skipping
NOTICE (00000): trigger "ledger_opening_bank_loan_basis_collision" for relation "ledger.opening_position_components" does not exist, skipping
NOTICE (00000): trigger "ledger_bank_loan_payment_basis" for relation "ledger.bank_loan_payment_allocations" does not exist, skipping
NOTICE (00000): trigger "ledger_opening_position_rebuilds_immutable" for relation "ledger.opening_position_rebuilds" does not exist, skipping
NOTICE (00000): trigger "ledger_opening_position_components_immutable" for relation "ledger.opening_position_components" does not exist, skipping
NOTICE (00000): trigger "ledger_opening_position_component_sources_immutable" for relation "ledger.opening_position_component_sources" does not exist, skipping
NOTICE (00000): trigger "ledger_opening_received_dividend_settlements_immutable" for relation "ledger.opening_received_dividend_settlements" does not exist, skipping
Applying migration 20260827109100_ledger_opening_position_acceptance.sql...
Applying migration 20260827109200_ledger_reconstruction_economic_facts.sql...
NOTICE (42701): column "fact" of relation "reconstruction_economic_facts" already exists, skipping
NOTICE (00000): policy "ledger store reads reconstruction economic fact sets" for relation "ledger.reconstruction_economic_fact_sets" does not exist, skipping
NOTICE (00000): policy "ledger store records reconstruction economic fact sets" for relation "ledger.reconstruction_economic_fact_sets" does not exist, skipping
NOTICE (00000): policy "ledger store reads reconstruction economic facts" for relation "ledger.reconstruction_economic_facts" does not exist, skipping
NOTICE (00000): policy "ledger store records reconstruction economic facts" for relation "ledger.reconstruction_economic_facts" does not exist, skipping
NOTICE (00000): trigger "reconstruction_economic_fact_sets_immutable" for relation "ledger.reconstruction_economic_fact_sets" does not exist, skipping
NOTICE (00000): trigger "reconstruction_economic_facts_immutable" for relation "ledger.reconstruction_economic_facts" does not exist, skipping
Applying migration 20260827109300_ledger_close_output_economic_facts.sql...
NOTICE (00000): constraint "ledger_close_output_economic_facts_digest_valid" of relation "company_year_close_reporting_outputs" does not exist, skipping
NOTICE (00000): trigger "ledger_company_year_close_output_bind_economic_facts" for relation "ledger.company_year_close_reporting_outputs" does not exist, skipping
Applying migration 20260827109400_ledger_reconstruction_source_evidence.sql...
NOTICE (00000): policy "ledger store reads reconstruction source evidence sets" for relation "ledger.reconstruction_source_evidence_sets" does not exist, skipping
NOTICE (00000): policy "ledger store records reconstruction source evidence sets" for relation "ledger.reconstruction_source_evidence_sets" does not exist, skipping
NOTICE (00000): policy "ledger store reads reconstruction source evidence bindings" for relation "ledger.reconstruction_source_evidence_bindings" does not exist, skipping
NOTICE (00000): policy "ledger store records reconstruction source evidence bindings" for relation "ledger.reconstruction_source_evidence_bindings" does not exist, skipping
NOTICE (00000): trigger "reconstruction_source_evidence_sets_immutable" for relation "ledger.reconstruction_source_evidence_sets" does not exist, skipping
NOTICE (00000): trigger "reconstruction_source_evidence_bindings_immutable" for relation "ledger.reconstruction_source_evidence_bindings" does not exist, skipping
Applying migration 20260828100000_banking_capability.sql...
NOTICE (42P06): schema "backend_system" already exists, skipping
NOTICE (00000): trigger "banking_migration_runs_immutable" for relation "backend_system.banking_migration_runs" does not exist, skipping
NOTICE (00000): trigger "banking_migration_source_rows_immutable" for relation "backend_system.banking_migration_source_rows" does not exist, skipping
NOTICE (00000): trigger "banking_migration_reconciliations_immutable" for relation "backend_system.banking_migration_reconciliations" does not exist, skipping
NOTICE (00000): trigger "bank_transactions_sync_to_banking" for relation "public.bank_transactions" does not exist, skipping
NOTICE (00000): trigger "banking_transactions_sync_to_legacy" for relation "banking.transactions" does not exist, skipping
NOTICE (00000): trigger "bank_acceptances_sync_to_banking" for relation "public.bank_suggestion_acceptances" does not exist, skipping
NOTICE (00000): trigger "banking_migration_runs_immutable" for relation "backend_system.banking_migration_runs" does not exist, skipping
NOTICE (00000): trigger "banking_migration_source_rows_immutable" for relation "backend_system.banking_migration_source_rows" does not exist, skipping
NOTICE (00000): trigger "banking_migration_reconciliations_immutable" for relation "backend_system.banking_migration_reconciliations" does not exist, skipping
NOTICE (00000): policy "banking store reads transactions" for relation "banking.transactions" does not exist, skipping
NOTICE (00000): policy "banking store creates transactions" for relation "banking.transactions" does not exist, skipping
NOTICE (00000): policy "banking store updates transactions" for relation "banking.transactions" does not exist, skipping
NOTICE (00000): policy "banking store reads acceptances" for relation "banking.suggestion_acceptances" does not exist, skipping
NOTICE (00000): policy "banking store creates acceptances" for relation "banking.suggestion_acceptances" does not exist, skipping
Applying migration 20260828100500_banking_workflows.sql...
NOTICE (00000): policy "banking store reads command receipts" for relation "backend_system.banking_command_receipts" does not exist, skipping
NOTICE (00000): policy "banking store appends command receipts" for relation "backend_system.banking_command_receipts" does not exist, skipping
NOTICE (00000): trigger "banking_command_receipts_immutable" for relation "backend_system.banking_command_receipts" does not exist, skipping
WARNING (01007): no privileges were granted for "company_access_company_year_allows_consequential_v1"
Applying migration 20260828100600_banking_overlap_trigger_policy.sql...
NOTICE (00000): policy "banking overlap mirrors legacy transactions" for relation "banking.transactions" does not exist, skipping
NOTICE (00000): policy "banking overlap mirrors legacy acceptances" for relation "banking.suggestion_acceptances" does not exist, skipping
NOTICE (00000): policy "banking overlap mirrors canonical transactions" for relation "public.bank_transactions" does not exist, skipping
NOTICE (00000): policy "banking overlap mirrors canonical acceptances" for relation "public.bank_suggestion_acceptances" does not exist, skipping
NOTICE (00000): trigger "banking_acceptances_sync_to_legacy" for relation "banking.suggestion_acceptances" does not exist, skipping
NOTICE (00000): policy "banking workflow appends audit events" for relation "public.audit_events" does not exist, skipping
Applying migration 20260828102000_banking_connections.sql...
Applying migration 20260828103000_marketing_funnel_measurement.sql...
NOTICE (42P06): schema "backend_system" already exists, skipping
Applying migration 20260829070411_marketing_measurement_small_cell_threshold.sql...
Applying migration 20260829074916_validation_observation_authority.sql...
NOTICE (42P06): schema "backend_system" already exists, skipping
Applying migration 20260829080345_marketing_measurement_consent_proof.sql...
Applying migration 20260830091341_case_bound_support_access.sql...
NOTICE (42701): column "request_fingerprint" of relation "support_access_operation_receipts" already exists, skipping
NOTICE (00000): policy "support_access_grants_executor_select" for relation "public.support_access_grants" does not exist, skipping
NOTICE (00000): policy "support_access_grants_executor_insert" for relation "public.support_access_grants" does not exist, skipping
NOTICE (00000): policy "support_access_grants_executor_update" for relation "public.support_access_grants" does not exist, skipping
NOTICE (00000): policy "support_access_receipts_executor" for relation "public.support_access_operation_receipts" does not exist, skipping
NOTICE (00000): policy "support_case_openings_executor" for relation "public.support_case_openings" does not exist, skipping
NOTICE (00000): policy "support_case_read_audit_events" for relation "public.audit_events" does not exist, skipping
NOTICE (00000): policy "support_case_read_filing_submissions" for relation "public.filing_submissions" does not exist, skipping
NOTICE (00000): policy "support_case_read_filing_readiness" for relation "public.filing_readiness_snapshots" does not exist, skipping
NOTICE (00000): policy "support_case_read_billing_accounts" for relation "public.billing_accounts" does not exist, skipping
NOTICE (00000): policy "support_case_read_billing_events" for relation "public.billing_payment_events" does not exist, skipping
NOTICE (00000): policy "support_case_read_authority_permissions" for relation "public.authority_permissions" does not exist, skipping
NOTICE (00000): policy "support_case_read_authority_runs" for relation "public.authority_test_runs" does not exist, skipping
NOTICE (00000): policy "support_case_read_system_user_requests" for relation "public.system_user_requests" does not exist, skipping
NOTICE (00000): policy "support_case_read_pilot_entitlements" for relation "public.production_pilot_entitlements" does not exist, skipping
NOTICE (00000): policy "support_case_read_approval_snapshots" for relation "public.filing_approval_snapshots" does not exist, skipping
NOTICE (00000): policy "support_case_read_production_submissions" for relation "public.production_filing_submissions" does not exist, skipping
NOTICE (00000): policy "support_case_read_production_events" for relation "public.production_filing_events" does not exist, skipping
NOTICE (00000): policy "support_case_read_feedback_artifacts" for relation "public.production_feedback_artifacts" does not exist, skipping
NOTICE (00000): policy "support_case_read_documents" for relation "public.documents" does not exist, skipping
NOTICE (00000): policy "support_case_read_storage_objects" for relation "storage.objects" does not exist, skipping
NOTICE (00000): trigger "company_access_bind_deletion_review_case" for relation "public.company_access_command_receipts" does not exist, skipping
NOTICE (00000): trigger "company_access_copy_review_case" for relation "public.company_deletion_reviews" does not exist, skipping
Applying migration 20260830093000_current_legal_evidence.sql...
Applying migration 20260831124939_investments_capability.sql...
Applying migration 20260831131203_investments_share_purchase_workflow.sql...
NOTICE (00000): policy "investments successor mirrors positions" for relation "public.investment_positions" does not exist, skipping
NOTICE (00000): policy "investments successor mirrors lots" for relation "public.investment_lots" does not exist, skipping
NOTICE (00000): policy "investments successor mirrors actions" for relation "public.holding_actions" does not exist, skipping
NOTICE (00000): policy "investments successor appends audit" for relation "public.audit_events" does not exist, skipping
NOTICE (00000): trigger "investment_positions_sync_to_investments" for relation "public.investment_positions" does not exist, skipping
NOTICE (00000): trigger "investment_lots_sync_to_investments" for relation "public.investment_lots" does not exist, skipping
NOTICE (00000): trigger "share_purchases_sync_to_investments" for relation "public.holding_actions" does not exist, skipping
Applying migration 20260831162145_investments_share_sale_workflow.sql...
NOTICE (00000): policy "investments successor mirrors sale allocations" for relation "public.investment_lot_allocations" does not exist, skipping
NOTICE (00000): trigger "share_sales_sync_to_investments" for relation "public.holding_actions" does not exist, skipping
NOTICE (00000): trigger "share_sale_allocations_sync_to_investments" for relation "public.investment_lot_allocations" does not exist, skipping
Applying migration 20260831180000_investments_allocation_identity.sql...
NOTICE (00000): trigger "align_legacy_share_sale_allocation_id" for relation "public.investment_lot_allocations" does not exist, skipping
Applying migration 20260831182000_investments_received_dividend_workflow.sql...
NOTICE (00000): trigger "received_dividends_sync_to_investments" for relation "public.holding_actions" does not exist, skipping
Applying migration 20260901100000_investments_supported_patterns.sql...
Applying migration 20260901103000_investments_supported_patterns_authority_cleanup.sql...
WARNING (01000): role "postgres" has not been granted membership in role "investments_store_owner" by role "postgres"
WARNING (01000): role "postgres" has not been granted membership in role "investments_executor" by role "postgres"
WARNING (01000): role "postgres" has not been granted membership in role "investments_workflow_executor" by role "postgres"
WARNING (01000): role "postgres" has not been granted membership in role "company_access_executor" by role "postgres"
WARNING (01000): role "postgres" has not been granted membership in role "ledger_store_owner" by role "postgres"
WARNING (01000): role "postgres" has not been granted membership in role "company_archive_projection_executor" by role "postgres"
Applying migration 20260901110000_investments_complete_manual_evidence.sql...
Applying migration 20260901112000_investments_lifecycle_measurement_expand.sql...
Applying migration 20260901113000_investments_lifecycle_workflow.sql...
Applying migration 20260901114000_investments_share_sale_lifecycle.sql...
Applying migration 20260901115000_investments_income_lifecycle.sql...
Applying migration 20260901116000_investments_lifecycle_corrections.sql...
Applying migration 20260901117000_investments_bank_fact_claim.sql...
Applying migration 20260901118000_investments_year_end_measurement_workflow.sql...
Applying migration 20260901203025_investments_measurement_reversals.sql...
Applying migration 20260901204052_investments_boundary_confirmations.sql...
Applying migration 20260901205331_investments_settled_event_corrections.sql...
Applying migration 20260901222630_investments_lifecycle_correction_source_idempotence.sql...
Applying migration 20260901233000_documents_capability.sql...
NOTICE (00000): constraint "documents_content_sha256_check" of relation "documents" does not exist, skipping
NOTICE (00000): constraint "documents_byte_length_check" of relation "documents" does not exist, skipping
NOTICE (00000): constraint "documents_declared_byte_length_check" of relation "documents" does not exist, skipping
NOTICE (00000): policy "company members can read documents" for relation "public.documents" does not exist, skipping
NOTICE (00000): policy "documents_store_reads_visible_documents" for relation "public.documents" does not exist, skipping
NOTICE (00000): policy "documents_store_creates_owner_documents" for relation "public.documents" does not exist, skipping
NOTICE (00000): policy "documents_store_updates_owner_documents" for relation "public.documents" does not exist, skipping
NOTICE (00000): policy "documents_store_appends_document_audit" for relation "public.audit_events" does not exist, skipping
v1.74.2: Pulling from supabase/edge-runtime
b9136609bef0: Pulling fs layer
bfab333b5e81: Pulling fs layer
be4c37910e5f: Pulling fs layer
724041fce750: Pulling fs layer
abecb94bba46: Pulling fs layer
0367cb7f5023: Pulling fs layer
724041fce750: Waiting
abecb94bba46: Waiting
0367cb7f5023: Waiting
be4c37910e5f: Verifying Checksum
be4c37910e5f: Download complete
b9136609bef0: Verifying Checksum
b9136609bef0: Download complete
bfab333b5e81: Verifying Checksum
bfab333b5e81: Download complete
724041fce750: Verifying Checksum
724041fce750: Download complete
0367cb7f5023: Verifying Checksum
0367cb7f5023: Download complete
abecb94bba46: Verifying Checksum
abecb94bba46: Download complete
b9136609bef0: Pull complete
bfab333b5e81: Pull complete
be4c37910e5f: Pull complete
724041fce750: Pull complete
abecb94bba46: Pull complete
0367cb7f5023: Pull complete
Digest: sha256:a82676277615aee03c4f288cbbbf68dedb5ba8693073e567ab8dbfdd11ba5d45
Status: Downloaded newer image for public.ecr.aws/supabase/edge-runtime:v1.74.2
Starting containers...
Waiting for health checks...
Started supabase local development setup.

Local dev security notice
All services bind to 0.0.0.0 (network-accessible, not just localhost)
API keys and JWT secrets are shared defaults. Do not use in production
Studio, pgMeta (/pg/*), and analytics have no authentication

A new version of Supabase CLI is available: v2.116.0 (currently installed v2.109.1)
We recommend updating regularly for new features and bug fixes: https://supabase.com/docs/guides/cli/getting-started#updating-the-supabase-cli
Using workdir /tmp/talli-supabase-local.howZ3F
Stopped services: [supabase_inbucket_tallig27900 supabase_realtime_tallig27900 supabase_imgproxy_tallig27900 supabase_pg_meta_tallig27900 supabase_studio_tallig27900 supabase_edge_runtime_tallig27900 supabase_analytics_tallig27900 supabase_vector_tallig27900 supabase_pooler_tallig27900]
A new version of Supabase CLI is available: v2.116.0 (currently installed v2.109.1)
We recommend updating regularly for new features and bug fixes: https://supabase.com/docs/guides/cli/getting-started#updating-the-supabase-cli
Using workdir /tmp/talli-supabase-local.howZ3F
A new version of Supabase CLI is available: v2.116.0 (currently installed v2.109.1)
We recommend updating regularly for new features and bug fixes: https://supabase.com/docs/guides/cli/getting-started#updating-the-supabase-cli
[database-isolation] exit=0
[database-isolation] durationMs=469258

[whitespace] command=bash scripts/check-clean-worktree.sh
[whitespace] exit=0
[whitespace] durationMs=29

executedAt=2026-09-02T02:02:41.612Z
verdict=pass
