customer-ready-release-gate revision=ae9112d89f2e80646247907193ee54889a349f11
startedAt=2026-08-31T06:23:51.803Z

[schema-setup] command=git clone --depth 1 --branch v1.62.47 https://github.com/Skatteetaten/skattemeldingen.git
Cloning into '/var/folders/xh/8bj3tmcx7gs4j0qxzkcf9rw00000gn/T/talli-customer-ready-gate-squc0h/skattemeldingen'...
warning: refs/tags/v1.62.47 980e1eab4d0de1e6582adc4fde9be029d55c4694 is not a commit!
Note: switching to '7ac8c6a32238dd0d53e7ac01a6949bb3376f2bba'.

You are in 'detached HEAD' state. You can look around, make experimental
changes and commit them, and you can discard any commits you make in this
state without impacting any branches by switching back to a branch.

If you want to create a new branch to retain commits you create, you may
do so (now or later) by using -c with the switch command. Example:

  git switch -c <new-branch-name>

Or undo this operation with:

  git switch -

Turn off this advice by setting config variable advice.detachedHead to false
[schema-setup] exit=0
[schema-setup] durationMs=22761

[credential-scan] command=npm run test:credential-scan

> talli-repository@0.1.0 test:credential-scan
> node --test tests/committed_credentials.test.mjs && node scripts/check-committed-credentials.mjs

✔ the credential scanner scans its own clean repository without matching itself (265.396416ms)
✔ the credential scanner rejects a tracked source credential (225.493542ms)
ℹ tests 2
ℹ suites 0
ℹ pass 2
ℹ fail 0
ℹ cancelled 0
ℹ skipped 0
ℹ todo 0
ℹ duration_ms 582.302459
[credential-scan] exit=0
[credential-scan] durationMs=1049

[typecheck] command=npm run typecheck

> talli-repository@0.1.0 typecheck
> npm --prefix apps/web run typecheck


> talli-web@0.1.0 typecheck
> tsc --noEmit
[typecheck] exit=0
[typecheck] durationMs=1228

[architecture] command=npm run check:architecture

> talli-repository@0.1.0 check:architecture
> node scripts/check-architecture.mjs --write-evidence && git diff --exit-code -- architecture/dependency-evidence.json

{
  "edges": [
    {
      "from": "backend-system:banking-reconciliation",
      "imports": [
        "talli_backend.modules.banking.public"
      ],
      "kind": "workflow",
      "to": "backend:banking"
    },
    {
      "from": "backend-system:company-access-administration",
      "imports": [
        "talli_backend.modules.company_access.public"
      ],
      "kind": "workflow",
      "to": "backend:company_access"
    },
    {
      "from": "backend-system:company-access-context",
      "imports": [
        "talli_backend.modules.company_access.public"
      ],
      "kind": "workflow",
      "to": "backend:company_access"
    },
    {
      "from": "backend-system:company-access-onboarding-and-support",
      "imports": [
        "talli_backend.modules.company_access.public"
      ],
      "kind": "workflow",
      "to": "backend:company_access"
    },
    {
      "from": "backend-system:company-year-eligibility-and-admission",
      "imports": [
        "talli_backend.modules.company_access.public"
      ],
      "kind": "workflow",
      "to": "backend:company_access"
    },
    {
      "from": "backend-system:ledger-posting-and-period-control",
      "imports": [
        "talli_backend.modules.ledger.public"
      ],
      "kind": "workflow",
      "to": "backend:ledger"
    },
    {
      "from": "backend-system:marketing-funnel-measurement",
      "imports": [
        "talli_backend.modules.marketing_measurement.public"
      ],
      "kind": "workflow",
      "to": "backend-system:marketing_measurement"
    },
    {
      "from": "backend-system:new-year-start",
      "imports": [
        "talli_backend.modules.ledger.public"
      ],
      "kind": "workflow",
      "to": "backend:ledger"
    },
    {
      "from": "backend-system:new-year-start",
      "imports": [
        "talli_backend.modules.shareholder_register_filing.public"
      ],
      "kind": "workflow",
      "to": "backend:shareholder_register_filing"
    },
    {
      "from": "backend-system:passive-validation-observation",
      "imports": [
        "talli_backend.modules.validation_observation.public"
      ],
      "kind": "workflow",
      "to": "backend-system:validation_observation"
    },
    {
      "from": "backend-system:system-boundary-tracer",
      "imports": [
        "talli_backend.modules.system_boundary.public"
      ],
      "kind": "workflow",
      "to": "backend-system:system_boundary"
    }
  ],
  "generatedBy": "scripts/check-architecture.mjs",
  "modules": [
    "backend-system:marketing_measurement",
    "backend-system:system_boundary",
    "backend-system:validation_observation",
    "backend:banking",
    "backend:company_access",
    "backend:ledger",
    "backend:shareholder_register_filing",
    "web:banking",
    "web:company-access",
    "web:ledger",
    "web:public-acquisition",
    "web:system-boundary"
  ],
  "schemaVersion": "1.0",
  "technicalOwnership": [
    {
      "owner": "backend-system",
      "table": "backend_system.banking_command_receipts"
    },
    {
      "owner": "backend-system",
      "table": "backend_system.banking_migration_reconciliations"
    },
    {
      "owner": "backend-system",
      "table": "backend_system.banking_migration_runs"
    },
    {
      "owner": "backend-system",
      "table": "backend_system.banking_migration_source_rows"
    },
    {
      "owner": "backend-system",
      "table": "backend_system.ledger_command_receipts"
    },
    {
      "owner": "backend-system",
      "table": "backend_system.ledger_cursor_signing_keys"
    },
    {
      "owner": "backend-system",
      "table": "backend_system.ledger_migration_quarantine"
    },
    {
      "owner": "backend-system",
      "table": "backend_system.ledger_migration_reconciliations"
    },
    {
      "owner": "backend-system",
      "table": "backend_system.ledger_migration_runs"
    },
    {
      "owner": "backend-system",
      "table": "backend_system.ledger_migration_source_rows"
    },
    {
      "owner": "backend-system",
      "table": "backend_system.ledger_workflow_receipts"
    },
    {
      "owner": "backend-system",
      "table": "backend_system.marketing_consent_actions"
    },
    {
      "owner": "backend-system",
      "table": "backend_system.marketing_funnel_events"
    },
    {
      "owner": "backend-system",
      "table": "backend_system.marketing_funnel_withdrawals"
    },
    {
      "owner": "backend-system",
      "table": "backend_system.marketing_measurement_releases"
    },
    {
      "owner": "backend-system",
      "table": "backend_system.validation_observation_control"
    },
    {
      "owner": "backend-system",
      "table": "backend_system.validation_observations"
    },
    {
      "owner": "backend-system",
      "table": "backend_system.validation_pilot_entitlements"
    },
    {
      "owner": "backend-system",
      "table": "backend_system.validation_reviewers"
    },
    {
      "owner": "backend-system",
      "table": "backend_system.validation_runs"
    },
    {
      "owner": "backend-system",
      "table": "public.company_access_command_receipts"
    },
    {
      "owner": "backend-system",
      "table": "public.launch_signoffs"
    },
    {
      "owner": "backend-system",
      "table": "public.notification_outbox"
    }
  ]
}
[architecture] exit=0
[architecture] durationMs=8459

[boundary] command=npm run test:boundary

> talli-repository@0.1.0 test:boundary
> npm run test:boundary-backend && npm run test:boundary-web && npm run test:boundary-contract


> talli-repository@0.1.0 test:boundary-backend
> uv run --project apps/backend pytest -c apps/backend/pyproject.toml apps/backend/tests

============================= test session starts ==============================
platform darwin -- Python 3.12.11, pytest-8.4.1, pluggy-1.6.0
rootdir: /Users/kristianelmer/.codex/worktrees/618f/Holding accounting/apps/backend
configfile: pyproject.toml
plugins: anyio-4.14.2
collected 478 items

apps/backend/tests/test_banking.py ..........                            [  2%]
apps/backend/tests/test_banking_api.py ....                              [  2%]
apps/backend/tests/test_banking_connections_api.py ..                    [  3%]
apps/backend/tests/test_banking_consent.py ....                          [  4%]
apps/backend/tests/test_banking_file_fallback.py .....                   [  5%]
apps/backend/tests/test_banking_file_workflow.py .                       [  5%]
apps/backend/tests/test_banking_provider_adapters.py ....                [  6%]
apps/backend/tests/test_banking_provider_contract.py ...                 [  6%]
apps/backend/tests/test_banking_public_contract.py ..                    [  7%]
apps/backend/tests/test_banking_sync.py ....                             [  8%]
apps/backend/tests/test_banking_workflow.py .                            [  8%]
apps/backend/tests/test_company_access.py .............................. [ 14%]
....                                                                     [ 15%]
apps/backend/tests/test_company_cancellation_lifecycle.py .............. [ 18%]
...........                                                              [ 20%]
apps/backend/tests/test_company_eligibility.py ......................... [ 25%]
................................                                         [ 32%]
apps/backend/tests/test_company_onboarding.py ....................       [ 36%]
apps/backend/tests/test_company_onboarding_migration.py ...              [ 37%]
apps/backend/tests/test_company_support_access.py .....                  [ 38%]
apps/backend/tests/test_ledger.py .........................              [ 43%]
apps/backend/tests/test_ledger_api.py .....................              [ 48%]
apps/backend/tests/test_ledger_company_year_close.py ................... [ 52%]
                                                                         [ 52%]
apps/backend/tests/test_ledger_corrections.py ........                   [ 53%]
apps/backend/tests/test_ledger_full_year_reconstruction.py ............  [ 56%]
apps/backend/tests/test_ledger_public_contract.py ........               [ 57%]
apps/backend/tests/test_ledger_supported_patterns.py ................... [ 61%]
.........................................                                [ 70%]
apps/backend/tests/test_ledger_workflow.py .......                       [ 71%]
apps/backend/tests/test_marketing_measurement_api.py ........            [ 73%]
apps/backend/tests/test_opening_snapshot_compatibility.py ........       [ 75%]
apps/backend/tests/test_shareholder_register_filing_contract.py ...      [ 75%]
apps/backend/tests/test_supabase_banking.py ............                 [ 78%]
apps/backend/tests/test_supabase_ledger.py ............................. [ 84%]
.................................................                        [ 94%]
apps/backend/tests/test_supabase_marketing_measurement.py s              [ 94%]
apps/backend/tests/test_supabase_validation_observation.py s             [ 95%]
apps/backend/tests/test_system_boundary.py ......                        [ 96%]
apps/backend/tests/test_validation_observation.py .................      [100%]

======================= 476 passed, 2 skipped in 20.71s ========================

> talli-repository@0.1.0 test:boundary-web
> node --experimental-strip-types --test apps/web/tests/system-boundary-presentation.test.mjs apps/web/tests/banking-presentation.test.mjs apps/web/tests/banking-connection-presentation.test.mjs apps/web/tests/company-access-presentation.test.mjs apps/web/tests/company-access-administration.test.mjs apps/web/tests/company-access-cancellation.test.mjs apps/web/tests/company-access-onboarding.test.mjs apps/web/tests/company-access-stage-exit.test.mjs apps/web/tests/company-access-action-recovery.test.mjs apps/web/tests/company-eligibility.test.mjs apps/web/tests/company-year-eligibility-gate.test.mjs apps/web/tests/invitation-side-effects.test.mjs apps/web/tests/internal-redirect.test.mjs apps/web/tests/ledger-audit-side-effects.test.mjs apps/web/tests/ledger-presentation.test.mjs apps/web/tests/ledger-writer-transport.test.mjs apps/web/tests/marketing-measurement.test.mjs apps/web/tests/owner-mfa-transition.test.mjs apps/web/tests/public-acquisition.test.mjs tests/customer_agreement_actions.test.mjs tests/customer_agreement_reacceptance_ui.test.mjs

✔ connection presentation exposes only masked account, coverage and freshness (1.010917ms)
✔ recovery states give one calm next action and make missing coverage visible (0.129083ms)
✔ banking transport follows opaque pages through the generated client (112.633416ms)
✔ bank file transport persists a backend preview before explicit acceptance (1.409417ms)
✔ banking presentation preserves the frozen consumer shape without recreating policy (7.137667ms)
✔ banking error presentation preserves retry identity only for unknown outcomes (0.180208ms)
✔ create_invitation:outbox remains reachable and recovery finishes without another command (1.531917ms)
✔ create_invitation:audit remains reachable and recovery finishes without another command (0.166334ms)
✔ accept_invitation:audit remains reachable and recovery finishes without another command (6.841125ms)
✔ revoke_invitation:audit remains reachable and recovery finishes without another command (0.209584ms)
✔ resend_invitation:outbox remains reachable and recovery finishes without another command (0.157625ms)
✔ resend_invitation:audit remains reachable and recovery finishes without another command (0.115ms)
✔ recovery actor comes from the server context and cannot claim another actor's continuation (0.160125ms)
✔ delivery persistence is owned by atomic completion, never by a browser outbox insert (0.113791ms)
✔ company-access administration transport uses only generated client operations (81.883625ms)
✔ generated decoders fail closed on every unknown or token-shaped invitation field (5.129459ms)
✔ cancellation lifecycle transport uses generated operations with bearer and deadline (89.057792ms)
✔ generated cancellation decoders reject malformed optional fields, UUIDs, and timestamps (2.084834ms)
✔ generated review decoder enforces evidence-reference length bounds (0.348791ms)
✔ truncated successful command JSON becomes a typed 502 and preserves the operation (0.378584ms)
✔ every concurrent archive source failure trips the completion barrier (0.198167ms)
✔ actions preserve exact cancellation inputs for network and decoder failures (0.080916ms)
✔ web cancellation lifecycle has no direct Supabase persistence or caller-owned proof (5.934833ms)
✔ an unknown organization keeps the specific Enhetsregisteret guidance (0.86ms)
✔ agreement reacceptance uses an authenticated generated-client request (34.673125ms)
✔ actions and agreement gates have no direct business-persistence facade (21.873292ms)
✔ company-access and system-boundary transports share typed fail-closed backend configuration (1.800625ms)
✔ both transports reject remote HTTP in every Node environment (0.325167ms)
✔ company-access and system-boundary accept the same HTTPS and loopback origins (78.018875ms)
✔ company-access transport sends the established session only through the generated client (0.60875ms)
✔ the company-access app boundary owns its presentation model instead of a Supabase row DTO (16.547ms)
✔ owner context preserves the admitted company-year and current safety gate (5.71ms)
✔ company record presentation maps the generated camel-case contract to existing web registry facts (0.128333ms)
✔ company-access transport fails closed on a partial context response (1.20575ms)
✔ generated company-context decoder rejects lower assurance, lower scope, and non-owner roles (1.270667ms)
✔ company records and case-bound operator access use authenticated generated-client operations (10.048208ms)
✔ a verified user without an owner company reaches onboarding but other context failures stay closed (1.659875ms)
✔ system-user callback resolves company authorization through its injected company-access query (2.831083ms)
✔ every Stage 1 web consumer authorizes through company-access contracts (68.948292ms)
✔ stale admission evidence gets a truthful restart route (1.045417ms)
✔ precheck and definitive eligibility use public generated-client calls (55.308334ms)
✔ company-year admission is authenticated and carries the exact immutable boundary (0.651334ms)
✔ company-year recheck is authenticated, trigger-bound, and fail-closed decoded (0.468709ms)
✔ the functional public journey owns no policy, direct fetch, or business persistence (12.105709ms)
✔ the recheck helper carries future serialized triggers through the API (1.749625ms)
✔ a blocked recheck stops the consequential operation and preserves its next step (0.294167ms)
✔ missing admission and provider failure both fail closed (0.174125ms)
✔ invitation login continuation accepts only same-origin absolute paths (0.874625ms)
✔ side-effect identity is deterministic, actor-scoped, and purpose-scoped (1.447917ms)
✔ two actors can reuse one operation id without losing audit evidence (1.2115ms)
✔ same-actor retry reconciles exact rows and recovers an audit failure (2.876042ms)
✔ foreign rows are not an oracle because actor-derived ids never trigger their lookup (0.203542ms)
✔ ledger audit identity is deterministic and actor scoped (1.353958ms)
✔ ledger audit replay reconciles the exact immutable row (0.19425ms)
✔ ledger audit failure cannot be reported as success (0.298125ms)
✔ an in-progress idempotent command preserves its operation id for retry (1.0045ms)
✔ ledger errors keep the frozen plain-Norwegian guidance (0.146584ms)
✔ opening-snapshot transport chunks companies and follows opaque pages (68.808083ms)
✔ opening-snapshot compatibility projection preserves the frozen shape (1.0215ms)
✔ opening-snapshot decoders reject malformed collections and invariants (1.509583ms)
✔ ledger query transport follows opaque pages through the generated client (0.773708ms)
✔ reconstruction readiness comes from the generated backend contract (0.543208ms)
✔ current company-year close comes from the generated read-only backend contract (0.4005ms)
✔ company-year close presentation distinguishes stale and blocked assessments (0.132667ms)
✔ generated reconstruction decoder rejects unknown gap codes (0.272959ms)
✔ generated reconstruction decoder preserves historical null and rejects partial bindings (0.400334ms)
✔ generated company-year close decoder rejects unknown gap codes (0.202167ms)
✔ generated ledger query rejects a partial expanded source pair (0.302416ms)
✔ source-aware ledger query fails closed against a source-unaware backend (0.224666ms)
✔ source-aware ledger queries opt into the expanded response (0.163375ms)
✔ ledger mutation transport injects decimal money and idempotency headers (0.273834ms)
✔ administrative-cost transport requires exact purpose-bound success evidence (0.498708ms)
✔ new-year start uses the generated atomic workflow without exposing ledger lines (0.204292ms)
✔ new-year start rejects malformed or non-opening success evidence (0.216833ms)
✔ opening setup action has no direct business persistence or duplicate posting policy (0.730875ms)
✔ manual journals and period locks reconcile their frozen audit continuation (0.466166ms)
✔ ledger presentation maps generated facts without recreating posting policy (0.290333ms)
✔ opening entries recover their setup identity from canonical ledger source facts (0.230041ms)
✔ archive presentation preserves the complete frozen ledger row projection (0.127416ms)
✔ ledger period-lock transport returns an empty result without a backend call (0.16975ms)
✔ every approved ledger-coordinator form submits one operation ID (1.541917ms)
✔ client action wizards keep one stable operation ID for their mounted form (0.148291ms)
✔ ledger retry IDs are plumbed only to the matching page form (0.402625ms)
✔ all relocated ledger writers use the stable operation ID at the generated boundary (0.982125ms)
✔ committed retries reach the coordinator before mutable legacy state can reject them (0.412625ms)
✔ unknown ledger outcomes preserve only the scoped retry operation (0.519ms)
✔ generated ledger writer binds the response to command purpose and replay state (84.308458ms)
✔ annual-close finalization accepts only an intentionally empty ledger result (0.576875ms)
✔ consented anonymous funnel events accept only the bounded public vocabulary (1.970709ms)
✔ the first-party endpoint records one consented event without caching it (49.001542ms)
✔ the generated backend client receives only an irreversible session hash (1.264417ms)
✔ consent withdrawal deletes the bounded anonymous session through the same origin (0.503458ms)
✔ the beacon-compatible POST endpoint accepts only the bounded withdrawal command (0.427875ms)
✔ the first-party endpoint rejects an oversized chunked body while streaming (0.979583ms)
✔ the browser creates no optional storage before explicit consent and expires it after thirty minutes (0.270167ms)
✔ funnel producers emit only a bounded event from an active consent session (0.149166ms)
✔ the operator view consumes aggregate report fields without exposing raw identifiers (3.787333ms)
✔ consent presentation uses accurate session wording and equal choices (1.017917ms)
✔ owner AAL2 is distinguished from other context failures without weakening the gate (2.545917ms)
✔ owner MFA inspection chooses enrollment, challenge, or verified state and fails closed (0.268042ms)
✔ enrollment and verification expose no provider errors and only resume after confirmed AAL2 (0.367291ms)
✔ owner transition is reachable after company-year admission and exposes an accessible, Norwegian MFA gate (21.907791ms)
✔ the public offer stays in free recruitment mode with one eligibility action (1.731291ms)
✔ the three-step eligibility explanation keeps its visual order for assistive technology (0.312541ms)
✔ the static homepage renders every required offer field in the approved order (0.618834ms)
✔ the recruitment homepage presents the approved annual offer exactly (0.252709ms)
✔ the public offer carries the approved proof links, minimum FAQ, and final eligibility invitation (0.141ms)
✔ the complete public company-year promise is pinned to the canonical manifest (0.103041ms)
✔ live claims and checkout deny by default and every ad stop rule is binding (0.252166ms)
✔ the indexable public route set carries canonical metadata and no live overclaim (0.988833ms)
✔ presents the generated tracer response as a safe Norwegian success (1.669667ms)
✔ presents transport failures without leaking exception details (0.099167ms)
✔ generated client accepts the declared success shape (33.132334ms)
✔ generated client maps the typed correlation option to the declared header (0.519208ms)
✔ generated client fails closed on an undeclared success shape (0.712833ms)
✔ generated client rejects an availability value outside the closed contract (0.317667ms)
✔ missing backend configuration fails closed with a typed error (0.197208ms)
✔ web liveness stays process-only while readiness fails invalid configuration (0.643583ms)
✔ web readiness validates local configuration without depending on backend reachability (0.440084ms)
✔ company-year admission validates explicit authority and every immutable document before the generated command (6.144416ms)
✔ the customer sees and explicitly accepts the complete pinned promise (2.587125ms)
✔ legacy AS-only creation controls are absent (4.498584ms)
✔ owner layout replaces children with an accessible reacceptance gate (1.321708ms)
✔ Server Action reaccepts through the authenticated generated-client boundary (0.421875ms)
ℹ tests 124
ℹ suites 0
ℹ pass 124
ℹ fail 0
ℹ cancelled 0
ℹ skipped 0
ℹ todo 0
ℹ duration_ms 678.609125

> talli-repository@0.1.0 test:boundary-contract
> node --test tests/contract/web_fastapi_boundary.test.mjs tests/company_access_review_fixes.test.mjs tests/company_access_review_round_2.test.mjs tests/company_access_onboarding_cutover.test.mjs

✔ eligibility, admission, and agreement operations are generated-client boundaries (6.612875ms)
✔ the web onboarding slice has no legacy business-policy or persistence path (1.147583ms)
✔ the complete Stage 1 web boundary is Supabase-auth-only (14.351708ms)
✔ company access owns agreement evidence and the #138 facade has exited (0.5515ms)
✔ the onboarding overlap and destructive contract are separate release artifacts (0.740083ms)
✔ capability owns immutable business request contracts (5.371ms)
✔ every invitation decoder rejects unknown and token-shaped response fields (0.917083ms)
✔ all company-access success responses declare X-Request-ID (4.165792ms)
✔ login preserves a sanitized invitation continuation for password and OAuth (1.670667ms)
✔ invitation side effects reconcile in the trusted actor and command namespace (1.054375ms)
✔ shipped server actions expose receipt-owned recovery without browser command inputs (1.0835ms)
✔ membership role selector has a target-specific accessible name (0.456375ms)
✔ capability manifest attributes the latest company-access ownership migration (0.463833ms)
✔ authorization and hashing use versioned least-privilege helper boundaries (4.3585ms)
✔ destructive contract is a later release artifact outside the automatic runner (1.149459ms)
✔ cutover removes every authenticated self-membership update surface (1.056959ms)
✔ command receipts are backend-system technical idempotency state (2.155708ms)
✔ owner receipt visibility is atomic while acceptance keeps actor replay semantics (0.923667ms)
✔ evidence distinguishes forced receipt RLS from genuine non-owner RLS (1.412292ms)
✔ OpenAPI validates command UUIDs and RFC3339 revisions (3.420791ms)
✔ the committed contract exposes one stable capability-prefixed tracer operation (5.197875ms)
✔ the committed contract exposes the authenticated company-context operation (3.578459ms)
✔ the committed contract exposes company-access invitation and membership administration (3.331375ms)
✔ the committed contract exposes only ledger-owned browser commands (3.022375ms)
✔ opening snapshots use the ledger compatibility authenticated read contract (2.716042ms)
✔ the committed contract exposes the account-free banking workflow (3.527959ms)
✔ the tracer contract declares optional request and response correlation headers (2.536625ms)
✔ OpenAPI and generated TypeScript artifacts are byte-clean (746.404125ms)
✔ the OpenAPI document validates and operation IDs are globally unique (12.253792ms)
✔ the current response contract remains compatible with the explicit v1 baseline (29.345208ms)
✔ compatibility rejects newly required parameters and request bodies (12.61725ms)
✔ compatibility rejects narrower authentication requirements (4.078584ms)
✔ compatibility rejects removed or changed response headers (7.381333ms)
✔ the generated package version matches the OpenAPI contract version (9.148458ms)
✔ the generated client is committed and carries its provenance marker (0.824834ms)
✔ the web tracer uses the generated package through a thin transport wrapper (0.178834ms)
ℹ tests 36
ℹ suites 0
ℹ pass 36
ℹ fail 0
ℹ cancelled 0
ℹ skipped 0
ℹ todo 0
ℹ duration_ms 947.442208
[boundary] exit=0
[boundary] durationMs=23582

[build-web] command=TALLI_BACKEND_URL=http://127.0.0.1:8000 TALLI_MARKETING_MEASUREMENT_INTERNAL_KEY=<local-only> npm run build:web && npm run test:browser-public-acquisition:built

> talli-repository@0.1.0 build:web
> npm --prefix apps/web run build


> talli-web@0.1.0 build
> cd ../.. && node apps/web/scripts/run-next.mjs build

▲ Next.js 16.2.12 (Turbopack)

  Creating an optimized production build ...
✓ Compiled successfully in 2.5s
  Running TypeScript ...
  Finished TypeScript in 5.1s ...
  Collecting page data using 9 workers ...
  Generating static pages using 9 workers (0/34) ...
  Generating static pages using 9 workers (8/34)
  Generating static pages using 9 workers (16/34)
  Generating static pages using 9 workers (25/34)
✓ Generating static pages using 9 workers (34/34) in 172ms
  Finalizing page optimization ...

Route (app)
┌ ○ /
├ ○ /_not-found
├ ƒ /actions
├ ƒ /actions/[type]
├ ƒ /api/marketing-events
├ ○ /apple-icon.png
├ ƒ /archive/[companyId]/[incomeYear]/download
├ ƒ /auth/confirm
├ ƒ /auth/systembruker/confirm
├ ƒ /bank/callback
├ ƒ /billing
├ ƒ /companies/[companyId]/annual-reporting/[incomeYear]
├ ƒ /companies/[companyId]/annual-reporting/[incomeYear]/[obligation]
├ ƒ /companies/[companyId]/annual-reporting/[incomeYear]/review
├ ƒ /connections
├ ƒ /corporate-decisions/[decisionId]
├ ƒ /dashboard
├ ○ /databehandleravtale
├ ƒ /documents
├ ƒ /documents/[documentId]/download
├ ƒ /documents/[documentId]/preview
├ ○ /email-confirmed
├ ƒ /filing
├ ƒ /filing/[obligation]
├ ƒ /health/live
├ ƒ /health/ready
├ ○ /hjelp
├ ○ /icon.svg
├ ƒ /invite/accept
├ ƒ /login
├ ƒ /mfa
├ ƒ /onboarding
├ ƒ /operator
├ ƒ /operator/marketing
├ ○ /passer-talli
├ ○ /personvern
├ ○ /pris
├ ○ /robots.txt
├ ƒ /selskapsgrense
├ ƒ /signup
├ ○ /sikkerhet
├ ○ /sitemap.xml
├ ○ /sjekk-selskapet
├ ○ /status
├ ƒ /system-boundary
├ ƒ /transactions
├ ○ /ui
├ ƒ /verify-email
├ ○ /vilkar
├ ƒ /workspace
└ ƒ /year-end


○  (Static)   prerendered as static content
ƒ  (Dynamic)  server-rendered on demand


> talli-repository@0.1.0 test:browser-public-acquisition:built
> node --test tests/browser_public_acquisition.mjs

✔ the production public journey is consent-silent, accessible, mobile-safe, and privacy bounded (4540.553459ms)
ℹ tests 1
ℹ suites 0
ℹ pass 1
ℹ fail 0
ℹ cancelled 0
ℹ skipped 0
ℹ todo 0
ℹ duration_ms 4845.198875
[build-web] exit=0
[build-web] durationMs=14969

[build-backend] command=npm run build:backend

> talli-repository@0.1.0 build:backend
> uv build --project apps/backend
Building source distribution...
Building wheel from source distribution...
Successfully built apps/backend/dist/talli_backend-0.1.0.tar.gz
Successfully built apps/backend/dist/talli_backend-0.1.0-py3-none-any.whl
[build-backend] exit=0
[build-backend] durationMs=874

[boundary-smoke] command=npm run test:boundary-smoke

> talli-repository@0.1.0 test:boundary-smoke
> node --test tests/production_boundary_smoke.mjs

✔ built artifacts support both deployment orders and isolate backend failure (1453.755041ms)
ℹ tests 1
ℹ suites 0
ℹ pass 1
ℹ fail 0
ℹ cancelled 0
ℹ skipped 0
ℹ todo 0
ℹ duration_ms 6562.129083
[boundary-smoke] exit=0
[boundary-smoke] durationMs=6784

[launch-rehearsal] command=TALLI_PYTHON_BIN=.venv/bin/python TALLI_SKATTE_XSD_DIR=<pinned-v1.62.47> npm run test:launch-rehearsal

> talli-repository@0.1.0 test:launch-rehearsal
> npm run test:opening && npm run test:documents && npm run test:bank && npm run test:bank-suggestions && npm run test:deployed-contract && npm run test:supabase-grants && npm run test:provider-ports && npm run test:manual-journal && npm run test:share-purchase && npm run test:share-sale && npm run test:share-lots && npm run test:investment-lots-schema && npm run test:dividend-received && npm run test:owner-dividend && npm run test:owner-dividend-payment && npm run test:shareholder-loan && npm run test:annual-data && npm run test:annual-readiness && npm run test:annual-corporate-documents && npm run test:authority-evidence && npm run test:authority-adapters && npm run test:authority-operations && npm run test:maskinporten && npm run test:system-user-requests && npm run test:rf1086:authority-client && npm run test:rf1086:production-pilot && npm run test:python-runtime && npm run test:corporate-documents && npm run test:corporate-decision-workflow && npm run test:rf1086:persisted && npm run test:rf1086:submission && npm run test:annual-accounts && npm run test:annual-accounts-xml && npm run test:annual-accounts-authority && npm run test:annual-accounts-authority-script && npm run test:company-tax-return && npm run test:company-tax-return-xml && npm run test:company-tax-return-authority && npm run test:company-tax-return-authority-script && npm run test:review && npm run test:billing && npm run test:cancellation && npm run test:operator-support && npm run test:operator-mfa && npm run test:deadlines && npm run test:archive && npm run test:backup-restore && npm run test:security && npm run test:trusted-aal2-schema && npm run test:filing-release-gate && npm run test:production-filing-guide && npm run test:launch-copy && npm run test:launch-signoff && npm run test:validation-observation-launch-off && npm run test:legal-policy && npm run test:ci-gate


> talli-repository@0.1.0 test:opening
> node --experimental-strip-types --test tests/opening_balance.test.mjs

✔ new-year start replaces the duplicate browser opening policy (1.018958ms)
✔ public contract accepts only new-year business facts (0.140667ms)
ℹ tests 2
ℹ suites 0
ℹ pass 2
ℹ fail 0
ℹ cancelled 0
ℹ skipped 0
ℹ todo 0
ℹ duration_ms 98.898584

> talli-repository@0.1.0 test:documents
> node --experimental-strip-types --test tests/documents.test.mjs tests/document_removal_schema.test.mjs tests/workspace_presentation.test.mjs

✔ accidental document removal is owner-only, audited, and blocked for linked evidence (4.711458ms)
✔ a failed object-store removal can restore only the same recent owner request (0.661542ms)
✔ removed documents disappear from active lists and cannot receive signed download URLs (0.814916ms)
✔ document storage key scopes object by company, year, and document id (0.871541ms)
✔ document storage key strips unsafe filename characters (0.098833ms)
✔ document upload accepts a bounded PDF based on signature, not only browser MIME (0.951458ms)
✔ document upload rejects non-PDF content and oversized files (0.237ms)
✔ customer forms do not seed synthetic accounting facts (3.505583ms)
✔ dashboard enters the dedicated annual workspace (0.687417ms)
ℹ tests 9
ℹ suites 0
ℹ pass 9
ℹ fail 0
ℹ cancelled 0
ℹ skipped 0
ℹ todo 0
ℹ duration_ms 132.623333

> talli-repository@0.1.0 test:bank
> uv run --project apps/backend pytest -c apps/backend/pyproject.toml apps/backend/tests/test_banking.py apps/backend/tests/test_banking_api.py -q

..............                                                           [100%]
14 passed in 0.66s

> talli-repository@0.1.0 test:bank-suggestions
> node --experimental-strip-types --test tests/bank_suggestion_schema.test.mjs tests/bank_suggestion_integration.test.mjs

✔ banking coordinator revalidates the suggestion inside the atomic writer (3.40575ms)
✔ transaction queue requires an explicit owner submit for every suggestion (0.622167ms)
✔ bank suggestion approvals are immutable and posted atomically (3.5775ms)
✔ database independently validates rule, version, direction, ambiguity, and period lock (0.734792ms)
ℹ tests 4
ℹ suites 0
ℹ pass 4
ℹ fail 0
ℹ cancelled 0
ℹ skipped 0
ℹ todo 0
ℹ duration_ms 95.090958

> talli-repository@0.1.0 test:deployed-contract
> node --test tests/deployed_schema_contract.test.mjs

✔ deployed schema contract covers every post-baseline product capability (1.484708ms)
✔ reports only missing OpenAPI paths in stable order (0.115583ms)
✔ fails closed when the response is not a PostgREST OpenAPI document (0.222166ms)
ℹ tests 3
ℹ suites 0
ℹ pass 3
ℹ fail 0
ℹ cancelled 0
ℹ skipped 0
ℹ todo 0
ℹ duration_ms 97.982667

> talli-repository@0.1.0 test:supabase-grants
> node --test tests/supabase_explicit_grants.test.mjs

✔ Supabase Data API grants fail closed for anon and explicitly enable service_role (3.875625ms)
✔ anonymous sessions cannot invoke authenticated mutation RPCs (0.841292ms)
✔ Systembruker request objects have explicit least-privilege grants (1.256291ms)
ℹ tests 3
ℹ suites 0
ℹ pass 3
ℹ fail 0
ℹ cancelled 0
ℹ skipped 0
ℹ todo 0
ℹ duration_ms 98.323167

> talli-repository@0.1.0 test:provider-ports
> node --experimental-strip-types --test tests/provider_ports.test.mjs

✔ bank provider port fails closed until a provider is approved (1.141417ms)
✔ bank webhook receipts are replay-safe without persisting raw provider identifiers (0.504917ms)
✔ bank diagnostics redact bearer and credential material (0.219375ms)
✔ document extraction port validates tenant scope and remains disabled (0.27175ms)
✔ extraction output is always review-required and restricted to supported fields (1.225459ms)
ℹ tests 5
ℹ suites 0
ℹ pass 5
ℹ fail 0
ℹ cancelled 0
ℹ skipped 0
ℹ todo 0
ℹ duration_ms 145.614

> talli-repository@0.1.0 test:manual-journal
> uv run --project apps/backend pytest apps/backend/tests/test_ledger.py apps/backend/tests/test_ledger_api.py -k manual -q && node --test apps/web/tests/ledger-presentation.test.mjs

....                                                                     [100%]
4 passed, 42 deselected in 0.53s
✔ an in-progress idempotent command preserves its operation id for retry (0.903958ms)
✔ ledger errors keep the frozen plain-Norwegian guidance (0.139875ms)
✔ opening-snapshot transport chunks companies and follows opaque pages (33.2105ms)
✔ opening-snapshot compatibility projection preserves the frozen shape (1.000667ms)
✔ opening-snapshot decoders reject malformed collections and invariants (2.851875ms)
✔ ledger query transport follows opaque pages through the generated client (0.867375ms)
✔ reconstruction readiness comes from the generated backend contract (0.535292ms)
✔ current company-year close comes from the generated read-only backend contract (0.373917ms)
✔ company-year close presentation distinguishes stale and blocked assessments (0.117166ms)
✔ generated reconstruction decoder rejects unknown gap codes (0.240875ms)
✔ generated reconstruction decoder preserves historical null and rejects partial bindings (0.379958ms)
✔ generated company-year close decoder rejects unknown gap codes (0.1655ms)
✔ generated ledger query rejects a partial expanded source pair (0.273167ms)
✔ source-aware ledger query fails closed against a source-unaware backend (0.247292ms)
✔ source-aware ledger queries opt into the expanded response (0.2225ms)
✔ ledger mutation transport injects decimal money and idempotency headers (0.303583ms)
✔ administrative-cost transport requires exact purpose-bound success evidence (0.553958ms)
✔ new-year start uses the generated atomic workflow without exposing ledger lines (0.243917ms)
✔ new-year start rejects malformed or non-opening success evidence (0.222958ms)
✔ opening setup action has no direct business persistence or duplicate posting policy (0.778542ms)
✔ manual journals and period locks reconcile their frozen audit continuation (0.522042ms)
✔ ledger presentation maps generated facts without recreating posting policy (0.321375ms)
✔ opening entries recover their setup identity from canonical ledger source facts (0.225791ms)
✔ archive presentation preserves the complete frozen ledger row projection (0.137958ms)
✔ ledger period-lock transport returns an empty result without a backend call (0.061125ms)
✔ every approved ledger-coordinator form submits one operation ID (0.96525ms)
✔ client action wizards keep one stable operation ID for their mounted form (0.074417ms)
✔ ledger retry IDs are plumbed only to the matching page form (0.320583ms)
✔ all relocated ledger writers use the stable operation ID at the generated boundary (0.6965ms)
✔ committed retries reach the coordinator before mutable legacy state can reject them (0.344667ms)
✔ unknown ledger outcomes preserve only the scoped retry operation (0.506875ms)
ℹ tests 31
ℹ suites 0
ℹ pass 31
ℹ fail 0
ℹ cancelled 0
ℹ skipped 0
ℹ todo 0
ℹ duration_ms 206.179375

> talli-repository@0.1.0 test:share-purchase
> node --experimental-strip-types --test tests/share_purchase.test.mjs

✔ builds deterministic share purchase payload and ledger lines (1.636917ms)
✔ blocks unsupported share purchase treatment with machine-readable reasons (0.249667ms)
✔ requires a whole share count for FIFO lots (0.114166ms)
ℹ tests 3
ℹ suites 0
ℹ pass 3
ℹ fail 0
ℹ cancelled 0
ℹ skipped 0
ℹ todo 0
ℹ duration_ms 135.132541

> talli-repository@0.1.0 test:share-sale
> node --experimental-strip-types --test tests/share_sale.test.mjs

✔ builds partial share sale payload and gain ledger lines (2.888834ms)
✔ supports full sale and blocks oversale (0.30525ms)
✔ uses FIFO lots rather than proportional position cost (8.016584ms)
✔ blocks a legacy position that has no reconstructable lots (0.194959ms)
ℹ tests 4
ℹ suites 0
ℹ pass 4
ℹ fail 0
ℹ cancelled 0
ℹ skipped 0
ℹ todo 0
ℹ duration_ms 138.506208

> talli-repository@0.1.0 test:share-lots
> node --experimental-strip-types --test tests/share_lots.test.mjs

✔ allocates oldest acquisition lots first regardless of input order (10.878542ms)
✔ uses stable lot id order and preserves cent-exact residual cost (0.219542ms)
✔ rejects missing history, oversales, invalid lots, and future acquisitions (0.375416ms)
ℹ tests 3
ℹ suites 0
ℹ pass 3
ℹ fail 0
ℹ cancelled 0
ℹ skipped 0
ℹ todo 0
ℹ duration_ms 145.721916

> talli-repository@0.1.0 test:investment-lots-schema
> node --test tests/investment_lots_schema.test.mjs

✔ FIFO migration owns lot history and atomic investment writes (3.29025ms)
✔ legacy positions fail closed until lot history is reconstructed (0.922333ms)
ℹ tests 2
ℹ suites 0
ℹ pass 2
ℹ fail 0
ℹ cancelled 0
ℹ skipped 0
ℹ todo 0
ℹ duration_ms 96.478083

> talli-repository@0.1.0 test:dividend-received
> node --experimental-strip-types --test tests/dividend_received.test.mjs

✔ builds deterministic dividend received payload and ledger lines (1.678625ms)
✔ blocks unsupported dividend tax treatment with machine-readable reason (0.246083ms)
✔ summarizes annual dividend income and fritaksmetoden add-back (0.105083ms)
ℹ tests 3
ℹ suites 0
ℹ pass 3
ℹ fail 0
ℹ cancelled 0
ℹ skipped 0
ℹ todo 0
ℹ duration_ms 133.898542

> talli-repository@0.1.0 test:owner-dividend
> node --experimental-strip-types --test tests/owner_dividend.test.mjs

✔ legacy owner-dividend accounting and placeholder helpers are gone (1.01ms)
✔ dividend basis is recomputed from approved persisted annual facts in integer ore (1.408834ms)
✔ dividend basis fails closed on unapproved or blocked annual facts (0.284667ms)
✔ server exposes only the draft action and never posts accounting directly (0.430667ms)
✔ wizard reviews all owners and meeting facts with proportional allocation only (0.465958ms)
✔ workspace no longer embeds the legacy posting form or placeholder copy (0.19575ms)
ℹ tests 6
ℹ suites 0
ℹ pass 6
ℹ fail 0
ℹ cancelled 0
ℹ skipped 0
ℹ todo 0
ℹ duration_ms 146.744542

> talli-repository@0.1.0 test:owner-dividend-payment
> node --experimental-strip-types --test tests/owner_dividend_payment.test.mjs

✔ open payable is derived only from a finalized declaration and immutable payment events (1.169584ms)
✔ payment validation accepts one eligible outgoing NOK transaction within the open payable (0.913334ms)
✔ server delegates policy-bound accounting atomically to the ledger coordinator (0.347334ms)
✔ workspace presents only eligible transactions for each finalized open payable (0.160583ms)
ℹ tests 4
ℹ suites 0
ℹ pass 4
ℹ fail 0
ℹ cancelled 0
ℹ skipped 0
ℹ todo 0
ℹ duration_ms 137.538792

> talli-repository@0.1.0 test:shareholder-loan
> node --experimental-strip-types --test tests/shareholder_loan.test.mjs

✔ builds supported shareholder-to-company loan ledger lines (1.91025ms)
✔ builds supported company-to-corporate-shareholder loan ledger lines (0.129375ms)
✔ blocks company-to-personal-shareholder loans with machine-readable reason (0.235833ms)
ℹ tests 3
ℹ suites 0
ℹ pass 3
ℹ fail 0
ℹ cancelled 0
ℹ skipped 0
ℹ todo 0
ℹ duration_ms 134.890125

> talli-repository@0.1.0 test:annual-data
> node --experimental-strip-types --test tests/annual_data.test.mjs

✔ builds structured year-end answers without free text (1.501958ms)
✔ does not mark activity years as no-activity (0.089333ms)
✔ seeds recorded activity into an unsaved year-end interview (0.085833ms)
✔ recorded activity cannot be hidden by a stale saved false answer (0.072167ms)
✔ keeps user confirmations independent from registered activity (0.069791ms)
ℹ tests 5
ℹ suites 0
ℹ pass 5
ℹ fail 0
ℹ cancelled 0
ℹ skipped 0
ℹ todo 0
ℹ duration_ms 130.734792

> talli-repository@0.1.0 test:annual-readiness
> node --experimental-strip-types --test tests/annual_readiness_gates.test.mjs

✔ evaluates ready state separately for all annual obligations (3.936083ms)
✔ returns hard blocks for missing permission and billing (0.260584ms)
✔ uses no-activity annual data to avoid unrelated tax-settlement clutter (0.159ms)
✔ keeps accepted warnings separate from open warnings (0.261417ms)
✔ reports open warnings and obligation-specific blocks (0.16225ms)
ℹ tests 5
ℹ suites 0
ℹ pass 5
ℹ fail 0
ℹ cancelled 0
ℹ skipped 0
ℹ todo 0
ℹ duration_ms 153.311

> talli-repository@0.1.0 test:annual-corporate-documents
> node --experimental-strip-types --test tests/annual_corporate_documents.test.mjs

✔ annual basis binds exact annual-data and annual-account payload hashes (10.628708ms)
✔ annual decision renders exactly the two annual PDF artifacts (302.565292ms)
✔ annual readiness becomes stale when the persisted source facts change (0.495958ms)
✔ annual server action persists only a two-artifact immutable draft (0.416792ms)
✔ year-end and filing UI expose the annual corporate lifecycle honestly (0.626ms)
ℹ tests 5
ℹ suites 0
ℹ pass 5
ℹ fail 0
ℹ cancelled 0
ℹ skipped 0
ℹ todo 0
ℹ duration_ms 460.070125

> talli-repository@0.1.0 test:authority-evidence
> node --experimental-strip-types --test tests/authority_test_evidence.test.mjs tests/annual_accounts_authority_evidence_import.test.mjs tests/company_tax_return_authority_evidence_import.test.mjs tests/rf1086_tt02_evidence.test.mjs tests/company_tax_return_tt02_evidence.test.mjs tests/annual_accounts_tt02_evidence.test.mjs

✔ runtime imports validated RR0002 evidence as pending without enabling production (1.095959ms)
✔ workspace offers a JSON evidence import and defaults manual evidence to pending (0.196875ms)
✔ annual-accounts TT02 evidence is submitted, archived, test-only, and secret-free (4.650583ms)
✔ builds accepted authority test evidence with receipt and archive refs (0.833958ms)
✔ imports submitted annual-accounts TT02 evidence as pending runtime evidence (0.998291ms)
✔ imports completed company-tax TT02 evidence as company- and year-bound pending evidence (1.039458ms)
✔ company-tax TT02 import fails closed on identity, authority, handoff, receipt, or archive mismatches (0.682458ms)
✔ annual-accounts TT02 import fails closed on company, production, and submission mismatches (0.211833ms)
✔ requires test reference and recorder (1.010291ms)
✔ gate requires accepted evidence with receipt and archive refs (0.11975ms)
✔ gate surfaces latest rejected, blocked, and pending evidence (8.307292ms)
✔ migration links test-authority submissions without opening the direct-write policy (2.098208ms)
✔ migration exposes one authenticated owner-AAL2-protected atomic import RPC (1.075084ms)
✔ RPC evidence URLs use one canonical HTTPS grammar and reject traversal (0.26225ms)
✔ RPC retries compare evidence content without replacing the original actors (0.151ms)
✔ runtime imports completed company-tax TT02 evidence through exactly one atomic RPC (0.4595ms)
✔ workspace offers a company-tax JSON evidence import bound to the active year (0.178292ms)
✔ company-tax TT02 evidence is submitted, receipted, archived, test-only, and secret-free (4.516ms)
✔ RF-1086 TT02 evidence is accepted, complete, and secret-free (3.865334ms)
ℹ tests 19
ℹ suites 0
ℹ pass 19
ℹ fail 0
ℹ cancelled 0
ℹ skipped 0
ℹ todo 0
ℹ duration_ms 161.039083

> talli-repository@0.1.0 test:authority-adapters
> node --experimental-strip-types --test tests/authority_adapters.test.mjs

✔ RF-1086 transport is implemented but every production authority adapter remains disabled (1.876167ms)
✔ RF-1086 plan preserves XML document, confirmation, feedback, and receipt sequence (0.109834ms)
✔ tax return and annual accounts plans require an ID-porten person signing handoff (0.113792ms)
ℹ tests 3
ℹ suites 0
ℹ pass 3
ℹ fail 0
ℹ cancelled 0
ℹ skipped 0
ℹ todo 0
ℹ duration_ms 142.310208

> talli-repository@0.1.0 test:authority-operations
> node --experimental-strip-types --test tests/authority_operations.test.mjs tests/authority_operations_schema.test.mjs tests/authority_operations_actions.test.mjs

✔ authority operation environment fails closed and rejects test credentials (1.101916ms)
✔ authority environment accepts the proven RSA PEM shape used by production filing (0.209958ms)
✔ environment diagnostics expose only the invalid field (0.085ms)
✔ builds the one fixed RF-1086 own-system definition (1.339458ms)
✔ requires the exact immutable operation and confirmation phrase (0.1755ms)
✔ requires the separate exact callback operation and confirmation phrase (0.112625ms)
✔ callback update performs a full PUT only from the exact empty-callback definition (26.704917ms)
✔ an exact callback definition is already verified with GET only (0.299333ms)
✔ a missing system is a definition conflict and never creates or updates (0.166416ms)
✔ any non-callback definition drift blocks without a write (2.009583ms)
✔ unknown or duplicate fields at every callback projection level block without a write (0.573791ms)
✔ null and malformed callback projection values block without a write (0.651208ms)
✔ PUT transport failures are always reconciled by GET (0.971625ms)
✔ non-success PUT responses are always reconciled by GET (1.2765ms)
✔ invalid successful PUT bodies are reconciled and preserve their safe failure when unchanged (0.298375ms)
✔ every callback authority response is capped before status handling (0.787208ms)
✔ final GET transport failures use only the fixed verification error (0.2645ms)
✔ callback verification drift is reported as conflict after the one allowed PUT (0.253334ms)
✔ creates a missing system then verifies it without leaking the token (0.619042ms)
✔ returns already_verified for an exactly matching existing definition (0.160125ms)
✔ does not overwrite a conflicting existing definition (0.161041ms)
✔ rejects malformed authority responses with only safe errors (0.259292ms)
✔ sanitizes network and upstream HTTP failures (0.196083ms)
✔ authority operation is admin-only, AAL2-gated, exact, and service-audited (0.954625ms)
✔ operator UI exposes only the immutable RF-1086 operation and redacted results (0.156166ms)
✔ the server query is limited to recent redacted rows for active admins (0.132083ms)
✔ callback update has a separate admin, fresh-AAL2, ops-gated audited action (0.201917ms)
✔ operator callback UI is native, exact, and honest about its narrow effect (0.447792ms)
✔ authority operations are constrained, RLS protected, and service-written (1.44275ms)
✔ rollback revokes access before dropping the table (0.486417ms)
✔ callback operation migration expands only the constrained safe audit contract (0.423417ms)
✔ callback rollback removes callback rows before restoring the original constraints (0.201792ms)
ℹ tests 32
ℹ suites 0
ℹ pass 32
ℹ fail 0
ℹ cancelled 0
ℹ skipped 0
ℹ todo 0
ℹ duration_ms 189.632166

> talli-repository@0.1.0 test:maskinporten
> node --experimental-strip-types --test tests/maskinporten.test.mjs

✔ builds a short-lived TT02 system-user grant against the issuer audience (2.518875ms)
✔ signs a verifiable compact RS256 JWT without exposing the private key (56.644292ms)
✔ posts the JWT bearer grant and returns an opaque access token in memory (49.295083ms)
✔ sanitizes authority errors and rejects malformed token responses (82.893334ms)
✔ fails closed on invalid environment, identifiers, scope, and key material (0.386166ms)
✔ loads one production credential set without treating an operations switch as an owner feature gate (25.782792ms)
✔ rejects a token response that broadens or changes the requested scope (68.996459ms)
ℹ tests 7
ℹ suites 0
ℹ pass 7
ℹ fail 0
ℹ cancelled 0
ℹ skipped 0
ℹ todo 0
ℹ duration_ms 420.139042

> talli-repository@0.1.0 test:system-user-requests
> node --experimental-strip-types --test tests/system_user_requests.test.mjs tests/system_user_authority_client.test.mjs tests/system_user_callback_route.test.mjs

✔ create sends one standard request with the exact fixed contract (28.371333ms)
✔ lookup methods use only the standard request and system-user endpoints (0.834708ms)
✔ the client rejects agent fields, mismatches, wrong hosts, and oversized bodies (0.917042ms)
✔ response validation rejects unknown statuses and every fixed-field or shape mismatch (0.234041ms)
✔ confirmation URLs use only the exact HTTPS host for their environment (0.224167ms)
✔ query validation rejects invalid shapes, identity mismatches, and extra fields (0.651083ms)
✔ authority errors expose only allowlisted safe codes (0.422ms)
✔ prototype names cannot bypass the documented authority-code allowlist (0.261542ms)
✔ invalid inputs fail before network access without reflecting sensitive values (0.302584ms)
✔ production route import defers canonical origin validation until a callback request (160.674041ms)
✔ callback redirects use only the fixed Talli origin, with localhost limited to non-production (0.422542ms)
✔ callback ignores every query parameter and uses only authenticated user, cookie UUID, and company-access authorization (2.561834ms)
✔ missing cookie redirects to fixed manual status and still deletes the exact cookie path (0.225666ms)
✔ invalid cookie, missing user, stale request, and cross-owner request all fail closed (0.719417ms)
✔ callback errors expose no provider detail, identifiers, or reflected input (0.312584ms)
✔ callback maps only allowlisted local states (1.20125ms)
✔ external references are opaque and transitions are monotonic (1.42875ms)
✔ terminal Altinn failures cannot be reopened (0.172125ms)
✔ invalid runtime statuses use the stable transition error (0.168875ms)
ℹ tests 19
ℹ suites 0
ℹ pass 19
ℹ fail 0
ℹ cancelled 0
ℹ skipped 0
ℹ todo 0
ℹ duration_ms 353.14775

> talli-repository@0.1.0 test:rf1086:authority-client
> node --experimental-strip-types --test tests/rf1086_authority_client.test.mjs

✔ executes the official hovedskjema, underskjema, confirmation, and archive sequence (38.182375ms)
✔ accepts the documented lowercase main response and uses the production base only when explicit (0.335709ms)
✔ returns structured sanitized authority errors without token or submitted field values (0.605917ms)
✔ polls the documented forsendelseId after the observed eventual-consistency GLD_1017 (0.740958ms)
✔ classifies authentication expiry and server failures as retryable (0.394916ms)
✔ fails closed on missing XML, invalid years, references, idempotency keys, and bearer tokens (0.287875ms)
✔ retrieves an individual allowlisted document with a bounded GET (0.267791ms)
✔ individual document retrieval rejects disallowed types and streams over 10 MiB (3.462209ms)
✔ document listing preserves inline XML and only strict UUID references (0.490458ms)
✔ all JSON authority responses are streamed with a global 64 KiB cap (1.960583ms)
✔ JSON authority responses reject non-JSON media types without exposing their body (0.169541ms)
ℹ tests 11
ℹ suites 0
ℹ pass 11
ℹ fail 0
ℹ cancelled 0
ℹ skipped 0
ℹ todo 0
ℹ duration_ms 190.140667

> talli-repository@0.1.0 test:rf1086:production-pilot
> node --experimental-strip-types --test tests/production_pilot.test.mjs tests/production_approval.test.mjs tests/production_submission.test.mjs tests/controlled_production_beta_schema.test.mjs tests/rf1086_production.test.mjs tests/rf1086_production_environment.test.mjs tests/controlled_production_beta_actions.test.mjs tests/rf1086_production_runbook.test.mjs

✔ operator entitlement action is exact and database-authorized (1.58625ms)
✔ owner approval binds persisted preview data and requires a real-filing acknowledgement (0.2985ms)
✔ send action rechecks approval, uses production-only credentials, and journals authority calls (1.19325ms)
✔ production release does not begin or submit when delegated-token acquisition fails (1.180458ms)
✔ production release makes no POST when transactional begin rejects after token acquisition (0.166666ms)
✔ production release orders token, durable begin, then journaled external submission (0.118209ms)
✔ owner connection actions accept only local UUID selection and enforce fresh AAL2 before flow orchestration (0.298458ms)
✔ production UI never equates receipt transport with final acceptance (0.842875ms)
✔ a disabled production adapter tolerates an unapplied additive schema during rollout (0.12875ms)
✔ all migrations use portable JSONB object checks (6.05725ms)
✔ creates a separate production-only aggregate with constrained states (2.370125ms)
✔ denies direct customer mutation and keeps authority events service-only (0.754875ms)
✔ approval and begin RPCs enforce owner AAL2 and an exact active entitlement (0.751333ms)
✔ acceptance requires explicit final authority evidence and events are append-only (0.219833ms)
✔ rollback revokes RPC access before dropping additive objects (0.108417ms)
✔ Systembruker binding preserves every existing production filing gate (0.64075ms)
✔ builds a deterministic canonical approval manifest (11.975208ms)
✔ approval hash changes when any legally relevant value changes (0.240375ms)
✔ matches only the exact current manifest and rejects blocked approvals (0.289208ms)
✔ requires an exact active company/user/year/obligation/profile entitlement (1.783416ms)
✔ rejects absent, future, and expired entitlements (0.115042ms)
✔ bypasses billing only for an exact billing-exempt pilot (0.525291ms)
✔ never applies the billing exemption to an inexact or non-exempt entitlement (0.207958ms)
✔ allows only documented production submission transitions (1.277709ms)
✔ transport acknowledgement cannot become accepted (0.125375ms)
✔ uses explicit authority feedback for terminal outcomes (0.069125ms)
✔ reconciliation action rechecks the exact owner, submission, and verified request without POST (0.368125ms)
✔ initial send performs bounded feedback polling only after the journaled confirmation path (1.076666ms)
✔ private artifact persistence verifies receipts and cleans up only after authoritative absence (0.254083ms)
✔ filing page auto-resumes pending reconciliation and always exposes manual retry (0.115167ms)
✔ persists stable prepared keys before each authority mutation and reports processing (2.93025ms)
✔ confirmation remains journaled when the first archive read is still pending (0.38625ms)
✔ resumes succeeded mutations without sending them twice (1.101333ms)
✔ resumes a retryable mutation with its persisted idempotency key (0.203834ms)
✔ does not retry a mutation that authority already blocked (0.314541ms)
✔ quarantines a mutation timeout instead of retrying (0.284792ms)
✔ records an explicit authority rejection as blocked without leaking XML (0.222875ms)
✔ initial reconciliation polls five times without another POST (1.777416ms)
✔ later reconciliation reads once and appends only state or artifact changes (0.196917ms)
✔ submitted XML hashes are ignored while strict references are downloaded and classified (0.419583ms)
✔ unknown archive shapes and malformed or mismatched feedback require action (0.318292ms)
✔ transport uncertainty is durable unknown with safe codes only (0.154708ms)
✔ bare GLD_021 and bare GLD_1017 archive responses remain processing (0.150084ms)
✔ a transient artifact persistence failure remains reclaimable and retries read-only (0.400375ms)
✔ Supabase connection and pool failures remain retryable through the real persistence mapping (0.585958ms)
✔ Supabase constraint and schema failures remain terminal through the real persistence mapping (0.423417ms)
✔ ambiguous metadata commit preserves the receipt and the next read-only attempt verifies it (0.716333ms)
✔ authoritative metadata absence permits cleanup of resources owned by the failed attempt (0.172167ms)
✔ existing metadata cannot accept a missing or mismatched private receipt (0.181708ms)
✔ production stays disabled by default (1.991541ms)
✔ returns only strict production configuration when every gate is present (0.292458ms)
✔ rejects file paths, test material, wrong scope, partial configuration, and loose flag values (0.325833ms)
✔ runbook covers the hand-held first production filing and immediate rollback (1.294666ms)
✔ release docs require callback verification before self-service activation (0.110084ms)
✔ runbook defines the activation order, recovery matrix, and local-proof boundary (0.283375ms)
ℹ tests 55
ℹ suites 0
ℹ pass 55
ℹ fail 0
ℹ cancelled 0
ℹ skipped 0
ℹ todo 0
ℹ duration_ms 189.070667

> talli-repository@0.1.0 test:python-runtime
> node --experimental-strip-types --test tests/python_runtime.test.mjs

✔ uses an explicit configured Python runtime (0.7605ms)
✔ finds the project virtualenv for local filing-engine calls (0.078417ms)
✔ fails closed when no dependency-complete Python runtime is configured (0.211708ms)
ℹ tests 3
ℹ suites 0
ℹ pass 3
ℹ fail 0
ℹ cancelled 0
ℹ skipped 0
ℹ todo 0
ℹ duration_ms 122.361959

> talli-repository@0.1.0 test:corporate-documents
> node --experimental-strip-types --test tests/corporate_documents.test.mjs tests/corporate_decision_facts.test.mjs tests/corporate_document_readiness.test.mjs tests/corporate_document_schema.test.mjs tests/corporate_document_database_runtime.test.mjs

✔ largest-remainder allocation is deterministic in integer øre (1.942458ms)
✔ owner-dividend facts come only from persisted identity, shareholders, and approved annual totals (9.709709ms)
✔ stale or tampered reviewed facts are rejected instead of silently replaced (0.619541ms)
✔ annual-close input binds both annual-data and annual-account payload hashes (0.574167ms)
✔ corporate lifecycle RPCs pass a fresh PostgreSQL rehearsal (2769.934084ms)
✔ state is derived only from current immutable artifacts, events, and finalization (1.017959ms)
✔ readiness fails closed for stale hashes, unsigned documents, and terminal decisions (1.018583ms)
✔ annual filing gate requires the current annual decision hash and finalization when enabled (1.760541ms)
✔ corporate decision schema is immutable, tenant scoped, and hash bound (3.795167ms)
✔ accounting policy accounts are server-side reviewed facts (0.709833ms)
✔ database RPCs recompute canonical hashes and persisted accounting facts (1.524375ms)
✔ canonical Node JSON and hash match the Python renderer (275.472583ms)
✔ parser independently validates JSON, hashes, lengths, PDF bytes, and exact kinds (3.655041ms)
✔ parser preserves a narrow blocked result without trusting arbitrary fields (0.253291ms)
✔ renderer kills subprocesses that exceed bounded stdout or stderr (1.043208ms)
✔ renderer uses no shell, a fixed argv, a timeout, and a restricted environment (6.849666ms)
✔ storage keys are tenant scoped, content addressed, and reject path injection (0.312625ms)
✔ uploads with upsert false and verifies an exact existing object on retry (0.944041ms)
✔ an existing object with different bytes fails closed (0.358125ms)
✔ a later upload failure removes only objects created by this attempt (0.348166ms)
ℹ tests 20
ℹ suites 0
ℹ pass 20
ℹ fail 0
ℹ cancelled 0
ℹ skipped 0
ℹ todo 0
ℹ duration_ms 2871.644958

> talli-repository@0.1.0 test:corporate-decision-workflow
> node --experimental-strip-types --test tests/corporate_decision_workflow.test.mjs

✔ signed corporate upload validates PDF bytes, MIME, size, and a separate immutable key (1.694875ms)
✔ required signer names are derived from immutable canonical input (9.493542ms)
✔ server exposes step-up-protected immutable lifecycle actions (0.508459ms)
✔ review, signed attestation, and preview UI use honest owner-only copy (0.262292ms)
ℹ tests 4
ℹ suites 0
ℹ pass 4
ℹ fail 0
ℹ cancelled 0
ℹ skipped 0
ℹ todo 0
ℹ duration_ms 154.101041

> talli-repository@0.1.0 test:rf1086:persisted
> node --experimental-strip-types --test tests/rf1086_persisted_preview.test.mjs

✔ builds RF-1086 no-activity case from persisted setup rows (1.478584ms)
✔ renders persisted no-activity case through Python RF-1086 engine (228.258292ms)
✔ renders persisted no-activity case without a Python runtime (0.797458ms)
✔ serverless renderer matches the verified Python renderer for the no-activity profile (231.676583ms)
✔ blocks persisted setup with mismatched shareholder totals in both renderers (224.667ms)
ℹ tests 5
ℹ suites 0
ℹ pass 5
ℹ fail 0
ℹ cancelled 0
ℹ skipped 0
ℹ todo 0
ℹ duration_ms 830.040791

> talli-repository@0.1.0 test:rf1086:submission
> node --experimental-strip-types --test tests/rf1086_submission_persisted.test.mjs

✔ blocks simulated submission without authority confirmation (0.988875ms)
✔ blocks simulated submission without final preview confirmation (0.073208ms)
✔ prepares deterministic simulated submission calls and receipt from persisted preview (454.676625ms)
✔ simulates a persisted submission without a Python runtime (9.91075ms)
✔ serverless simulation matches the verified Python request plan (221.022167ms)
✔ blocks production adapter even if the legacy environment flag is set (0.920667ms)
✔ builds stable request payload hash and idempotency key (0.618958ms)
✔ builds accepted receipt metadata and immutable submitted payload references (225.384875ms)
✔ builds rejected feedback as structured error state (0.145292ms)
ℹ tests 9
ℹ suites 0
ℹ pass 9
ℹ fail 0
ℹ cancelled 0
ℹ skipped 0
ℹ todo 0
ℹ duration_ms 1057.915292

> talli-repository@0.1.0 test:annual-accounts
> node --experimental-strip-types --test tests/annual_accounts_payload.test.mjs

✔ builds verified RR0002 annual accounts payload fields (1.914542ms)
✔ includes system costs, bank interest, and share-sale losses in annual result (0.151708ms)
✔ separates tax expense from result before tax and includes tax payable in debt (0.125083ms)
✔ returns annual accounts feedback for missing notes and unsupported cases (0.156208ms)
✔ persists annual accounts payload feedback into readiness gate shape (2.034166ms)
ℹ tests 5
ℹ suites 0
ℹ pass 5
ℹ fail 0
ℹ cancelled 0
ℹ skipped 0
ℹ todo 0
ℹ duration_ms 148.935417

> talli-repository@0.1.0 test:annual-accounts-xml
> node --experimental-strip-types --test tests/annual_accounts_xml.test.mjs

✔ renders deterministic live-schema RR0002 main and company-accounts XML (2.765ms)
✔ rejects a payload with readiness blocks (0.880833ms)
✔ rejects unbalanced or fractional whole-kroner payloads (0.398ms)
✔ rejects a missing field or mismatched official orid (0.256958ms)
✔ rejects a calendar-invalid approval date (0.110834ms)
ℹ tests 5
ℹ suites 0
ℹ pass 5
ℹ fail 0
ℹ cancelled 0
ℹ skipped 0
ℹ todo 0
ℹ duration_ms 137.062125

> talli-repository@0.1.0 test:annual-accounts-authority
> node --experimental-strip-types --test tests/annual_accounts_authority_client.test.mjs

✔ prepares the official RR0002 instance for person signing without signing or submitting (30.469209ms)
✔ reads completed RR0002 signature, receipt, and archive evidence without downloading documents (0.4495ms)
✔ fails closed on authority validation errors before locking the instance (0.699709ms)
✔ exchanges the Maskinporten token at the documented TT02 Altinn endpoint (0.199458ms)
✔ rejects incomplete instances, invalid inputs, and production transport (0.459ms)
✔ sanitizes remote errors and never includes submitted XML or access tokens (0.31025ms)
ℹ tests 6
ℹ suites 0
ℹ pass 6
ℹ fail 0
ℹ cancelled 0
ℹ skipped 0
ℹ todo 0
ℹ duration_ms 168.753333

> talli-repository@0.1.0 test:annual-accounts-authority-script
> node --experimental-strip-types --test tests/annual_accounts_authority_script.test.mjs

✔ annual accounts authority rehearsal refuses to run without explicit test-write approval (127.600083ms)
ℹ tests 1
ℹ suites 0
ℹ pass 1
ℹ fail 0
ℹ cancelled 0
ℹ skipped 0
ℹ todo 0
ℹ duration_ms 219.87175

> talli-repository@0.1.0 test:company-tax-return
> node --experimental-strip-types --test tests/company_tax_return_payload.test.mjs

✔ builds 2025 schema-backed company tax return payload candidate (2.314208ms)
✔ uses the current-draft party number for both authority documents (0.170208ms)
✔ reconciles interest, costs, exempt gains, and non-deductible losses (8.532375ms)
✔ renders a negative taxable basis as a positive whole-number loss (0.22725ms)
✔ blocks unsupported tax treatment and shareholder loans (0.168ms)
✔ builds no-activity payload candidate without activity warnings (0.130375ms)
✔ blocks unsupported owner dividend and blocking actions (0.14525ms)
✔ persists tax return payload feedback into skattemelding readiness (1.663334ms)
✔ archives pending company-tax TT02 feedback without relabeling it as a simulated receipt (0.55275ms)
ℹ tests 9
ℹ suites 0
ℹ pass 9
ℹ fail 0
ℹ cancelled 0
ℹ skipped 0
ℹ todo 0
ℹ duration_ms 160.478416

> talli-repository@0.1.0 test:company-tax-return-xml
> node --experimental-strip-types --test tests/company_tax_return_xml.test.mjs

✔ renders deterministic 2025 XML with escaped values and schema order (2.573333ms)
✔ rendered XML validates against the pinned official schemas when supplied (26.296958ms)
ℹ tests 2
ℹ suites 0
ℹ pass 2
ℹ fail 0
ℹ cancelled 0
ℹ skipped 0
ℹ todo 0
ℹ duration_ms 159.2635

> talli-repository@0.1.0 test:company-tax-return-authority
> node --experimental-strip-types --test tests/company_tax_return_authority_client.test.mjs

✔ renders the official v2 envelope with base64 documents and 2025 submission purpose (1.1915ms)
✔ rendered envelope validates against the pinned official request schema when supplied (8.258666ms)
✔ renders and posts a reference-free envelope only to the documented validertest endpoint (30.168917ms)
✔ summarizes validation status and guidance without retaining calculated documents (9.427917ms)
✔ exchanges a system-user Maskinporten token at the official Altinn endpoint (0.370583ms)
✔ uses the official current-document and Altinn async-validation sequence (2.075666ms)
✔ replaces an existing company-tax envelope data element in place (0.316458ms)
✔ advances exactly once from data to owner confirmation and returns the documented viewer URL (0.621458ms)
✔ owner-confirmation preparation is idempotent and blocks unknown tasks without a write (0.520334ms)
✔ retrieves exactly one clean XML feedback receipt through read-only calls (0.554834ms)
✔ feedback retrieval treats missing feedback as retryable and duplicate feedback as blocked (0.394292ms)
✔ feedback retrieval blocks rejected scans, non-XML content, and byte-length mismatches (0.485875ms)
✔ polls read-only until the company tax feedback receipt is available (0.367959ms)
✔ fails closed before validation until the uploaded envelope is virus-scan Clean (0.127917ms)
✔ sanitizes remote errors and rejects production-by-default shortcuts (0.276334ms)
ℹ tests 15
ℹ suites 0
ℹ pass 15
ℹ fail 0
ℹ cancelled 0
ℹ skipped 0
ℹ todo 0
ℹ duration_ms 200.136792

> talli-repository@0.1.0 test:company-tax-return-authority-script
> node --test tests/company_tax_return_authority_script.test.mjs

✔ company tax rehearsal refuses to run without explicit TT02 write approval (121.786625ms)
✔ company tax rehearsal is resumable, company-bound, and keeps final submission human-controlled (0.349917ms)
ℹ tests 2
ℹ suites 0
ℹ pass 2
ℹ fail 0
ℹ cancelled 0
ℹ skipped 0
ℹ todo 0
ℹ duration_ms 214.303292

> talli-repository@0.1.0 test:review
> node --experimental-strip-types --test tests/review_workflow.test.mjs

✔ advisory review comments can be acknowledged (1.018291ms)
✔ hard review comments cannot be acknowledged as advisory (0.2225ms)
✔ hard review comments block simulated submission (0.08975ms)
✔ workspace invitation presentation marks pending invitations expired (0.923291ms)
✔ review checklist keeps advisory comments separate from hard system blocks (0.929875ms)
ℹ tests 5
ℹ suites 0
ℹ pass 5
ℹ fail 0
ℹ cancelled 0
ℹ skipped 0
ℹ todo 0
ℹ duration_ms 133.86375

> talli-repository@0.1.0 test:billing
> node --experimental-strip-types --test tests/billing_persisted.test.mjs

✔ builds founder and standard billing accounts with launch prices (0.834542ms)
✔ blocks founder cohorts outside first 100 companies (0.229958ms)
✔ filing package charge waits for subscription and readiness (0.111375ms)
✔ unsupported cases remain no-charge and supported paid failures are refund eligible (0.072167ms)
✔ simulated provider events persist idempotent payment and refund references (0.161584ms)
✔ simulated provider events handle duplicate webhooks and subscription cancellation (0.146541ms)
ℹ tests 6
ℹ suites 0
ℹ pass 6
ℹ fail 0
ℹ cancelled 0
ℹ skipped 0
ℹ todo 0
ℹ duration_ms 132.786708

> talli-repository@0.1.0 test:cancellation
> node --experimental-strip-types --test tests/cancellation.test.mjs

✔ requires archive export before cancellation can move into retention hold (0.762084ms)
✔ keeps final deletion behind legal review and explicit deletion state (0.075958ms)
✔ builds archive and retention evidence for launch-critical records (0.795125ms)
✔ shows explicit export, soft-delete, retention, and final deletion lifecycle states (0.306917ms)
✔ builds retained deletion completion update with reviewer and actor (0.24ms)
ℹ tests 5
ℹ suites 0
ℹ pass 5
ℹ fail 0
ℹ cancelled 0
ℹ skipped 0
ℹ todo 0
ℹ duration_ms 127.10625

> talli-repository@0.1.0 test:operator-support
> node --experimental-strip-types --test tests/operator_support.test.mjs

✔ operator support exposes no legacy company-search seam (3.744708ms)
✔ operator summary highlights filing, billing, refund, restore, and audit state (8.870333ms)
✔ operator summary keeps cross-company data separated (0.248542ms)
ℹ tests 3
ℹ suites 0
ℹ pass 3
ℹ fail 0
ℹ cancelled 0
ℹ skipped 0
ℹ todo 0
ℹ duration_ms 142.156208

> talli-repository@0.1.0 test:operator-mfa
> node --test tests/operator_mfa.test.mjs

✔ operator MFA uses the signed-in browser session and official TOTP APIs (0.908375ms)
✔ an existing AAL2 session can be re-verified after the freshness window expires (0.136292ms)
✔ the MFA surface is rendered only inside the existing admin operator boundary (0.254541ms)
ℹ tests 3
ℹ suites 0
ℹ pass 3
ℹ fail 0
ℹ cancelled 0
ℹ skipped 0
ℹ todo 0
ℹ duration_ms 94.806125

> talli-repository@0.1.0 test:deadlines
> node --experimental-strip-types --test tests/deadlines.test.mjs

✔ shows upcoming deadlines before due dates (1.921792ms)
✔ shows due on exact deadline date (0.09375ms)
✔ shows overdue after deadline without fine guarantee language (0.16525ms)
✔ shows simulated when RF-1086 receipt exists before deadline (0.083416ms)
✔ shows late simulated when receipt is archived after deadline (0.0775ms)
✔ represents RF-1086, skattemelding, and årsregnskap separately (0.778708ms)
✔ queues configurable upcoming reminders with Norwegian no-guarantee language (0.732167ms)
✔ prevents duplicate reminders and skips completed filings (0.141417ms)
✔ queues overdue guidance without unsupported cases (0.142166ms)
ℹ tests 9
ℹ suites 0
ℹ pass 9
ℹ fail 0
ℹ cancelled 0
ℹ skipped 0
ℹ todo 0
ℹ duration_ms 130.235292

> talli-repository@0.1.0 test:archive
> node --experimental-strip-types --test tests/archive_export.test.mjs

✔ builds company-year archive from persisted workspace rows (3.382208ms)
✔ archive download fetches only sanitized authority runs linked by submission id (0.971625ms)
✔ archive ledger facts come through the generated capability query with a frozen projection (0.66075ms)
ℹ tests 3
ℹ suites 0
ℹ pass 3
ℹ fail 0
ℹ cancelled 0
ℹ skipped 0
ℹ todo 0
ℹ duration_ms 137.533

> talli-repository@0.1.0 test:backup-restore
> node --experimental-strip-types --test tests/backup_restore.test.mjs

✔ company-tax evidence migration preserves an atomic reference-only backup boundary (1.469875ms)
✔ backup manifest identifies launch-critical tables and object references (1.572375ms)
✔ restore fixture preserves launch-critical accounting state in isolated workspace (0.562833ms)
✔ company-tax submissions are counted and round-trip with generic filing submissions (0.232875ms)
✔ restore integrity rejects missing and mismatched company-tax authority evidence pairs (0.264042ms)
✔ restore integrity fails when corporate lifecycle rows or object metadata are incomplete (0.171792ms)
✔ restore integrity reports missing object warning and missing critical rows (0.142458ms)
✔ production restore launch gate requires recent passing restore test (0.86725ms)
✔ corporate release and restore runbooks keep external gates explicitly pending (1.530708ms)
ℹ tests 9
ℹ suites 0
ℹ pass 9
ℹ fail 0
ℹ cancelled 0
ℹ skipped 0
ℹ todo 0
ℹ duration_ms 143.114125

> talli-repository@0.1.0 test:security
> node --experimental-strip-types --test tests/security_step_up.test.mjs

✔ step-up accepts fresh signed AAL2 claims for the matching actor (1.934792ms)
✔ step-up accepts supported signed MFA method references and uses the newest one (0.133333ms)
✔ step-up fails closed for AAL1, cross-user, missing AMR, and string-only AMR claims (0.271833ms)
✔ step-up rejects invalid, stale, and future MFA timestamps (0.13875ms)
✔ all protected corporate actions require fresh AAL2 user presence (0.141292ms)
✔ server gate verifies claims, never reads legacy step-up rows, and audits allow/block (0.784375ms)
✔ claims lookup failures are blocked and audited without leaking provider details (0.127709ms)
ℹ tests 7
ℹ suites 0
ℹ pass 7
ℹ fail 0
ℹ cancelled 0
ℹ skipped 0
ℹ todo 0
ℹ duration_ms 130.5005

> talli-repository@0.1.0 test:trusted-aal2-schema
> node --test tests/trusted_aal2_schema.test.mjs

✔ legacy step-up events are inaccessible to customer Data API roles (3.754708ms)
✔ corporate step-up RPC trusts signed AAL2 and timestamped AMR claims only (1.063084ms)
✔ final founder confirmation is a database-enforced launch signoff key (0.816917ms)
ℹ tests 3
ℹ suites 0
ℹ pass 3
ℹ fail 0
ℹ cancelled 0
ℹ skipped 0
ℹ todo 0
ℹ duration_ms 96.051708

> talli-repository@0.1.0 test:filing-release-gate
> node --experimental-strip-types --test tests/filing_release_gate.test.mjs

✔ release evidence keeps authority and filing switches off after local browser proof (1.010084ms)
✔ keeps all production filing gates disabled without authority, billing, step-up, and human review (1.287833ms)
✔ blocks production when authority evidence or filing-specific signoff is missing (0.272625ms)
✔ marks only the exactly entitled RF obligation production ready when every release gate passes (0.920459ms)
✔ cannot report production ready when a live adapter is unimplemented or disabled (0.14975ms)
✔ fresh AAL2 and enabled adapters cannot replace final founder confirmation (0.122083ms)
✔ a stale restore rehearsal blocks every production filing (0.131208ms)
ℹ tests 7
ℹ suites 0
ℹ pass 7
ℹ fail 0
ℹ cancelled 0
ℹ skipped 0
ℹ todo 0
ℹ duration_ms 160.652917

> talli-repository@0.1.0 test:production-filing-guide
> node --test tests/production_filing_action_guide.test.mjs

✔ checklist and guide keep the exact ordered stage sequence (1.640958ms)
✔ both documents keep runtime signoffs in the signoff stage (0.324583ms)
✔ both documents keep case-specific gates in their operating stages (0.226875ms)
✔ mandatory gates stay affirmative without localized contradictions (7.351167ms)
✔ mandatory-gate contradiction matcher rejects bypasses but allows fail-closed language (0.313167ms)
✔ every guide stage uses only numbered checkbox action entries (0.893333ms)
✔ mandatory gate declarations stay outside exact action checkboxes (0.183792ms)
✔ founder go-live approval stays pending until the complete evidence set exists (0.191333ms)
✔ production credential readiness is verified without exposing the key (0.320708ms)
✔ unknown outcome shutdown precedes read-only reconciliation (0.204334ms)
✔ legal-pack approval stage says professional approval is pending (0.092625ms)
✔ guide preserves switch, evidence, and unknown-outcome stop rules (0.173875ms)
✔ both documents state the narrow scope and forbid adjacent filing scope (0.176875ms)
ℹ tests 13
ℹ suites 0
ℹ pass 13
ℹ fail 0
ℹ cancelled 0
ℹ skipped 0
ℹ todo 0
ℹ duration_ms 105.535333

> talli-repository@0.1.0 test:launch-copy
> node --experimental-strip-types --test tests/launch_copy.test.mjs

✔ requires non-affiliation and pre-production gate language in public app copy (2.478167ms)
✔ rejects launch claims that outrun authority evidence (0.331042ms)
✔ public homepage is a truthful free recruitment entry (0.653541ms)
✔ public company check is free, provisional, and distinguishes provider failure (0.340958ms)
✔ public legal copy identifies the real beta operator and contains no placeholders (0.282ms)
✔ email signup communicates the hosted twelve-character password floor (0.128625ms)
✔ launch validator rejects beta overclaims about review, payment, and delivery (0.087542ms)
✔ owner Systembruker copy distinguishes approval from verified readiness (0.17175ms)
ℹ tests 8
ℹ suites 0
ℹ pass 8
ℹ fail 0
ℹ cancelled 0
ℹ skipped 0
ℹ todo 0
ℹ duration_ms 142.067292

> talli-repository@0.1.0 test:launch-signoff
> node --experimental-strip-types --test tests/launch_signoff.test.mjs

✔ blocks launch when required signoffs are missing (2.0115ms)
✔ blocks launch when signoff is rejected or incomplete (0.923459ms)
✔ requires fresh restore signoff (0.146208ms)
✔ rejects future-dated launch signoffs (0.338708ms)
✔ passes only when every launch signoff is approved with evidence (0.1595ms)
✔ builds persisted launch signoff record and validates approved evidence (0.343375ms)
✔ documented launch_legal_name_public_copy entry is a valid approved record (0.108958ms)
✔ launch evidence records the final founder gate as intentionally unapproved (2.231458ms)
ℹ tests 8
ℹ suites 0
ℹ pass 8
ℹ fail 0
ℹ cancelled 0
ℹ skipped 0
ℹ todo 0
ℹ duration_ms 141.746917

> talli-repository@0.1.0 test:validation-observation-launch-off
> node --test tests/validation_observation_launch_off.test.mjs

✔ full-launch source configuration is exact off and public contracts expose no pilot authority (4.432334ms)
ℹ tests 1
ℹ suites 0
ℹ pass 1
ℹ fail 0
ℹ cancelled 0
ℹ skipped 0
ℹ todo 0
ℹ duration_ms 94.970208

> talli-repository@0.1.0 test:legal-policy
> node --test tests/legal_policy_pack.test.mjs tests/launch_human_gate_preparation.test.mjs

✔ measurement decision inventories application-controlled data without hosted overclaims (0.96125ms)
✔ consent proof remains exact-release-bound and inactive without human approval (0.112ms)
✔ validation plan links preparation without opening intake (0.06ms)
✔ founder-approved pilot observation direction stays separate and fails closed for launch (0.264333ms)
✔ pre-intake pack stays blank, protected-store-first and fail closed (0.205333ms)
✔ terms cover holding-first scope, unsupported cases, filing limits, refunds, and no advisory guarantee (1.050167ms)
✔ legal pack uses one beta-to-live business agreement and explicit electronic acceptance (0.359167ms)
✔ privacy and pack metadata identify the supplier without transfer or hosting overclaims (0.336333ms)
✔ production evidence retains both named-company gates and production filing NO-GO (0.400292ms)
✔ privacy policy and DPA cover launch-critical data and processor boundaries (0.239209ms)
✔ retention/delete policy distinguishes export, retention hold, and deletion constraints (0.155417ms)
✔ incident policy covers detection, containment, notification, filing incidents, and postmortems (0.127875ms)
✔ incident policy names pre-incorporation roles and a customer notification approach (0.524292ms)
✔ retention policy fixes archive responsibility and audit-id pseudonymization (0.353875ms)
✔ founder decision records the approved AI-assisted boundary and real-data stop (0.1825ms)
✔ legal pack uses the approved annual offer, role boundary, and measured retention (0.192333ms)
✔ privacy policy states a GDPR art. 6 legal basis and a least-privilege operator access model (0.118958ms)
✔ DPA covers breach notification to the controller, audit rights, and duration (0.127291ms)
ℹ tests 18
ℹ suites 0
ℹ pass 18
ℹ fail 0
ℹ cancelled 0
ℹ skipped 0
ℹ todo 0
ℹ duration_ms 103.051042

> talli-repository@0.1.0 test:ci-gate
> node --test tests/ci_release_gate.test.mjs

✔ release gate covers pull requests and main with least privilege (1.598333ms)
✔ release gate runs every customer-readiness check before promotion (0.311083ms)
✔ database isolation uses the locked Python renderer environment (0.17ms)
✔ database isolation runs the complete ledger contract lifecycle (0.53625ms)
✔ local immutable gate rejects tracked, staged, and untracked drift (490.195667ms)
✔ local immutable gate normalizes terminal output before recording it (0.25075ms)
✔ database harness restores generated drift and preserves failure semantics (1596.670375ms)
✔ browser owner rehearsal includes executable owned-process lifecycle coverage (0.826292ms)
✔ Vercel deploys the Next output produced by the root build (0.350875ms)
ℹ tests 9
ℹ suites 0
ℹ pass 9
ℹ fail 0
ℹ cancelled 0
ℹ skipped 0
ℹ todo 0
ℹ duration_ms 2185.5895
[launch-rehearsal] exit=0
[launch-rehearsal] durationMs=29034

[production-dependency-audit] command=npm audit --omit=dev --audit-level=high && npm audit --prefix apps/web --omit=dev --audit-level=high
found 0 vulnerabilities
# npm audit report

postcss  <=8.5.22
Severity: moderate
PostCSS: incomplete fix of GHSA-6g55-p6wh-862q — attacker-controlled sourceMappingURL reads arbitrary .map files when `from` is unset - https://github.com/advisories/GHSA-fxqj-rqcc-2cmp
fix available via `npm audit fix --force`
Will install next@16.3.3, which is outside the stated dependency range
node_modules/postcss
  next  9.3.4-canary.0 - 16.3.0-preview.10
  Depends on vulnerable versions of postcss
  node_modules/next

2 moderate severity vulnerabilities

To address all issues, run:
  npm audit fix --force
[production-dependency-audit] exit=0
[production-dependency-audit] durationMs=1763

[database-isolation] command=TALLI_PYTHON_BIN=.venv/bin/python npm run test:supabase:local

> talli-repository@0.1.0 test:supabase:local
> bash scripts/test-supabase-local.sh


> talli-repository@0.1.0 test:supabase-advisors
> node scripts/assert-supabase-advisors.mjs

Supabase advisors: 0 blocking security/error findings; 9 performance warnings.

> talli-repository@0.1.0 test:ledger-database-lifecycle
> node --test --test-concurrency=1 tests/ledger_capability_schema.test.mjs tests/ledger_capability_boundary_regressions.test.mjs tests/ledger_full_year_database_runtime.test.mjs tests/ledger_supported_patterns_database_runtime.test.mjs tests/ledger_opening_position_rebuild_schema.test.mjs tests/ledger_corrections_database_runtime.test.mjs tests/ledger_company_year_close_database_runtime.test.mjs tests/ledger_database_runtime.test.mjs

✔ ledger business data moves to its owned schema without claiming shareholder setup (1.403417ms)
✔ legacy entry kinds are explicitly and completely normalized (0.791375ms)
✔ target persistence is company-scoped, opening-unique, and admission-gated (0.437042ms)
✔ technical receipts and cursor keys are immutable and non-forgeable (0.445708ms)
✔ hosted migration authority and pgcrypto access are explicit and temporary (0.448375ms)
✔ mixed-version facade preserves predecessor values and RLS-enforced inserts (0.55625ms)
✔ the backend executor cannot bypass the intent facade with direct table DML (0.315375ms)
✔ future capability SQL is not rewritten into a generic ledger dispatcher (0.5705ms)
✔ contract removes browser posting RPCs and rollback disables target before restoring legacy (0.530333ms)
✔ ledger cutover is an atomic expand, contract, and recutover-safe rollback (2.015083ms)
✔ expand reacquires locked-schema authority for recutover and revokes it atomically (1.900292ms)
✔ contract borrows only ledger ownership and returns it before commit (0.464833ms)
✔ rollback borrows only the ownership and schema authority its reversal needs (1.024792ms)
✔ nine exact writer coordinators are executor-only and never accept ledger lines (4.457042ms)
✔ audit placement preserves active continuations and future atomic audits (0.736583ms)
✔ one physical ledger store has a non-bypass owner and execute-only runtime (0.988584ms)
✔ commands bind verified identity, closed admission, and permanent idempotency (0.715916ms)
✔ new-year coordination is atomic, replayable, and keeps posting policy in ledger (1.175ms)
✔ consequential admission serializes with recheck and requires AAL2 plus current agreement (0.444291ms)
✔ persistence enforces canonical balanced two-decimal NOK entries (0.575125ms)
✔ entry queries retain canonical source identity for archive reconstruction (0.525375ms)
✔ opening-snapshot compatibility query is bounded, member-scoped, and read-only (1.91025ms)
✔ serialization and signed cursors are bounded and owner-only (0.515958ms)
✔ migration evidence is pre-transform, reconciled, and immutable (0.666125ms)
✔ the frozen overlap trigger can invoke private normalization helpers (0.365041ms)
✔ contract removes legacy writers, facades, and cross-capability FKs (0.846917ms)
✔ rollback disables target before restoring the frozen legacy writer (0.6165ms)
✔ company-year close has one evidence-gated atomic database interface (2.194792ms)
✔ close replay and latest query share one exact raw-command fingerprint (0.390583ms)
✔ ordinary posting is receipt-first and serialized behind statutory close (0.118208ms)
✔ close assessments and evidence are immutable forced-RLS ledger data (0.743584ms)
✔ every close output is bound to the reconstruction economic-fact set (0.378917ms)
✔ database lifecycle covers close, correction staleness, rollback and recutover (1.236625ms)
✔ correction API has the canonical immutable reversal contract (1.532625ms)
✔ SQL coordinates persistence but contains no replacement accounting selection (0.169875ms)
✔ lineage and provenance are forced-RLS immutable evidence (0.289208ms)
✔ fresh database lifecycle exercises correction and recutover (0.401917ms)
✔ ledger authority survives expand, contract, concurrency, rollback, and recutover (44196.762208ms)
✔ reconstruction evidence is immutable, tenant-scoped, and executor-only (1.882583ms)
✔ full-year migration temporarily restores hosted migration authority and re-hardens it (1.424125ms)
✔ every additive ledger migration bounds hosted authority to one transaction (1.50725ms)
✔ database revalidates the exact source-owner evidence topology (0.567458ms)
✔ reconstruction readiness binds the complete canonical economic-fact set (0.710041ms)
✔ reconstruction readiness binds revisioned full-interval source evidence (0.642208ms)
✔ fresh database rehearsal executes reconstruction replay, RLS, and gap cases (0.648125ms)
✔ opening rebuild, components, and provenance are immutable forced-RLS records (1.952333ms)
✔ the receiver is executor-only and persists one atomic typed opening journal (1.741833ms)
✔ SQL stores Python accounting decisions without reimplementing them (0.417ms)
✔ component and source tenant keys are bound to their parents (0.569208ms)
✔ bank-loan components are an exact journal-backed payment basis (0.982958ms)
✔ full-state digest includes opening and lifecycle facts (0.221458ms)
✔ contract requires the receiver and rollback revokes it without deleting facts (0.382917ms)
✔ an already-applied predecessor schema receives the uncapped source upgrade (0.445833ms)
✔ supported entries persist immutable event and source provenance (1.647792ms)
✔ SQL keeps accounting policy out and delegates to the canonical writer (0.375166ms)
✔ fresh database lifecycle proves replay, RLS, provenance, and recutover (0.269333ms)
✔ the predecessor expand remains forward-compatible during recutover (0.321958ms)
✔ received-dividend lifecycle state is immutable, forced-RLS, and executor-only (0.963458ms)
✔ received-dividend wrappers coordinate lifecycle around the canonical posting seam (0.390666ms)
✔ fresh lifecycle covers received-dividend replay, failure atomicity, and cutover (0.313416ms)
✔ bank-loan lifecycle state is immutable, forced-RLS, and executor-only (0.672042ms)
✔ bank-loan wrappers persist derived entries without selecting accounting policy (0.527792ms)
✔ fresh lifecycle covers bank-loan replay, allocation limits, and cutover (0.46075ms)
✔ cash-capital-increase phases are one immutable forced-RLS lifecycle (0.553541ms)
✔ cash-capital wrappers enforce exact sources without selecting accounting policy (1.314209ms)
✔ fresh lifecycle covers cash-capital rollback revocation and recutover (1.016083ms)
✔ loss-coverage capital reduction uses one append-only forced-RLS phase lifecycle (0.795375ms)
✔ loss-coverage reduction wrappers enforce exact source-owned phase shapes (2.280625ms)
✔ fresh lifecycle covers loss-coverage reduction rollback and recutover (1.067ms)
ℹ tests 69
ℹ suites 0
ℹ pass 69
ℹ fail 0
ℹ cancelled 0
ℹ skipped 0
ℹ todo 0
ℹ duration_ms 44975.819834

> talli-repository@0.1.0 test:banking-database-lifecycle
> node --test --test-concurrency=1 tests/banking_capability_schema.test.mjs tests/banking_connection_schema.test.mjs tests/banking_database_runtime.test.mjs

✔ the complete local database gate includes banking contract and rollback (1.049125ms)
✔ banking expand is overlap-safe and preserves stable source identities (1.061292ms)
✔ migration evidence proves exact count and canonical hash reconciliation (0.365708ms)
✔ banking migrations borrow and revoke backend-system schema authority (0.435875ms)
✔ legacy transaction writes are mirrored during expand without a second policy engine (1.117833ms)
✔ canonical banking data is forced-RLS and runtime roles cannot write tables directly (0.461625ms)
✔ canonical acceptances store source decisions, not ledger policy copies (0.797625ms)
✔ banking workflow locks source facts and delegates the only posting to ledger (0.490833ms)
✔ statement import is durable-idempotent and provider data cannot select accounting (0.315666ms)
✔ banking reads are tenant-scoped deterministic cursor pages (0.342917ms)
✔ banking contract removes legacy storage only after live exact reconciliation (0.61ms)
✔ banking contract leaves one canonical writer and no SQL suggestion-policy copy (0.712ms)
✔ banking contract preserves only bounded future seams and archive freshness (0.531584ms)
✔ banking rollback restores the predecessor and supports deterministic recutover (0.837209ms)
✔ #189 owns canonical connection, account, coverage, sync, and source-file state (2.285541ms)
✔ provider identifiers, cursors, and original files are encrypted or hashed (0.456125ms)
✔ sync persistence checkpoints each page and keeps accounting outside provider workflows (0.598459ms)
✔ runtime roles can call checked functions but cannot mutate canonical tables (0.536ms)
✔ migration keeps auth references under the migration principal and drops borrowed authority (3.255ms)
✔ manifests declare every new table and migration (1.025084ms)
✔ banking authority survives reconciliation, contract, rollback, security, and recutover (9844.934583ms)
ℹ tests 21
ℹ suites 0
ℹ pass 21
ℹ fail 0
ℹ cancelled 0
ℹ skipped 0
ℹ todo 0
ℹ duration_ms 10149.687583

> talli-repository@0.1.0 test:marketing-measurement-database
> node --test tests/marketing_measurement_database_runtime.test.mjs tests/marketing_consent_proof_database_runtime.test.mjs

✔ marketing collection requires durable server-stamped approved notice proof and five distinct sessions (4620.330167ms)
✔ marketing measurement is consent-bounded, private, aggregate-only, and retained briefly (5629.55275ms)
ℹ tests 2
ℹ suites 0
ℹ pass 2
ℹ fail 0
ℹ cancelled 0
ℹ skipped 0
ℹ todo 0
ℹ duration_ms 5729.89475

> talli-repository@0.1.0 test:validation-observation
> uv run --project apps/backend pytest apps/backend/tests/test_validation_observation.py apps/backend/tests/test_supabase_validation_observation.py -q && node --test tests/validation_observation_database_runtime.test.mjs

.................s                                                       [100%]
17 passed, 1 skipped in 0.09s
✔ pilot observation is database-authoritative, bounded, private, revocable, and launch-off provable (3643.843959ms)
ℹ tests 1
ℹ suites 0
ℹ pass 1
ℹ fail 0
ℹ cancelled 0
ℹ skipped 0
ℹ todo 0
ℹ duration_ms 3750.772291

> talli-repository@0.1.0 test:supabase
> node --test --test-concurrency=1 tests/supabase_workspace.test.mjs tests/rf1086_feedback_schema.test.mjs tests/company_access_invitations_schema.test.mjs tests/company_access_cancellation_schema.test.mjs tests/company_year_admission_schema.test.mjs tests/current_legal_evidence_schema.test.mjs tests/current_legal_evidence_migration_lifecycle.test.mjs tests/support_access_schema.test.mjs tests/company_access_database_runtime.test.mjs tests/company_access_onboarding_database_runtime.test.mjs tests/support_access_database_runtime.test.mjs tests/support_access_migration_lifecycle.test.mjs

✔ expand migration adds append-only revision-bound deletion reviews (1.911125ms)
✔ request derives archive and source completeness inside one atomic RPC (0.926584ms)
✔ archive route and generation triggers share one complete source inventory (2.699291ms)
✔ expand deterministically supersedes and conceals legacy duplicates (0.619917ms)
✔ review is admin+AAL2 only, append-only, and cannot be self-approved by an owner (0.60125ms)
✔ finalize re-derives prerequisites and requires exact approved review (0.434958ms)
✔ legacy export-required cancellations resume through a receipt-bound RPC (0.362791ms)
✔ archive receipt completion is server-only, one-time, expiring, and generation-bound (0.842542ms)
✔ direct lifecycle RPCs mirror strict request validation before receipts (0.685625ms)
✔ archive and reconciliation reject null income years explicitly (0.3275ms)
✔ review JSON is projected to the strict public response shape (0.213667ms)
✔ lifecycle commands use durable receipts and least-privilege RLS (1.172958ms)
✔ lifecycle mutations share operation-company-cancellation lock order (0.427167ms)
✔ unknown command outcomes reconcile behind the exact operation lock (0.400208ms)
✔ contract migration removes direct cancellation access only after generated-client cutover (0.503583ms)
✔ the release Supabase suite includes cancellation schema coverage (0.226833ms)
✔ company access RLS isolates tenants and exposes exact membership roles to owner policy (10675.838834ms)
✔ cancellation lifecycle is atomic, review-bound, replay-safe, and tenant concealed (6849.16425ms)
✔ invitation acceptance and membership administration use atomic bearer-scoped RPCs (4.29875ms)
✔ invitation and membership mutations are not directly granted to authenticated web callers (1.080833ms)
✔ invitation lookup is recipient-bound, expiry-aware, and never returns token hashes (0.741375ms)
✔ command functions execute through a restricted RLS role instead of the migration owner (2.467416ms)
✔ recipient table enumeration is removed and lookup requires the presented token (0.739708ms)
✔ acceptance binds the verified Auth identity and rejects stale JWT claims atomically (0.710292ms)
✔ consequential commands have durable replay receipts and concurrency preconditions (1.167833ms)
✔ invitation side-effect recovery is receipt-owned, actor-derived, and proof-completed (2.362625ms)
✔ pgcrypto hashing resolves the extension schema under an empty search path (0.704959ms)
✔ expand and contract migrations preserve an explicit mixed-revision overlap (0.760667ms)
✔ company-access onboarding is atomic, replay-safe, tenant-isolated, and phase-reversible (14159.4255ms)
✔ company-year admission is one atomic executor-only evidence graph (2.308083ms)
✔ admission validates every immutable active document and capability digest (1.334375ms)
✔ manifest digest, durable snapshot, and change control stay one exact boundary (2.006334ms)
✔ post-admission rechecks append a current safety gate and preserve export (0.80375ms)
✔ admission evidence is append-only, tenant concealed, and browser inaccessible (1.004125ms)
✔ admission command receipts are actor-bound and permit exact replay only (0.65175ms)
✔ #196 legal evidence rollback fails closed twice, preserves evidence, and recuts over (38.7005ms)
✔ current legal evidence is reconciled without rewriting history (1.151917ms)
✔ rollback preserves evidence and fails closed (0.363667ms)
✔ feedback fixture cleanup preserves primary and returned Supabase errors (2.2215ms)
✔ creates private, constrained feedback metadata and durable reconciliation state (0.870917ms)
✔ uses explicit least privilege grants and owner/operator read policies (1.3925ms)
✔ recording validates exact relationships and the deterministic private key (0.493791ms)
✔ change-only reconciliation events are serialized and expose safe diagnostics only (0.5555ms)
✔ backfills and atomically claims only an exact valid succeeded confirmation reference (0.902834ms)
✔ rollback revokes functions first and restores only feature-owned schema and storage policy changes (0.481834ms)
✔ local Supabase exposes read-only RLS metadata and service-only mutation RPCs (26.203ms)
✔ local Supabase recovers confirmed submissions and limits feedback data to authorized readers (1451.434292ms)
✔ Supabase authenticated workspace persists owner data and denies outsider (3468.443083ms)
✔ #200 exposes only executor-owned support functions and exact case-bound RLS policies (61.879ms)
✔ #200 generated cases fail closed, read without writes, and bind deletion review to an opened case (141.807875ms)
✔ #200 rollback fails closed, preserves evidence, is repeatable, and recuts over (52.671084ms)
✔ support grants use generated case IDs, enums, exact scopes, and bounded windows (1.271125ms)
✔ command receipts bind canonical SHA-256 fingerprints and reject operation reuse (0.532625ms)
✔ authorization requires exact opened case, company, scope, operator, time, revocation, and fresh MFA (0.375875ms)
✔ the exact support resource surface is policy-bound and malformed storage paths fail closed (1.215542ms)
✔ support tables and RPCs are backend-executor only (0.548833ms)
✔ grant and revoke are admin plus fresh-MFA commands while open/read are operator plus fresh-MFA (0.410417ms)
✔ GET is a bounded read projection and only POST open creates opening/audit/receipt evidence (0.427708ms)
✔ the generated support contract requires the exact typed 18-resource projection (1.168583ms)
✔ deletion review and reconciliation require the exact support case (0.474959ms)
✔ active web and backend adapters have no customer-directory support search or direct business reads (0.339375ms)
✔ rollback disables support without restoring standing operator access or deleting evidence (0.199375ms)
ℹ tests 62
ℹ suites 0
ℹ pass 62
ℹ fail 0
ℹ cancelled 0
ℹ skipped 0
ℹ todo 0
ℹ duration_ms 38370.044083

> talli-repository@0.1.0 test:browser-owner
> node --test --test-concurrency=1 tests/browser_fixture_safety.test.mjs tests/browser_process_lifecycle.test.mjs tests/browser_company_onboarding.mjs tests/browser_owner_annual_loop.mjs

✔ a verified AAL1 owner completes accessible, fail-closed company onboarding through FastAPI (39477.973208ms)
✔ Supabase browser fixtures only accept loopback URLs (0.805417ms)
✔ browser database fixtures only accept loopback PostgreSQL URLs (0.108458ms)
✔ owner browser harness stops before remote fixture creation (355.39075ms)
✔ owner browser harness rejects a remote database mixed with local Supabase (318.68175ms)
✔ browser owner annual loop uses persisted state and survives reload (18850.464375ms)
✔ readiness rejects when its owned process exits before an unrelated listener responds (59.400667ms)
✔ an unrelated ready listener cannot satisfy a live child without its bind proof (44.105625ms)
✔ readiness failure tears down a live owned process (43.700083ms)
✔ a listener that never responds cannot outlive the readiness deadline (110.59225ms)
✔ a ready owned process is terminated and cleanup is idempotent (91.193667ms)
✔ forced process cleanup has a final timeout and tolerates an undefined handle (11.607625ms)
✔ partial setup cleanup closes the database and removes only known resources (0.387458ms)
✔ browser owner cleanup removes tracked sources before company and user (0.756209ms)
✔ browser owner cleanup removes every tracked company before the shared owner (0.456042ms)
✔ browser owner cleanup preserves source failure and continues independent cleanup (0.263458ms)
✔ browser owner cleanup removes immutable corporate and production filing graphs (285.699375ms)
ℹ tests 17
ℹ suites 0
ℹ pass 17
ℹ fail 0
ℹ cancelled 0
ℹ skipped 0
ℹ todo 0
ℹ duration_ms 60517.695458

> talli-repository@0.1.0 test:ledger-hosted-migration-authority
> node --test tests/ledger_hosted_migration_authority.test.mjs

✔ hosted non-super migrator rehearses contract, rollback, recutover, and failed authority cleanup (199.582041ms)
ℹ tests 1
ℹ suites 0
ℹ pass 1
ℹ fail 0
ℹ cancelled 0
ℹ skipped 0
ℹ todo 0
ℹ duration_ms 309.605333
Using workdir /var/folders/xh/8bj3tmcx7gs4j0qxzkcf9rw00000gn/T//talli-supabase-local.qVBySw
 gateway Skipped - Image is already present locally
 api Skipped - Image is already present locally
 auth Skipped - Image is already present locally
 db Skipped - Image is already present locally
 storage Skipped - Image is already present locally
Starting database...
Initialising schema...
Seeding globals from roles.sql...
Applying migration 0001_authenticated_workspace.sql...
NOTICE (42710): extension "pgcrypto" already exists, skipping
NOTICE (42701): column "status_text" of relation "companies" already exists, skipping
NOTICE (42701): column "address" of relation "companies" already exists, skipping
NOTICE (42701): column "postal_code" of relation "companies" already exists, skipping
NOTICE (42701): column "city" of relation "companies" already exists, skipping
NOTICE (42701): column "source" of relation "companies" already exists, skipping
NOTICE (42701): column "created_by" of relation "companies" already exists, skipping
NOTICE (42701): column "identity_confirmed_at" of relation "companies" already exists, skipping
NOTICE (42701): column "identity_locked_at" of relation "companies" already exists, skipping
NOTICE (42701): column "created_at" of relation "companies" already exists, skipping
NOTICE (42701): column "accepted_at" of relation "company_memberships" already exists, skipping
NOTICE (42701): column "created_at" of relation "company_memberships" already exists, skipping
NOTICE (42701): column "status" of relation "company_cancellations" already exists, skipping
NOTICE (42701): column "reason" of relation "company_cancellations" already exists, skipping
NOTICE (42701): column "evidence" of relation "company_cancellations" already exists, skipping
NOTICE (42701): column "requested_by" of relation "company_cancellations" already exists, skipping
NOTICE (42701): column "requested_at" of relation "company_cancellations" already exists, skipping
NOTICE (42701): column "reviewed_by" of relation "company_cancellations" already exists, skipping
NOTICE (42701): column "reviewed_at" of relation "company_cancellations" already exists, skipping
NOTICE (42701): column "deleted_by" of relation "company_cancellations" already exists, skipping
NOTICE (42701): column "deleted_at" of relation "company_cancellations" already exists, skipping
NOTICE (42701): column "updated_at" of relation "company_cancellations" already exists, skipping
NOTICE (42701): column "risk_flags" of relation "ledger_entries" already exists, skipping
NOTICE (42701): column "warning_accepted_by" of relation "ledger_entries" already exists, skipping
NOTICE (42701): column "warning_accepted_at" of relation "ledger_entries" already exists, skipping
NOTICE (42701): column "movements" of relation "investment_positions" already exists, skipping
NOTICE (42701): column "adapter_mode" of relation "filing_submissions" already exists, skipping
NOTICE (42701): column "payload_hash" of relation "filing_submissions" already exists, skipping
NOTICE (42701): column "idempotency_key" of relation "filing_submissions" already exists, skipping
NOTICE (42701): column "submitted_by" of relation "filing_submissions" already exists, skipping
NOTICE (42701): column "feedback_items" of relation "filing_submissions" already exists, skipping
NOTICE (42701): column "receipt_metadata" of relation "filing_submissions" already exists, skipping
NOTICE (42701): column "submitted_payload_ref" of relation "filing_submissions" already exists, skipping
NOTICE (42701): column "submitted_payload" of relation "filing_submissions" already exists, skipping
NOTICE (42701): column "refund_completed" of relation "billing_accounts" already exists, skipping
NOTICE (42701): column "provider_customer_ref" of relation "billing_accounts" already exists, skipping
NOTICE (42701): column "subscription_provider_ref" of relation "billing_accounts" already exists, skipping
NOTICE (42701): column "filing_package_payment_ref" of relation "billing_accounts" already exists, skipping
NOTICE (42701): column "refund_provider_ref" of relation "billing_accounts" already exists, skipping
NOTICE (00000): policy "owners can create companies" for relation "public.companies" does not exist, skipping
NOTICE (00000): policy "company members can read companies" for relation "public.companies" does not exist, skipping
NOTICE (00000): policy "active operators can read own operator grant" for relation "public.support_operators" does not exist, skipping
NOTICE (00000): policy "active operators can read launch signoffs" for relation "public.launch_signoffs" does not exist, skipping
NOTICE (00000): policy "admin operators can create launch signoffs" for relation "public.launch_signoffs" does not exist, skipping
NOTICE (00000): policy "admin operators can update launch signoffs" for relation "public.launch_signoffs" does not exist, skipping
NOTICE (00000): policy "owners can lock their new company identity" for relation "public.companies" does not exist, skipping
NOTICE (00000): policy "users can read their memberships" for relation "public.company_memberships" does not exist, skipping
NOTICE (00000): policy "company creator can add owner membership" for relation "public.company_memberships" does not exist, skipping
NOTICE (00000): policy "owners can invite company members" for relation "public.company_memberships" does not exist, skipping
NOTICE (00000): policy "owners can update their own membership acceptance" for relation "public.company_memberships" does not exist, skipping
NOTICE (00000): policy "invited users can accept company memberships" for relation "public.company_memberships" does not exist, skipping
NOTICE (00000): policy "owners and invitees can read company invitations" for relation "public.company_invitations" does not exist, skipping
NOTICE (00000): policy "owners can create company invitations" for relation "public.company_invitations" does not exist, skipping
NOTICE (00000): policy "owners and invitees can update company invitations" for relation "public.company_invitations" does not exist, skipping
NOTICE (00000): policy "owners can read notification outbox" for relation "public.notification_outbox" does not exist, skipping
NOTICE (00000): policy "owners can create notification outbox rows" for relation "public.notification_outbox" does not exist, skipping
NOTICE (00000): policy "company members can read audit events" for relation "public.audit_events" does not exist, skipping
NOTICE (00000): policy "support operators can read audit events" for relation "public.audit_events" does not exist, skipping
NOTICE (00000): policy "company members can create audit events for themselves" for relation "public.audit_events" does not exist, skipping
NOTICE (00000): policy "company members can read cancellation state" for relation "public.company_cancellations" does not exist, skipping
NOTICE (00000): policy "support operators can read cancellation state" for relation "public.company_cancellations" does not exist, skipping
NOTICE (00000): policy "owners can request cancellation" for relation "public.company_cancellations" does not exist, skipping
NOTICE (00000): policy "owners can update cancellation request" for relation "public.company_cancellations" does not exist, skipping
NOTICE (00000): policy "users can read their own step up events" for relation "public.step_up_events" does not exist, skipping
NOTICE (00000): policy "users can create their own step up events" for relation "public.step_up_events" does not exist, skipping
NOTICE (00000): policy "company members can read document metadata" for relation "public.documents" does not exist, skipping
NOTICE (00000): policy "owners can create document metadata" for relation "public.documents" does not exist, skipping
NOTICE (00000): policy "company members can read company document objects" for relation "storage.objects" does not exist, skipping
NOTICE (00000): policy "owners can upload company document objects" for relation "storage.objects" does not exist, skipping
NOTICE (00000): policy "company members can read opening balance setups" for relation "public.opening_balance_setups" does not exist, skipping
NOTICE (00000): policy "owners can create opening balance setups" for relation "public.opening_balance_setups" does not exist, skipping
NOTICE (00000): policy "company members can read period locks" for relation "public.period_locks" does not exist, skipping
NOTICE (00000): policy "owners can create period locks" for relation "public.period_locks" does not exist, skipping
NOTICE (00000): policy "company members can read annual data" for relation "public.annual_data" does not exist, skipping
NOTICE (00000): policy "owners can create annual data" for relation "public.annual_data" does not exist, skipping
NOTICE (00000): policy "owners can update annual data" for relation "public.annual_data" does not exist, skipping
NOTICE (00000): policy "company members can read opening shareholders" for relation "public.opening_shareholders" does not exist, skipping
NOTICE (00000): policy "owners can create opening shareholders" for relation "public.opening_shareholders" does not exist, skipping
NOTICE (00000): policy "company members can read ledger entries" for relation "public.ledger_entries" does not exist, skipping
NOTICE (00000): policy "owners can create ledger entries" for relation "public.ledger_entries" does not exist, skipping
NOTICE (00000): policy "company members can read bank transactions" for relation "public.bank_transactions" does not exist, skipping
NOTICE (00000): policy "owners can create bank transactions" for relation "public.bank_transactions" does not exist, skipping
NOTICE (00000): policy "owners can update bank transactions" for relation "public.bank_transactions" does not exist, skipping
NOTICE (00000): policy "company members can read holding actions" for relation "public.holding_actions" does not exist, skipping
NOTICE (00000): policy "owners can create holding actions" for relation "public.holding_actions" does not exist, skipping
NOTICE (00000): policy "company members can read investment positions" for relation "public.investment_positions" does not exist, skipping
NOTICE (00000): policy "owners can create investment positions" for relation "public.investment_positions" does not exist, skipping
NOTICE (00000): policy "owners can update investment positions" for relation "public.investment_positions" does not exist, skipping
NOTICE (00000): policy "company members can read filing previews" for relation "public.filing_previews" does not exist, skipping
NOTICE (00000): policy "owners can create filing previews" for relation "public.filing_previews" does not exist, skipping
NOTICE (00000): policy "company members can read filing submissions" for relation "public.filing_submissions" does not exist, skipping
NOTICE (00000): policy "support operators can read filing submissions" for relation "public.filing_submissions" does not exist, skipping
NOTICE (00000): policy "owners can create filing submissions" for relation "public.filing_submissions" does not exist, skipping
NOTICE (00000): policy "owners can update filing submissions" for relation "public.filing_submissions" does not exist, skipping
NOTICE (00000): policy "company members can read filing overrides" for relation "public.filing_overrides" does not exist, skipping
NOTICE (00000): policy "owners can create filing overrides" for relation "public.filing_overrides" does not exist, skipping
NOTICE (00000): policy "company members can read filing readiness snapshots" for relation "public.filing_readiness_snapshots" does not exist, skipping
NOTICE (00000): policy "support operators can read filing readiness snapshots" for relation "public.filing_readiness_snapshots" does not exist, skipping
NOTICE (00000): policy "owners can create filing readiness snapshots" for relation "public.filing_readiness_snapshots" does not exist, skipping
NOTICE (00000): policy "owners can update filing readiness snapshots" for relation "public.filing_readiness_snapshots" does not exist, skipping
NOTICE (00000): policy "company members can read filing review comments" for relation "public.filing_review_comments" does not exist, skipping
NOTICE (00000): policy "company members can read billing accounts" for relation "public.billing_accounts" does not exist, skipping
NOTICE (00000): policy "support operators can read billing accounts" for relation "public.billing_accounts" does not exist, skipping
NOTICE (00000): policy "owners can create billing accounts" for relation "public.billing_accounts" does not exist, skipping
NOTICE (00000): policy "owners can update billing accounts" for relation "public.billing_accounts" does not exist, skipping
NOTICE (00000): policy "company members can read billing payment events" for relation "public.billing_payment_events" does not exist, skipping
NOTICE (00000): policy "support operators can read billing payment events" for relation "public.billing_payment_events" does not exist, skipping
NOTICE (00000): policy "owners can create billing payment events" for relation "public.billing_payment_events" does not exist, skipping
NOTICE (00000): policy "company members can read authority permissions" for relation "public.authority_permissions" does not exist, skipping
NOTICE (00000): policy "support operators can read authority permissions" for relation "public.authority_permissions" does not exist, skipping
NOTICE (00000): policy "owners can create authority permissions" for relation "public.authority_permissions" does not exist, skipping
NOTICE (00000): policy "owners can update authority permissions" for relation "public.authority_permissions" does not exist, skipping
NOTICE (00000): policy "company members can read authority test runs" for relation "public.authority_test_runs" does not exist, skipping
NOTICE (00000): policy "support operators can read authority test runs" for relation "public.authority_test_runs" does not exist, skipping
NOTICE (00000): policy "owners can create authority test runs" for relation "public.authority_test_runs" does not exist, skipping
NOTICE (00000): policy "owners and reviewers can create filing review comments" for relation "public.filing_review_comments" does not exist, skipping
NOTICE (00000): policy "owners can acknowledge filing review comments" for relation "public.filing_review_comments" does not exist, skipping
Applying migration 0002_fifo_investment_lots.sql...
NOTICE (00000): constraint "investment_positions_lot_history_status_check" of relation "investment_positions" does not exist, skipping
NOTICE (00000): policy "company members can read investment lots" for relation "public.investment_lots" does not exist, skipping
NOTICE (00000): policy "company members can read investment lot allocations" for relation "public.investment_lot_allocations" does not exist, skipping
NOTICE (00000): trigger "holding_actions_require_investment_rpc" for relation "public.holding_actions" does not exist, skipping
Applying migration 0003_bank_rule_suggestions.sql...
NOTICE (00000): policy "company members can read bank suggestion acceptances" for relation "public.bank_suggestion_acceptances" does not exist, skipping
Applying migration 0004_corporate_document_artifacts.sql...
NOTICE (00000): trigger "prevent_corporate_accounting_policies_mutation" for relation "public.corporate_accounting_policies" does not exist, skipping
NOTICE (00000): trigger "prevent_corporate_decisions_mutation" for relation "public.corporate_decisions" does not exist, skipping
NOTICE (00000): trigger "prevent_corporate_document_sets_mutation" for relation "public.corporate_document_sets" does not exist, skipping
NOTICE (00000): trigger "prevent_corporate_document_artifacts_mutation" for relation "public.corporate_document_artifacts" does not exist, skipping
NOTICE (00000): trigger "prevent_corporate_document_events_mutation" for relation "public.corporate_document_events" does not exist, skipping
NOTICE (00000): trigger "prevent_corporate_decision_finalizations_mutation" for relation "public.corporate_decision_finalizations" does not exist, skipping
NOTICE (00000): policy "company members can read corporate decisions" for relation "public.corporate_decisions" does not exist, skipping
NOTICE (00000): policy "company members can read corporate document sets" for relation "public.corporate_document_sets" does not exist, skipping
NOTICE (00000): policy "company members can read corporate document artifacts" for relation "public.corporate_document_artifacts" does not exist, skipping
NOTICE (00000): policy "company members can read corporate document events" for relation "public.corporate_document_events" does not exist, skipping
NOTICE (00000): policy "company members can read corporate decision finalizations" for relation "public.corporate_decision_finalizations" does not exist, skipping
Applying migration 0005_company_tax_feedback_persistence.sql...
NOTICE (00000): constraint "filing_submissions_authority_mode_shape_check" of relation "filing_submissions" does not exist, skipping
NOTICE (00000): index "authority_test_runs_evidence_identity_key" does not exist, skipping
Applying migration 20260714081443_explicit_data_api_grants.sql...
Applying migration 20260715084507_trusted_aal2_boundary.sql...
Applying migration 20260715120700_revoke_anonymous_mutation_rpcs.sql...
Applying migration 20260715143000_retention_safe_document_removal.sql...
NOTICE (00000): policy "owners can delete removed unlinked document objects" for relation "storage.objects" does not exist, skipping
Applying migration 20260715180000_controlled_production_beta.sql...
NOTICE (00000): policy "company members read production pilot entitlements" for relation "public.production_pilot_entitlements" does not exist, skipping
NOTICE (00000): policy "company members read filing approval snapshots" for relation "public.filing_approval_snapshots" does not exist, skipping
NOTICE (00000): policy "company members read production filing submissions" for relation "public.production_filing_submissions" does not exist, skipping
NOTICE (00000): policy "company members read production filing events" for relation "public.production_filing_events" does not exist, skipping
NOTICE (00000): policy "active operators read production pilot entitlements" for relation "public.production_pilot_entitlements" does not exist, skipping
NOTICE (00000): policy "active operators read filing approval snapshots" for relation "public.filing_approval_snapshots" does not exist, skipping
NOTICE (00000): policy "active operators read production filing submissions" for relation "public.production_filing_submissions" does not exist, skipping
NOTICE (00000): policy "active operators read production filing events" for relation "public.production_filing_events" does not exist, skipping
Applying migration 20260716110000_authority_operations.sql...
NOTICE (00000): policy "active admin operators read authority operations" for relation "public.authority_operations" does not exist, skipping
Applying migration 20260716125903_rf1086_system_user_requests.sql...
NOTICE (00000): constraint "system_user_requests_confirm_url_check" of relation "system_user_requests" does not exist, skipping
NOTICE (00000): constraint "system_user_requests_confirm_url_canonical" of relation "system_user_requests" does not exist, skipping
NOTICE (00000): policy "system_user_requests_owner_read" for relation "public.system_user_requests" does not exist, skipping
NOTICE (00000): policy "system_user_requests_operator_read" for relation "public.system_user_requests" does not exist, skipping
NOTICE (00000): constraint "production_pilot_entitlements_verified_request_required" of relation "production_pilot_entitlements" does not exist, skipping
Applying migration 20260716140100_rf1086_systemregister_callback_operation.sql...
Applying migration 20260716155621_rf1086_feedback_reconciliation.sql...
NOTICE (00000): policy "production_feedback_artifacts_owner_read" for relation "public.production_feedback_artifacts" does not exist, skipping
NOTICE (00000): policy "production_feedback_artifacts_operator_read" for relation "public.production_feedback_artifacts" does not exist, skipping
Applying migration 20260717110000_customer_agreement_acceptances.sql...
NOTICE (00000): trigger "prevent_customer_agreement_acceptance_mutation" for relation "public.customer_agreement_acceptances" does not exist, skipping
NOTICE (00000): policy "company members can read customer agreement acceptances" for relation "public.customer_agreement_acceptances" does not exist, skipping
Applying migration 20260717113000_restrict_customer_agreement_creation.sql...
Applying migration 20260717120000_existing_company_agreement_reacceptance.sql...
Applying migration 20260719090000_add_annual_full_time_equivalents.sql...
NOTICE (42701): column "annual_full_time_equivalents" of relation "annual_data" already exists, skipping
Applying migration 20260801090000_company_access_invitations.sql...
NOTICE (00000): policy "members and accepted owners can read company memberships" for relation "public.company_memberships" does not exist, skipping
NOTICE (00000): policy "company access commands read companies" for relation "public.companies" does not exist, skipping
NOTICE (00000): policy "company access commands read invitations" for relation "public.company_invitations" does not exist, skipping
NOTICE (00000): policy "company access commands create invitations" for relation "public.company_invitations" does not exist, skipping
NOTICE (00000): policy "company access commands update invitations" for relation "public.company_invitations" does not exist, skipping
NOTICE (00000): policy "company access commands read memberships" for relation "public.company_memberships" does not exist, skipping
NOTICE (00000): policy "company access commands accept memberships" for relation "public.company_memberships" does not exist, skipping
NOTICE (00000): policy "company access commands update memberships" for relation "public.company_memberships" does not exist, skipping
NOTICE (00000): policy "company access commands remove memberships" for relation "public.company_memberships" does not exist, skipping
NOTICE (00000): policy "company access commands read receipts" for relation "public.company_access_command_receipts" does not exist, skipping
NOTICE (00000): policy "company access recovery reads own receipts" for relation "public.company_access_command_receipts" does not exist, skipping
NOTICE (00000): policy "company access recovery updates own receipts" for relation "public.company_access_command_receipts" does not exist, skipping
NOTICE (00000): policy "company access recovery reads own membership" for relation "public.company_memberships" does not exist, skipping
NOTICE (00000): policy "company access recovery reads own audit evidence" for relation "public.audit_events" does not exist, skipping
NOTICE (00000): policy "company access recovery reads own delivery evidence" for relation "public.notification_outbox" does not exist, skipping
NOTICE (00000): policy "company access recovery creates own delivery evidence" for relation "public.notification_outbox" does not exist, skipping
NOTICE (00000): policy "company access commands create receipts" for relation "public.company_access_command_receipts" does not exist, skipping
NOTICE (00000): policy "company access commands clear receipt tokens" for relation "public.company_access_command_receipts" does not exist, skipping
WARNING (01006): no privileges could be revoked for "company_access_create_invitation"
WARNING (01006): no privileges could be revoked for "company_access_lookup_invitation"
WARNING (01006): no privileges could be revoked for "company_access_accept_invitation"
WARNING (01006): no privileges could be revoked for "company_access_revoke_invitation"
WARNING (01006): no privileges could be revoked for "company_access_resend_invitation"
WARNING (01006): no privileges could be revoked for "company_access_administer_membership"
WARNING (01006): no privileges could be revoked for "company_access_pending_invitation_side_effects"
WARNING (01006): no privileges could be revoked for "company_access_complete_invitation_side_effect"
WARNING (01007): no privileges were granted for "company_access_create_invitation"
WARNING (01007): no privileges were granted for "company_access_lookup_invitation"
WARNING (01007): no privileges were granted for "company_access_accept_invitation"
WARNING (01007): no privileges were granted for "company_access_revoke_invitation"
WARNING (01007): no privileges were granted for "company_access_resend_invitation"
WARNING (01007): no privileges were granted for "company_access_administer_membership"
WARNING (01007): no privileges were granted for "company_access_pending_invitation_side_effects"
WARNING (01007): no privileges were granted for "company_access_complete_invitation_side_effect"
Applying migration 20260808120000_company_access_cancellation_lifecycle.sql...
NOTICE (00000): policy "legacy cancellation hides superseded rows" for relation "public.company_cancellations" does not exist, skipping
NOTICE (00000): trigger "company_archive_track_companies" for relation "public.companies" does not exist, skipping
NOTICE (00000): trigger "company_archive_track_opening_balance_setups" for relation "public.opening_balance_setups" does not exist, skipping
NOTICE (00000): trigger "company_archive_track_opening_shareholders" for relation "public.opening_shareholders" does not exist, skipping
NOTICE (00000): trigger "company_archive_track_ledger_entries" for relation "public.ledger_entries" does not exist, skipping
NOTICE (00000): trigger "company_archive_track_documents" for relation "public.documents" does not exist, skipping
NOTICE (00000): trigger "company_archive_track_filing_previews" for relation "public.filing_previews" does not exist, skipping
NOTICE (00000): trigger "company_archive_track_filing_submissions" for relation "public.filing_submissions" does not exist, skipping
NOTICE (00000): trigger "company_archive_track_holding_actions" for relation "public.holding_actions" does not exist, skipping
NOTICE (00000): trigger "company_archive_track_billing_accounts" for relation "public.billing_accounts" does not exist, skipping
NOTICE (00000): trigger "company_archive_track_authority_permissions" for relation "public.authority_permissions" does not exist, skipping
NOTICE (00000): trigger "company_archive_track_authority_test_runs" for relation "public.authority_test_runs" does not exist, skipping
NOTICE (00000): trigger "company_archive_track_filing_review_comments" for relation "public.filing_review_comments" does not exist, skipping
NOTICE (00000): trigger "company_archive_track_audit_events" for relation "public.audit_events" does not exist, skipping
NOTICE (00000): trigger "company_archive_track_investment_positions" for relation "public.investment_positions" does not exist, skipping
NOTICE (00000): trigger "company_archive_track_investment_lots" for relation "public.investment_lots" does not exist, skipping
NOTICE (00000): trigger "company_archive_track_investment_lot_allocations" for relation "public.investment_lot_allocations" does not exist, skipping
NOTICE (00000): trigger "company_archive_track_bank_suggestion_acceptances" for relation "public.bank_suggestion_acceptances" does not exist, skipping
NOTICE (00000): trigger "company_archive_track_corporate_decisions" for relation "public.corporate_decisions" does not exist, skipping
NOTICE (00000): trigger "company_archive_track_corporate_document_sets" for relation "public.corporate_document_sets" does not exist, skipping
NOTICE (00000): trigger "company_archive_track_corporate_document_artifacts" for relation "public.corporate_document_artifacts" does not exist, skipping
NOTICE (00000): trigger "company_archive_track_corporate_document_events" for relation "public.corporate_document_events" does not exist, skipping
NOTICE (00000): trigger "company_archive_track_corporate_decision_finalizations" for relation "public.corporate_decision_finalizations" does not exist, skipping
NOTICE (00000): policy "company access commands read cancellations" for relation "public.company_cancellations" does not exist, skipping
NOTICE (00000): policy "company access commands create cancellations" for relation "public.company_cancellations" does not exist, skipping
NOTICE (00000): policy "company access commands update cancellations" for relation "public.company_cancellations" does not exist, skipping
NOTICE (00000): policy "company access members read deletion reviews" for relation "public.company_deletion_reviews" does not exist, skipping
NOTICE (00000): policy "company access commands append deletion reviews" for relation "public.company_deletion_reviews" does not exist, skipping
NOTICE (00000): policy "company access lifecycle reads documents" for relation "public.documents" does not exist, skipping
NOTICE (00000): policy "company access lifecycle appends audit evidence" for relation "public.audit_events" does not exist, skipping
NOTICE (00000): policy "company access lifecycle updates company marker" for relation "public.companies" does not exist, skipping
WARNING (01006): no privileges could be revoked for "company_access_request_cancellation"
WARNING (01006): no privileges could be revoked for "company_access_resume_cancellation"
WARNING (01006): no privileges could be revoked for "company_access_review_deletion"
WARNING (01006): no privileges could be revoked for "company_access_finalize_deletion"
WARNING (01006): no privileges could be revoked for "company_access_list_cancellations"
WARNING (01006): no privileges could be revoked for "company_access_reconcile_cancellation_operation"
WARNING (01007): no privileges were granted for "company_access_request_cancellation"
WARNING (01007): no privileges were granted for "company_access_resume_cancellation"
WARNING (01007): no privileges were granted for "company_access_review_deletion"
WARNING (01007): no privileges were granted for "company_access_finalize_deletion"
WARNING (01007): no privileges were granted for "company_access_list_cancellations"
WARNING (01007): no privileges were granted for "company_access_reconcile_cancellation_operation"
Applying migration 20260826095900_company_access_policy_schema.sql...
Applying migration 20260826100000_company_access_onboarding.sql...
NOTICE (00000): policy "company access backend reads own operator grant" for relation "public.support_operators" does not exist, skipping
NOTICE (00000): policy "company access onboarding creates companies" for relation "public.companies" does not exist, skipping
NOTICE (00000): policy "company access onboarding creates owner membership" for relation "public.company_memberships" does not exist, skipping
NOTICE (00000): policy "company access reads agreement evidence" for relation "public.customer_agreement_acceptances" does not exist, skipping
NOTICE (00000): policy "company access appends current agreement evidence" for relation "public.customer_agreement_acceptances" does not exist, skipping
Applying migration 20260826110000_company_year_admission.sql...
Applying migration 20260827100000_ledger_capability.sql...
NOTICE (00000): trigger "ledger_entries_enforce_boundary" for relation "ledger.entries" does not exist, skipping
NOTICE (00000): constraint "ledger_entries_source_capability_check" of relation "entries" does not exist, skipping
NOTICE (00000): trigger "ledger_entries_enforce_boundary" for relation "ledger.entries" does not exist, skipping
NOTICE (00000): role "postgres" has already been granted membership in role "company_access_executor" by role "postgres"
WARNING (01006): no privileges could be revoked for "company_access_company_year_allows_consequential_v1"
WARNING (01007): no privileges were granted for "company_access_company_year_allows_consequential_v1"
WARNING (01007): no privileges were granted for "company_access_company_year_allows_consequential_v1"
NOTICE (00000): policy "ledger workflow reads receipts" for relation "backend_system.ledger_workflow_receipts" does not exist, skipping
NOTICE (00000): policy "ledger workflow appends receipts" for relation "backend_system.ledger_workflow_receipts" does not exist, skipping
NOTICE (00000): policy "ledger workflow creates opening setups" for relation "public.opening_balance_setups" does not exist, skipping
NOTICE (00000): policy "ledger workflow reads opening setups" for relation "public.opening_balance_setups" does not exist, skipping
NOTICE (00000): policy "ledger workflow creates opening shareholders" for relation "public.opening_shareholders" does not exist, skipping
NOTICE (00000): policy "ledger workflow reads opening shareholders" for relation "public.opening_shareholders" does not exist, skipping
NOTICE (00000): policy "ledger store reads entries" for relation "ledger.entries" does not exist, skipping
NOTICE (00000): policy "ledger store posts entries" for relation "ledger.entries" does not exist, skipping
NOTICE (00000): policy "ledger store reads period locks" for relation "ledger.period_locks" does not exist, skipping
NOTICE (00000): policy "ledger store creates period locks" for relation "ledger.period_locks" does not exist, skipping
NOTICE (00000): policy "ledger store reads command receipts" for relation "backend_system.ledger_command_receipts" does not exist, skipping
NOTICE (00000): policy "ledger store appends command receipts" for relation "backend_system.ledger_command_receipts" does not exist, skipping
NOTICE (00000): trigger "ledger_command_receipts_immutable" for relation "backend_system.ledger_command_receipts" does not exist, skipping
NOTICE (00000): trigger "ledger_workflow_receipts_immutable" for relation "backend_system.ledger_workflow_receipts" does not exist, skipping
NOTICE (00000): trigger "ledger_cursor_signing_keys_immutable" for relation "backend_system.ledger_cursor_signing_keys" does not exist, skipping
NOTICE (00000): trigger "ledger_migration_source_rows_immutable" for relation "backend_system.ledger_migration_source_rows" does not exist, skipping
NOTICE (00000): trigger "ledger_migration_quarantine_immutable" for relation "backend_system.ledger_migration_quarantine" does not exist, skipping
NOTICE (00000): trigger "ledger_migration_reconciliations_immutable" for relation "backend_system.ledger_migration_reconciliations" does not exist, skipping
NOTICE (00000): trigger "ledger_entries_legacy_insert" for relation "public.ledger_entries" does not exist, skipping
WARNING (01000): role "postgres" has not been granted membership in role "company_access_executor" by role "postgres"
Applying migration 20260827100500_ledger_writer_coordinators.sql...
Applying migration 20260827101000_ledger_full_year_reconstruction.sql...
Applying migration 20260827102000_ledger_supported_patterns.sql...
NOTICE (00000): policy "ledger store reads entry contexts" for relation "ledger.entry_contexts" does not exist, skipping
NOTICE (00000): policy "ledger store records entry contexts" for relation "ledger.entry_contexts" does not exist, skipping
NOTICE (00000): policy "ledger store reads entry sources" for relation "ledger.entry_sources" does not exist, skipping
NOTICE (00000): policy "ledger store records entry sources" for relation "ledger.entry_sources" does not exist, skipping
NOTICE (00000): trigger "ledger_entry_contexts_immutable" for relation "ledger.entry_contexts" does not exist, skipping
NOTICE (00000): trigger "ledger_entry_sources_immutable" for relation "ledger.entry_sources" does not exist, skipping
Applying migration 20260827103000_ledger_corrections.sql...
NOTICE (00000): policy "ledger store reads entry corrections" for relation "ledger.entry_corrections" does not exist, skipping
NOTICE (00000): policy "ledger store records entry corrections" for relation "ledger.entry_corrections" does not exist, skipping
NOTICE (00000): trigger "ledger_entry_corrections_immutable" for relation "ledger.entry_corrections" does not exist, skipping
Applying migration 20260827104000_ledger_company_year_close.sql...
NOTICE (00000): constraint "reconstruction_assessments_ledger_state_digest_check" of relation "reconstruction_assessments" does not exist, skipping
NOTICE (00000): policy "ledger store reads company year close locks" for relation "ledger.company_year_close_locks" does not exist, skipping
NOTICE (00000): policy "ledger store records company year close locks" for relation "ledger.company_year_close_locks" does not exist, skipping
NOTICE (00000): policy "ledger store reads company year close assessments" for relation "ledger.company_year_close_assessments" does not exist, skipping
NOTICE (00000): policy "ledger store records company year close assessments" for relation "ledger.company_year_close_assessments" does not exist, skipping
NOTICE (00000): policy "ledger store reads company year close evidence" for relation "ledger.company_year_close_evidence" does not exist, skipping
NOTICE (00000): policy "ledger store records company year close evidence" for relation "ledger.company_year_close_evidence" does not exist, skipping
NOTICE (00000): policy "ledger store reads company year close reporting outputs" for relation "ledger.company_year_close_reporting_outputs" does not exist, skipping
NOTICE (00000): policy "ledger store records company year close reporting outputs" for relation "ledger.company_year_close_reporting_outputs" does not exist, skipping
NOTICE (00000): trigger "reconstruction_assessments_bind_ledger_state" for relation "ledger.reconstruction_assessments" does not exist, skipping
NOTICE (00000): trigger "ledger_company_year_close_locks_immutable" for relation "ledger.company_year_close_locks" does not exist, skipping
NOTICE (00000): trigger "ledger_company_year_close_assessments_immutable" for relation "ledger.company_year_close_assessments" does not exist, skipping
NOTICE (00000): trigger "ledger_company_year_close_evidence_immutable" for relation "ledger.company_year_close_evidence" does not exist, skipping
NOTICE (00000): trigger "ledger_company_year_close_reporting_outputs_immutable" for relation "ledger.company_year_close_reporting_outputs" does not exist, skipping
Applying migration 20260827105000_ledger_received_dividend_lifecycle.sql...
NOTICE (00000): policy "ledger store reads received dividend decisions" for relation "ledger.received_dividend_decisions" does not exist, skipping
NOTICE (00000): policy "ledger store records received dividend decisions" for relation "ledger.received_dividend_decisions" does not exist, skipping
NOTICE (00000): policy "ledger store reads received dividend settlements" for relation "ledger.received_dividend_settlements" does not exist, skipping
NOTICE (00000): policy "ledger store records received dividend settlements" for relation "ledger.received_dividend_settlements" does not exist, skipping
NOTICE (00000): trigger "ledger_received_dividend_decisions_immutable" for relation "ledger.received_dividend_decisions" does not exist, skipping
NOTICE (00000): trigger "ledger_received_dividend_settlements_immutable" for relation "ledger.received_dividend_settlements" does not exist, skipping
Applying migration 20260827106000_ledger_bank_loan_lifecycle.sql...
NOTICE (00000): policy "ledger store reads bank loan anchors" for relation "ledger.bank_loan_anchors" does not exist, skipping
NOTICE (00000): policy "ledger store records bank loan anchors" for relation "ledger.bank_loan_anchors" does not exist, skipping
NOTICE (00000): policy "ledger store reads bank loan payment allocations" for relation "ledger.bank_loan_payment_allocations" does not exist, skipping
NOTICE (00000): policy "ledger store records bank loan payment allocations" for relation "ledger.bank_loan_payment_allocations" does not exist, skipping
NOTICE (00000): trigger "ledger_bank_loan_anchors_immutable" for relation "ledger.bank_loan_anchors" does not exist, skipping
NOTICE (00000): trigger "ledger_bank_loan_payment_allocations_immutable" for relation "ledger.bank_loan_payment_allocations" does not exist, skipping
Applying migration 20260827107000_ledger_cash_capital_increase_lifecycle.sql...
NOTICE (00000): policy "ledger store reads cash capital increase phases" for relation "ledger.cash_capital_increase_phases" does not exist, skipping
NOTICE (00000): policy "ledger store records cash capital increase phases" for relation "ledger.cash_capital_increase_phases" does not exist, skipping
NOTICE (00000): trigger "ledger_cash_capital_increase_phases_immutable" for relation "ledger.cash_capital_increase_phases" does not exist, skipping
Applying migration 20260827108000_ledger_loss_coverage_capital_reduction_lifecycle.sql...
NOTICE (00000): policy "ledger store reads loss coverage capital reduction phases" for relation "ledger.loss_coverage_capital_reduction_phases" does not exist, skipping
NOTICE (00000): policy "ledger store records loss coverage capital reduction phases" for relation "ledger.loss_coverage_capital_reduction_phases" does not exist, skipping
NOTICE (00000): trigger "ledger_loss_coverage_capital_reduction_phases_immutable" for relation "ledger.loss_coverage_capital_reduction_phases" does not exist, skipping
Applying migration 20260827109000_ledger_opening_position_rebuild.sql...
NOTICE (00000): policy "ledger store reads opening position rebuilds" for relation "ledger.opening_position_rebuilds" does not exist, skipping
NOTICE (00000): policy "ledger store records opening position rebuilds" for relation "ledger.opening_position_rebuilds" does not exist, skipping
NOTICE (00000): policy "ledger store reads opening position components" for relation "ledger.opening_position_components" does not exist, skipping
NOTICE (00000): policy "ledger store records opening position components" for relation "ledger.opening_position_components" does not exist, skipping
NOTICE (00000): policy "ledger store reads opening position component sources" for relation "ledger.opening_position_component_sources" does not exist, skipping
NOTICE (00000): policy "ledger store records opening position component sources" for relation "ledger.opening_position_component_sources" does not exist, skipping
NOTICE (00000): policy "ledger store reads opening dividend settlements" for relation "ledger.opening_received_dividend_settlements" does not exist, skipping
NOTICE (00000): policy "ledger store records opening dividend settlements" for relation "ledger.opening_received_dividend_settlements" does not exist, skipping
NOTICE (00000): trigger "ledger_bank_loan_basis_collision" for relation "ledger.bank_loan_anchors" does not exist, skipping
NOTICE (00000): trigger "ledger_opening_bank_loan_basis_collision" for relation "ledger.opening_position_components" does not exist, skipping
NOTICE (00000): trigger "ledger_bank_loan_payment_basis" for relation "ledger.bank_loan_payment_allocations" does not exist, skipping
NOTICE (00000): trigger "ledger_opening_position_rebuilds_immutable" for relation "ledger.opening_position_rebuilds" does not exist, skipping
NOTICE (00000): trigger "ledger_opening_position_components_immutable" for relation "ledger.opening_position_components" does not exist, skipping
NOTICE (00000): trigger "ledger_opening_position_component_sources_immutable" for relation "ledger.opening_position_component_sources" does not exist, skipping
NOTICE (00000): trigger "ledger_opening_received_dividend_settlements_immutable" for relation "ledger.opening_received_dividend_settlements" does not exist, skipping
Applying migration 20260827109100_ledger_opening_position_acceptance.sql...
Applying migration 20260827109200_ledger_reconstruction_economic_facts.sql...
NOTICE (42701): column "fact" of relation "reconstruction_economic_facts" already exists, skipping
NOTICE (00000): policy "ledger store reads reconstruction economic fact sets" for relation "ledger.reconstruction_economic_fact_sets" does not exist, skipping
NOTICE (00000): policy "ledger store records reconstruction economic fact sets" for relation "ledger.reconstruction_economic_fact_sets" does not exist, skipping
NOTICE (00000): policy "ledger store reads reconstruction economic facts" for relation "ledger.reconstruction_economic_facts" does not exist, skipping
NOTICE (00000): policy "ledger store records reconstruction economic facts" for relation "ledger.reconstruction_economic_facts" does not exist, skipping
NOTICE (00000): trigger "reconstruction_economic_fact_sets_immutable" for relation "ledger.reconstruction_economic_fact_sets" does not exist, skipping
NOTICE (00000): trigger "reconstruction_economic_facts_immutable" for relation "ledger.reconstruction_economic_facts" does not exist, skipping
Applying migration 20260827109300_ledger_close_output_economic_facts.sql...
NOTICE (00000): constraint "ledger_close_output_economic_facts_digest_valid" of relation "company_year_close_reporting_outputs" does not exist, skipping
NOTICE (00000): trigger "ledger_company_year_close_output_bind_economic_facts" for relation "ledger.company_year_close_reporting_outputs" does not exist, skipping
Applying migration 20260827109400_ledger_reconstruction_source_evidence.sql...
NOTICE (00000): policy "ledger store reads reconstruction source evidence sets" for relation "ledger.reconstruction_source_evidence_sets" does not exist, skipping
NOTICE (00000): policy "ledger store records reconstruction source evidence sets" for relation "ledger.reconstruction_source_evidence_sets" does not exist, skipping
NOTICE (00000): policy "ledger store reads reconstruction source evidence bindings" for relation "ledger.reconstruction_source_evidence_bindings" does not exist, skipping
NOTICE (00000): policy "ledger store records reconstruction source evidence bindings" for relation "ledger.reconstruction_source_evidence_bindings" does not exist, skipping
NOTICE (00000): trigger "reconstruction_source_evidence_sets_immutable" for relation "ledger.reconstruction_source_evidence_sets" does not exist, skipping
NOTICE (00000): trigger "reconstruction_source_evidence_bindings_immutable" for relation "ledger.reconstruction_source_evidence_bindings" does not exist, skipping
Applying migration 20260828100000_banking_capability.sql...
NOTICE (42P06): schema "backend_system" already exists, skipping
NOTICE (00000): trigger "banking_migration_runs_immutable" for relation "backend_system.banking_migration_runs" does not exist, skipping
NOTICE (00000): trigger "banking_migration_source_rows_immutable" for relation "backend_system.banking_migration_source_rows" does not exist, skipping
NOTICE (00000): trigger "banking_migration_reconciliations_immutable" for relation "backend_system.banking_migration_reconciliations" does not exist, skipping
NOTICE (00000): trigger "bank_transactions_sync_to_banking" for relation "public.bank_transactions" does not exist, skipping
NOTICE (00000): trigger "banking_transactions_sync_to_legacy" for relation "banking.transactions" does not exist, skipping
NOTICE (00000): trigger "bank_acceptances_sync_to_banking" for relation "public.bank_suggestion_acceptances" does not exist, skipping
NOTICE (00000): trigger "banking_migration_runs_immutable" for relation "backend_system.banking_migration_runs" does not exist, skipping
NOTICE (00000): trigger "banking_migration_source_rows_immutable" for relation "backend_system.banking_migration_source_rows" does not exist, skipping
NOTICE (00000): trigger "banking_migration_reconciliations_immutable" for relation "backend_system.banking_migration_reconciliations" does not exist, skipping
NOTICE (00000): policy "banking store reads transactions" for relation "banking.transactions" does not exist, skipping
NOTICE (00000): policy "banking store creates transactions" for relation "banking.transactions" does not exist, skipping
NOTICE (00000): policy "banking store updates transactions" for relation "banking.transactions" does not exist, skipping
NOTICE (00000): policy "banking store reads acceptances" for relation "banking.suggestion_acceptances" does not exist, skipping
NOTICE (00000): policy "banking store creates acceptances" for relation "banking.suggestion_acceptances" does not exist, skipping
Applying migration 20260828100500_banking_workflows.sql...
NOTICE (00000): policy "banking store reads command receipts" for relation "backend_system.banking_command_receipts" does not exist, skipping
NOTICE (00000): policy "banking store appends command receipts" for relation "backend_system.banking_command_receipts" does not exist, skipping
NOTICE (00000): trigger "banking_command_receipts_immutable" for relation "backend_system.banking_command_receipts" does not exist, skipping
WARNING (01007): no privileges were granted for "company_access_company_year_allows_consequential_v1"
Applying migration 20260828100600_banking_overlap_trigger_policy.sql...
NOTICE (00000): policy "banking overlap mirrors legacy transactions" for relation "banking.transactions" does not exist, skipping
NOTICE (00000): policy "banking overlap mirrors legacy acceptances" for relation "banking.suggestion_acceptances" does not exist, skipping
NOTICE (00000): policy "banking overlap mirrors canonical transactions" for relation "public.bank_transactions" does not exist, skipping
NOTICE (00000): policy "banking overlap mirrors canonical acceptances" for relation "public.bank_suggestion_acceptances" does not exist, skipping
NOTICE (00000): trigger "banking_acceptances_sync_to_legacy" for relation "banking.suggestion_acceptances" does not exist, skipping
NOTICE (00000): policy "banking workflow appends audit events" for relation "public.audit_events" does not exist, skipping
Applying migration 20260828102000_banking_connections.sql...
Applying migration 20260828103000_marketing_funnel_measurement.sql...
NOTICE (42P06): schema "backend_system" already exists, skipping
Applying migration 20260829070411_marketing_measurement_small_cell_threshold.sql...
Applying migration 20260829074916_validation_observation_authority.sql...
NOTICE (42P06): schema "backend_system" already exists, skipping
Applying migration 20260829080345_marketing_measurement_consent_proof.sql...
Applying migration 20260830091341_case_bound_support_access.sql...
NOTICE (42701): column "request_fingerprint" of relation "support_access_operation_receipts" already exists, skipping
NOTICE (00000): policy "support_access_grants_executor_select" for relation "public.support_access_grants" does not exist, skipping
NOTICE (00000): policy "support_access_grants_executor_insert" for relation "public.support_access_grants" does not exist, skipping
NOTICE (00000): policy "support_access_grants_executor_update" for relation "public.support_access_grants" does not exist, skipping
NOTICE (00000): policy "support_access_receipts_executor" for relation "public.support_access_operation_receipts" does not exist, skipping
NOTICE (00000): policy "support_case_openings_executor" for relation "public.support_case_openings" does not exist, skipping
NOTICE (00000): policy "support_case_read_audit_events" for relation "public.audit_events" does not exist, skipping
NOTICE (00000): policy "support_case_read_filing_submissions" for relation "public.filing_submissions" does not exist, skipping
NOTICE (00000): policy "support_case_read_filing_readiness" for relation "public.filing_readiness_snapshots" does not exist, skipping
NOTICE (00000): policy "support_case_read_billing_accounts" for relation "public.billing_accounts" does not exist, skipping
NOTICE (00000): policy "support_case_read_billing_events" for relation "public.billing_payment_events" does not exist, skipping
NOTICE (00000): policy "support_case_read_authority_permissions" for relation "public.authority_permissions" does not exist, skipping
NOTICE (00000): policy "support_case_read_authority_runs" for relation "public.authority_test_runs" does not exist, skipping
NOTICE (00000): policy "support_case_read_system_user_requests" for relation "public.system_user_requests" does not exist, skipping
NOTICE (00000): policy "support_case_read_pilot_entitlements" for relation "public.production_pilot_entitlements" does not exist, skipping
NOTICE (00000): policy "support_case_read_approval_snapshots" for relation "public.filing_approval_snapshots" does not exist, skipping
NOTICE (00000): policy "support_case_read_production_submissions" for relation "public.production_filing_submissions" does not exist, skipping
NOTICE (00000): policy "support_case_read_production_events" for relation "public.production_filing_events" does not exist, skipping
NOTICE (00000): policy "support_case_read_feedback_artifacts" for relation "public.production_feedback_artifacts" does not exist, skipping
NOTICE (00000): policy "support_case_read_documents" for relation "public.documents" does not exist, skipping
NOTICE (00000): policy "support_case_read_storage_objects" for relation "storage.objects" does not exist, skipping
NOTICE (00000): trigger "company_access_bind_deletion_review_case" for relation "public.company_access_command_receipts" does not exist, skipping
NOTICE (00000): trigger "company_access_copy_review_case" for relation "public.company_deletion_reviews" does not exist, skipping
Applying migration 20260830093000_current_legal_evidence.sql...
Starting containers...
Waiting for health checks...
Started supabase local development setup.

Local dev security notice
All services bind to 0.0.0.0 (network-accessible, not just localhost)
API keys and JWT secrets are shared defaults. Do not use in production
Studio, pgMeta (/pg/*), and analytics have no authentication

A new version of Supabase CLI is available: v2.116.0 (currently installed v2.109.1)
We recommend updating regularly for new features and bug fixes: https://supabase.com/docs/guides/cli/getting-started#updating-the-supabase-cli
Using workdir /var/folders/xh/8bj3tmcx7gs4j0qxzkcf9rw00000gn/T//talli-supabase-local.qVBySw
Stopped services: [supabase_inbucket_tallig39372 supabase_realtime_tallig39372 supabase_imgproxy_tallig39372 supabase_pg_meta_tallig39372 supabase_studio_tallig39372 supabase_edge_runtime_tallig39372 supabase_analytics_tallig39372 supabase_vector_tallig39372 supabase_pooler_tallig39372]
A new version of Supabase CLI is available: v2.116.0 (currently installed v2.109.1)
We recommend updating regularly for new features and bug fixes: https://supabase.com/docs/guides/cli/getting-started#updating-the-supabase-cli
Using workdir /var/folders/xh/8bj3tmcx7gs4j0qxzkcf9rw00000gn/T//talli-supabase-local.qVBySw
Stopped services: [supabase_inbucket_tallig39372 supabase_realtime_tallig39372 supabase_imgproxy_tallig39372 supabase_pg_meta_tallig39372 supabase_studio_tallig39372 supabase_edge_runtime_tallig39372 supabase_analytics_tallig39372 supabase_vector_tallig39372 supabase_pooler_tallig39372]
A new version of Supabase CLI is available: v2.116.0 (currently installed v2.109.1)
We recommend updating regularly for new features and bug fixes: https://supabase.com/docs/guides/cli/getting-started#updating-the-supabase-cli
Using workdir /var/folders/xh/8bj3tmcx7gs4j0qxzkcf9rw00000gn/T//talli-supabase-local.qVBySw
A new version of Supabase CLI is available: v2.116.0 (currently installed v2.109.1)
We recommend updating regularly for new features and bug fixes: https://supabase.com/docs/guides/cli/getting-started#updating-the-supabase-cli
[database-isolation] exit=0
[database-isolation] durationMs=218601

[whitespace] command=bash scripts/check-clean-worktree.sh
[whitespace] exit=0
[whitespace] durationMs=68

executedAt=2026-08-31T06:29:20.976Z
verdict=pass
