customer-ready-release-gate revision=c8a8f3dd79ebe990136bda63bcfc126432104d6d
startedAt=2026-09-10T13:12:58.970Z

[schema-setup] command=git clone --depth 1 --branch v1.62.47 https://github.com/Skatteetaten/skattemeldingen.git
Cloning into '/var/folders/xh/8bj3tmcx7gs4j0qxzkcf9rw00000gn/T/talli-customer-ready-gate-mtupuh/skattemeldingen'...
warning: refs/tags/v1.62.47 980e1eab4d0de1e6582adc4fde9be029d55c4694 is not a commit!
Note: switching to '7ac8c6a32238dd0d53e7ac01a6949bb3376f2bba'.

You are in 'detached HEAD' state. You can look around, make experimental
changes and commit them, and you can discard any commits you make in this
state without impacting any branches by switching back to a branch.

If you want to create a new branch to retain commits you create, you may
do so (now or later) by using -c with the switch command. Example:

  git switch -c <new-branch-name>

Or undo this operation with:

  git switch -

Turn off this advice by setting config variable advice.detachedHead to false
[schema-setup] exit=0
[schema-setup] durationMs=24241

[credential-scan] command=npm run test:credential-scan

> talli-repository@0.1.0 test:credential-scan
> node --test tests/committed_credentials.test.mjs && node scripts/check-committed-credentials.mjs

✔ the credential scanner scans its own clean repository without matching itself (312.025667ms)
✔ the credential scanner rejects a tracked source credential (179.139666ms)
ℹ tests 2
ℹ suites 0
ℹ pass 2
ℹ fail 0
ℹ cancelled 0
ℹ skipped 0
ℹ todo 0
ℹ duration_ms 539.65625
[credential-scan] exit=0
[credential-scan] durationMs=1001

[typecheck] command=npm run typecheck

> talli-repository@0.1.0 typecheck
> npm --prefix apps/web run typecheck


> talli-web@0.1.0 typecheck
> tsc --noEmit
[typecheck] exit=0
[typecheck] durationMs=4848

[architecture] command=npm run check:architecture

> talli-repository@0.1.0 check:architecture
> node scripts/check-architecture.mjs --write-evidence && git diff --exit-code -- architecture/dependency-evidence.json

{
  "edges": [
    {
      "from": "backend-system:accounting-document-lifecycle",
      "imports": [
        "talli_backend.modules.documents.public"
      ],
      "kind": "workflow",
      "to": "backend:documents"
    },
    {
      "from": "backend-system:annual-agreement-cleanup",
      "imports": [
        "talli_backend.modules.billing.public"
      ],
      "kind": "workflow",
      "to": "backend:billing"
    },
    {
      "from": "backend-system:annual-billing-reads-and-cancellation",
      "imports": [
        "talli_backend.modules.billing.public"
      ],
      "kind": "workflow",
      "to": "backend:billing"
    },
    {
      "from": "backend-system:annual-billing-support",
      "imports": [
        "talli_backend.modules.billing.public"
      ],
      "kind": "workflow",
      "to": "backend:billing"
    },
    {
      "from": "backend-system:annual-provider-notification-intake",
      "imports": [
        "talli_backend.modules.billing.public"
      ],
      "kind": "workflow",
      "to": "backend:billing"
    },
    {
      "from": "backend-system:annual-refund-recovery",
      "imports": [
        "talli_backend.modules.billing.public"
      ],
      "kind": "workflow",
      "to": "backend:billing"
    },
    {
      "from": "backend-system:annual-support-agreement-cleanup-recovery",
      "imports": [
        "talli_backend.modules.billing.public"
      ],
      "kind": "workflow",
      "to": "backend:billing"
    },
    {
      "from": "backend-system:annual-support-refund-recovery",
      "imports": [
        "talli_backend.modules.billing.public"
      ],
      "kind": "workflow",
      "to": "backend:billing"
    },
    {
      "from": "backend-system:authority-connections-owner-lifecycle",
      "imports": [
        "talli_backend.modules.authority_connections.public"
      ],
      "kind": "workflow",
      "to": "backend:authority_connections"
    },
    {
      "from": "backend-system:authority-connections-owner-lifecycle",
      "imports": [
        "talli_backend.modules.company_access.public"
      ],
      "kind": "workflow",
      "to": "backend:company_access"
    },
    {
      "from": "backend-system:authority-connections-state",
      "imports": [
        "talli_backend.modules.authority_connections.public"
      ],
      "kind": "workflow",
      "to": "backend:authority_connections"
    },
    {
      "from": "backend-system:authority-connections-state",
      "imports": [
        "talli_backend.modules.billing.public"
      ],
      "kind": "workflow",
      "to": "backend:billing"
    },
    {
      "from": "backend-system:authority-operations",
      "imports": [
        "talli_backend.modules.authority_connections.public"
      ],
      "kind": "workflow",
      "to": "backend:authority_connections"
    },
    {
      "from": "backend-system:banking-reconciliation",
      "imports": [
        "talli_backend.modules.banking.public"
      ],
      "kind": "workflow",
      "to": "backend:banking"
    },
    {
      "from": "backend-system:billing-and-filing-entitlement",
      "imports": [
        "talli_backend.modules.billing.public"
      ],
      "kind": "workflow",
      "to": "backend:billing"
    },
    {
      "from": "backend-system:company-access-administration",
      "imports": [
        "talli_backend.modules.company_access.public"
      ],
      "kind": "workflow",
      "to": "backend:company_access"
    },
    {
      "from": "backend-system:company-access-context",
      "imports": [
        "talli_backend.modules.company_access.public"
      ],
      "kind": "workflow",
      "to": "backend:company_access"
    },
    {
      "from": "backend-system:company-access-onboarding-and-support",
      "imports": [
        "talli_backend.modules.company_access.public"
      ],
      "kind": "workflow",
      "to": "backend:company_access"
    },
    {
      "from": "backend-system:company-year-eligibility-and-admission",
      "imports": [
        "talli_backend.modules.company_access.public"
      ],
      "kind": "workflow",
      "to": "backend:company_access"
    },
    {
      "from": "backend-system:corporate-governance",
      "imports": [
        "talli_backend.modules.banking.public"
      ],
      "kind": "workflow",
      "to": "backend:banking"
    },
    {
      "from": "backend-system:corporate-governance",
      "imports": [
        "talli_backend.modules.company_access.public"
      ],
      "kind": "workflow",
      "to": "backend:company_access"
    },
    {
      "from": "backend-system:corporate-governance",
      "imports": [
        "talli_backend.modules.corporate_governance.public"
      ],
      "kind": "workflow",
      "to": "backend:corporate_governance"
    },
    {
      "from": "backend-system:corporate-governance",
      "imports": [
        "talli_backend.modules.documents.public"
      ],
      "kind": "workflow",
      "to": "backend:documents"
    },
    {
      "from": "backend-system:corporate-governance",
      "imports": [
        "talli_backend.modules.ledger.public"
      ],
      "kind": "workflow",
      "to": "backend:ledger"
    },
    {
      "from": "backend-system:investment-activity",
      "imports": [
        "talli_backend.modules.banking.public"
      ],
      "kind": "workflow",
      "to": "backend:banking"
    },
    {
      "from": "backend-system:investment-activity",
      "imports": [
        "talli_backend.modules.investments.public"
      ],
      "kind": "workflow",
      "to": "backend:investments"
    },
    {
      "from": "backend-system:investment-activity",
      "imports": [
        "talli_backend.modules.ledger.public"
      ],
      "kind": "workflow",
      "to": "backend:ledger"
    },
    {
      "from": "backend-system:launch-signoff-records",
      "imports": [
        "talli_backend.modules.company_access.public"
      ],
      "kind": "workflow",
      "to": "backend:company_access"
    },
    {
      "from": "backend-system:ledger-posting-and-period-control",
      "imports": [
        "talli_backend.modules.ledger.public"
      ],
      "kind": "workflow",
      "to": "backend:ledger"
    },
    {
      "from": "backend-system:marketing-funnel-measurement",
      "imports": [
        "talli_backend.modules.marketing_measurement.public"
      ],
      "kind": "workflow",
      "to": "backend-system:marketing_measurement"
    },
    {
      "from": "backend-system:new-year-start",
      "imports": [
        "talli_backend.modules.ledger.public"
      ],
      "kind": "workflow",
      "to": "backend:ledger"
    },
    {
      "from": "backend-system:new-year-start",
      "imports": [
        "talli_backend.modules.shareholder_register_filing.public"
      ],
      "kind": "workflow",
      "to": "backend:shareholder_register_filing"
    },
    {
      "from": "backend-system:passive-validation-observation",
      "imports": [
        "talli_backend.modules.validation_observation.public"
      ],
      "kind": "workflow",
      "to": "backend-system:validation_observation"
    },
    {
      "from": "backend-system:shareholder-register-filing",
      "imports": [
        "talli_backend.modules.billing.public"
      ],
      "kind": "workflow",
      "to": "backend:billing"
    },
    {
      "from": "backend-system:shareholder-register-filing",
      "imports": [
        "talli_backend.modules.company_access.public"
      ],
      "kind": "workflow",
      "to": "backend:company_access"
    },
    {
      "from": "backend-system:shareholder-register-filing",
      "imports": [
        "talli_backend.modules.documents.public"
      ],
      "kind": "workflow",
      "to": "backend:documents"
    },
    {
      "from": "backend-system:shareholder-register-filing",
      "imports": [
        "talli_backend.modules.shareholder_register_filing.public"
      ],
      "kind": "workflow",
      "to": "backend:shareholder_register_filing"
    },
    {
      "from": "backend-system:system-boundary-tracer",
      "imports": [
        "talli_backend.modules.system_boundary.public"
      ],
      "kind": "workflow",
      "to": "backend-system:system_boundary"
    }
  ],
  "generatedBy": "scripts/check-architecture.mjs",
  "modules": [
    "backend-system:marketing_measurement",
    "backend-system:system_boundary",
    "backend-system:validation_observation",
    "backend:authority_connections",
    "backend:banking",
    "backend:billing",
    "backend:company_access",
    "backend:corporate_governance",
    "backend:documents",
    "backend:investments",
    "backend:ledger",
    "backend:shareholder_register_filing",
    "web:authority-connections",
    "web:banking",
    "web:billing",
    "web:company-access",
    "web:corporate-governance",
    "web:documents",
    "web:investments",
    "web:ledger",
    "web:operator-controls",
    "web:public-acquisition",
    "web:shareholder-register-filing",
    "web:system-boundary"
  ],
  "schemaVersion": "1.0",
  "technicalOwnership": [
    {
      "owner": "backend-system",
      "table": "annual_notification_inbox.receipts"
    },
    {
      "owner": "backend-system",
      "table": "backend_system.annual_checkout_observation_work"
    },
    {
      "owner": "backend-system",
      "table": "backend_system.authority_connections_overlap_grants"
    },
    {
      "owner": "backend-system",
      "table": "backend_system.banking_command_receipts"
    },
    {
      "owner": "backend-system",
      "table": "backend_system.banking_migration_reconciliations"
    },
    {
      "owner": "backend-system",
      "table": "backend_system.banking_migration_runs"
    },
    {
      "owner": "backend-system",
      "table": "backend_system.banking_migration_source_rows"
    },
    {
      "owner": "backend-system",
      "table": "backend_system.ledger_command_receipts"
    },
    {
      "owner": "backend-system",
      "table": "backend_system.ledger_cursor_signing_keys"
    },
    {
      "owner": "backend-system",
      "table": "backend_system.ledger_migration_quarantine"
    },
    {
      "owner": "backend-system",
      "table": "backend_system.ledger_migration_reconciliations"
    },
    {
      "owner": "backend-system",
      "table": "backend_system.ledger_migration_runs"
    },
    {
      "owner": "backend-system",
      "table": "backend_system.ledger_migration_source_rows"
    },
    {
      "owner": "backend-system",
      "table": "backend_system.ledger_workflow_receipts"
    },
    {
      "owner": "backend-system",
      "table": "backend_system.marketing_consent_actions"
    },
    {
      "owner": "backend-system",
      "table": "backend_system.marketing_funnel_events"
    },
    {
      "owner": "backend-system",
      "table": "backend_system.marketing_funnel_withdrawals"
    },
    {
      "owner": "backend-system",
      "table": "backend_system.marketing_measurement_releases"
    },
    {
      "owner": "backend-system",
      "table": "backend_system.validation_observation_control"
    },
    {
      "owner": "backend-system",
      "table": "backend_system.validation_observations"
    },
    {
      "owner": "backend-system",
      "table": "backend_system.validation_pilot_entitlements"
    },
    {
      "owner": "backend-system",
      "table": "backend_system.validation_reviewers"
    },
    {
      "owner": "backend-system",
      "table": "backend_system.validation_runs"
    },
    {
      "owner": "backend-system",
      "table": "billing.billing_command_receipts"
    },
    {
      "owner": "backend-system",
      "table": "public.company_access_command_receipts"
    },
    {
      "owner": "backend-system",
      "table": "public.launch_signoffs"
    },
    {
      "owner": "backend-system",
      "table": "public.notification_outbox"
    },
    {
      "owner": "backend-system",
      "table": "shareholder_register_filing.migration_inventory"
    },
    {
      "owner": "backend-system",
      "table": "shareholder_register_filing.migration_quarantine"
    },
    {
      "owner": "backend-system",
      "table": "shareholder_register_filing.migration_state"
    }
  ]
}
[architecture] exit=0
[architecture] durationMs=14686

[boundary] command=npm run test:boundary

> talli-repository@0.1.0 test:boundary
> npm run test:boundary-backend && npm run test:boundary-web && npm run test:boundary-contract


> talli-repository@0.1.0 test:boundary-backend
> uv run --project apps/backend pytest -c apps/backend/pyproject.toml apps/backend/tests -m "not billing_database and not authority_database"

============================= test session starts ==============================
platform darwin -- Python 3.12.11, pytest-8.4.1, pluggy-1.6.0
rootdir: /Users/kristianelmer/.codex/worktrees/d060/Holding accounting/apps/backend
configfile: pyproject.toml
plugins: anyio-4.14.2
collected 3642 items / 829 deselected / 2813 selected

apps/backend/tests/test_altinn_authority_operations.py ................. [  0%]
........................................................................ [  3%]
.......................                                                  [  3%]
apps/backend/tests/test_altinn_system_user.py .......................... [  4%]
........................................................................ [  7%]
...............                                                          [  7%]
apps/backend/tests/test_annual_billing_api.py .......................... [  8%]
...............                                                          [  9%]
apps/backend/tests/test_annual_billing_policy.py ....................... [ 10%]
................                                                         [ 10%]
apps/backend/tests/test_annual_billing_runtime_configuration.py ........ [ 11%]
...................................                                      [ 12%]
apps/backend/tests/test_annual_checkout_api.py ......................... [ 13%]
..........................                                               [ 14%]
apps/backend/tests/test_annual_checkout_reconciliation_cli.py .......... [ 14%]
.................                                                        [ 15%]
apps/backend/tests/test_annual_checkout_service.py ..................... [ 15%]
..............................                                           [ 16%]
apps/backend/tests/test_annual_cleanup_api.py .......................... [ 17%]
.......                                                                  [ 18%]
apps/backend/tests/test_annual_cleanup_service.py ...................... [ 18%]
.............                                                            [ 19%]
apps/backend/tests/test_annual_notification_intake.py .................. [ 20%]
...........                                                              [ 20%]
apps/backend/tests/test_annual_observation_service.py .................. [ 21%]
........                                                                 [ 21%]
apps/backend/tests/test_annual_refund_recovery_api.py .................. [ 21%]
...                                                                      [ 22%]
apps/backend/tests/test_annual_refund_recovery_service.py .............. [ 22%]
...........                                                              [ 22%]
apps/backend/tests/test_annual_refund_service.py ....................... [ 23%]
...............................                                          [ 24%]
apps/backend/tests/test_annual_refund_targets_api.py ................    [ 25%]
apps/backend/tests/test_annual_support_api.py .................          [ 26%]
apps/backend/tests/test_annual_support_cleanup_api.py .................. [ 26%]
.......                                                                  [ 26%]
apps/backend/tests/test_annual_support_cleanup_service.py .............. [ 27%]
..............                                                           [ 27%]
apps/backend/tests/test_annual_support_refund_recovery_api.py .......... [ 28%]
..................                                                       [ 28%]
apps/backend/tests/test_annual_support_refund_recovery_service.py ...... [ 29%]
...................                                                      [ 29%]
apps/backend/tests/test_annual_support_refund_targets_api.py ........... [ 30%]
......                                                                   [ 30%]
apps/backend/tests/test_authority_callback_transport.py ...........      [ 30%]
apps/backend/tests/test_authority_connections_api.py .................   [ 31%]
apps/backend/tests/test_authority_connections_service.py ............... [ 31%]
.................................                                        [ 33%]
apps/backend/tests/test_authority_connections_state_workflow.py .....    [ 33%]
apps/backend/tests/test_authority_filing_tools.py ...................... [ 34%]
......................................................                   [ 36%]
apps/backend/tests/test_authority_filing_transports.py ................. [ 36%]
.............................................                            [ 38%]
apps/backend/tests/test_authority_operations.py ........................ [ 39%]
.....                                                                    [ 39%]
apps/backend/tests/test_authority_operations_api.py ............         [ 39%]
apps/backend/tests/test_authority_tool_grant.py ........................ [ 40%]
...........                                                              [ 40%]
apps/backend/tests/test_authority_tool_rf1086.py ....................... [ 41%]
.....................                                                    [ 42%]
apps/backend/tests/test_banking.py ..........                            [ 42%]
apps/backend/tests/test_banking_api.py ....                              [ 42%]
apps/backend/tests/test_banking_connections_api.py ..                    [ 43%]
apps/backend/tests/test_banking_consent.py ....                          [ 43%]
apps/backend/tests/test_banking_file_fallback.py .....                   [ 43%]
apps/backend/tests/test_banking_file_workflow.py .                       [ 43%]
apps/backend/tests/test_banking_provider_adapters.py ....                [ 43%]
apps/backend/tests/test_banking_provider_contract.py ...                 [ 43%]
apps/backend/tests/test_banking_public_contract.py ..                    [ 43%]
apps/backend/tests/test_banking_sync.py ....                             [ 43%]
apps/backend/tests/test_banking_workflow.py .                            [ 43%]
apps/backend/tests/test_billing.py ............                          [ 44%]
apps/backend/tests/test_billing_api.py ......                            [ 44%]
apps/backend/tests/test_billing_equivalence.py ......................... [ 45%]
................                                                         [ 46%]
apps/backend/tests/test_billing_provider.py .....                        [ 46%]
apps/backend/tests/test_company_access.py .............................. [ 47%]
....                                                                     [ 47%]
apps/backend/tests/test_company_cancellation_lifecycle.py .............. [ 47%]
...........                                                              [ 48%]
apps/backend/tests/test_company_eligibility.py ......................... [ 49%]
................................                                         [ 50%]
apps/backend/tests/test_company_onboarding.py ....................       [ 51%]
apps/backend/tests/test_company_onboarding_migration.py ...              [ 51%]
apps/backend/tests/test_company_support_access.py .....                  [ 51%]
apps/backend/tests/test_corporate_governance.py ....................     [ 52%]
apps/backend/tests/test_corporate_governance_api.py .........            [ 52%]
apps/backend/tests/test_corporate_governance_public_contract.py ...      [ 52%]
apps/backend/tests/test_corporate_governance_supported_events.py ....... [ 52%]
..........                                                               [ 53%]
apps/backend/tests/test_corporate_governance_workflow.py ............... [ 53%]
.                                                                        [ 53%]
apps/backend/tests/test_documents.py ............                        [ 54%]
apps/backend/tests/test_documents_api.py ...                             [ 54%]
apps/backend/tests/test_investments.py .......................           [ 54%]
apps/backend/tests/test_investments_api.py .............                 [ 55%]
apps/backend/tests/test_investments_public_contract.py ...               [ 55%]
apps/backend/tests/test_investments_supported_patterns.py .............. [ 56%]
.........                                                                [ 56%]
apps/backend/tests/test_investments_workflow.py ..........               [ 56%]
apps/backend/tests/test_launch_signoffs_api.py ............              [ 57%]
apps/backend/tests/test_ledger.py ..........................             [ 58%]
apps/backend/tests/test_ledger_api.py .......................            [ 58%]
apps/backend/tests/test_ledger_company_year_close.py ................... [ 59%]
                                                                         [ 59%]
apps/backend/tests/test_ledger_corrections.py ...........                [ 59%]
apps/backend/tests/test_ledger_full_year_reconstruction.py ............  [ 60%]
apps/backend/tests/test_ledger_opening_bank_input.py ............        [ 60%]
apps/backend/tests/test_ledger_public_contract.py ........               [ 61%]
apps/backend/tests/test_ledger_supported_patterns.py ................... [ 61%]
.............................................                            [ 63%]
apps/backend/tests/test_ledger_workflow.py .......                       [ 63%]
apps/backend/tests/test_legacy_billing_retirement.py ................... [ 64%]
.............                                                            [ 64%]
apps/backend/tests/test_legacy_rf1086_api.py ....................        [ 65%]
apps/backend/tests/test_marketing_measurement_api.py ........            [ 65%]
apps/backend/tests/test_maskinporten.py ................................ [ 66%]
.....................................                                    [ 68%]
apps/backend/tests/test_new_year_opening.py ........                     [ 68%]
apps/backend/tests/test_postgres_authority_connections.py ......         [ 68%]
apps/backend/tests/test_postgres_shareholder_register_filing.py ........ [ 68%]
....................                                                     [ 69%]
apps/backend/tests/test_rf1086_archive_source.py ....................... [ 70%]
.....                                                                    [ 70%]
apps/backend/tests/test_rf1086_authority.py ............................ [ 71%]
........................................................................ [ 74%]
.........................                                                [ 75%]
apps/backend/tests/test_rf1086_cli_equivalence.py .................      [ 75%]
apps/backend/tests/test_rf1086_offline_equivalence.py .................. [ 76%]
....                                                                     [ 76%]
apps/backend/tests/test_rf1086_preparation.py .......................... [ 77%]
.........................                                                [ 78%]
apps/backend/tests/test_rf1086_rule_equivalence.py ..................... [ 79%]
.......                                                                  [ 79%]
apps/backend/tests/test_rf1086_source_facts.py ......................... [ 80%]
................                                                         [ 80%]
apps/backend/tests/test_shareholder_register_filing_api.py ............. [ 81%]
........................................................................ [ 83%]
.......................                                                  [ 84%]
apps/backend/tests/test_shareholder_register_filing_contract.py ...      [ 84%]
apps/backend/tests/test_shareholder_register_filing_production.py ...... [ 84%]
........................................................................ [ 87%]
................................................................         [ 89%]
apps/backend/tests/test_supabase_banking.py ............                 [ 90%]
apps/backend/tests/test_supabase_corporate_governance.py ...........     [ 90%]
apps/backend/tests/test_supabase_documents.py .....                      [ 90%]
apps/backend/tests/test_supabase_investments.py ...............          [ 91%]
apps/backend/tests/test_supabase_ledger.py ............................. [ 92%]
......................................................                   [ 94%]
apps/backend/tests/test_supabase_marketing_measurement.py s              [ 94%]
apps/backend/tests/test_supabase_validation_observation.py s             [ 94%]
apps/backend/tests/test_system_boundary.py ......                        [ 94%]
apps/backend/tests/test_validation_observation.py .................      [ 95%]
apps/backend/tests/test_vipps_billing.py ............................... [ 96%]
.......................                                                  [ 97%]
apps/backend/tests/test_vipps_mt_conformance_runner.py ................. [ 97%]
...........................................                              [ 99%]
apps/backend/tests/test_vipps_webhook.py .......................         [100%]

========= 2811 passed, 2 skipped, 829 deselected in 169.31s (0:02:49) ==========

> talli-repository@0.1.0 test:boundary-web
> node --experimental-strip-types --test apps/web/tests/system-boundary-presentation.test.mjs apps/web/tests/banking-presentation.test.mjs apps/web/tests/banking-connection-presentation.test.mjs apps/web/tests/company-access-presentation.test.mjs apps/web/tests/company-access-administration.test.mjs apps/web/tests/company-access-cancellation.test.mjs apps/web/tests/company-access-onboarding.test.mjs apps/web/tests/company-access-stage-exit.test.mjs apps/web/tests/company-access-action-recovery.test.mjs apps/web/tests/company-eligibility.test.mjs apps/web/tests/company-year-eligibility-gate.test.mjs apps/web/tests/corporate-governance-draft-lifecycle.test.mjs apps/web/tests/corporate-governance-presentation.test.mjs apps/web/tests/corporate-governance-transport.test.mjs apps/web/tests/documents-presentation.test.mjs apps/web/tests/investments-presentation.test.mjs apps/web/tests/invitation-side-effects.test.mjs apps/web/tests/internal-redirect.test.mjs apps/web/tests/ledger-audit-side-effects.test.mjs apps/web/tests/ledger-presentation.test.mjs apps/web/tests/ledger-writer-transport.test.mjs apps/web/tests/marketing-measurement.test.mjs apps/web/tests/owner-mfa-transition.test.mjs apps/web/tests/reauthentication.test.mjs apps/web/tests/public-acquisition.test.mjs tests/customer_agreement_actions.test.mjs tests/customer_agreement_reacceptance_ui.test.mjs apps/web/tests/operator-read-recovery.test.mjs apps/web/tests/authority-connections-transport.test.mjs tests/authority_connections_retirement.test.mjs apps/web/tests/shareholder-register-filing-transport.test.mjs && node --test tests/rf1086_workspace_fixture_safety.test.mjs tests/shareholder_register_browser_fixture_safety.test.mjs tests/rf1086_mixed_actions.test.mjs tests/rf1086_workspace_composition.test.mjs

✔ company connection reads batch more than 100 memberships without dropping or trusting unrelated records (60.456834ms)
✔ authorityConnectionsStartSystemUserRequest carries only intent identity through authenticated no-store generated transport (0.429958ms)
✔ authorityConnectionsRetrySystemUserRequest carries only intent identity through authenticated no-store generated transport (0.230417ms)
✔ authorityConnectionsReconcileSystemUserRequest carries only intent identity through authenticated no-store generated transport (0.216125ms)
✔ callback generated transport forwards proof separately from its sole request identity (0.256583ms)
✔ generated authority result rejects unknown statuses and malformed response contracts (0.636583ms)
✔ generated operator mutation preserves exact audit identity and redacted response (1.816417ms)
✔ technical signoff command has no recording actor or trusted timestamp (0.370792ms)
✔ connection presentation exposes only masked account, coverage and freshness (0.682458ms)
✔ recovery states give one calm next action and make missing coverage visible (0.124708ms)
✔ banking transport follows opaque pages through the generated client (27.982833ms)
✔ bank file transport persists a backend preview before explicit acceptance (5.235417ms)
✔ banking presentation preserves the frozen consumer shape without recreating policy (4.621084ms)
✔ banking error presentation preserves retry identity only for unknown outcomes (0.186333ms)
✔ create_invitation:outbox remains reachable and recovery finishes without another command (2.797ms)
✔ create_invitation:audit remains reachable and recovery finishes without another command (0.24375ms)
✔ accept_invitation:audit remains reachable and recovery finishes without another command (0.149542ms)
✔ revoke_invitation:audit remains reachable and recovery finishes without another command (0.146875ms)
✔ resend_invitation:outbox remains reachable and recovery finishes without another command (0.147333ms)
✔ resend_invitation:audit remains reachable and recovery finishes without another command (7.003916ms)
✔ recovery actor comes from the server context and cannot claim another actor's continuation (0.319583ms)
✔ delivery persistence is owned by atomic completion, never by a browser outbox insert (0.1455ms)
✔ company-access administration transport uses only generated client operations (34.7865ms)
✔ generated decoders fail closed on every unknown or token-shaped invitation field (0.900709ms)
✔ cancellation lifecycle transport uses generated operations with bearer and deadline (59.392625ms)
✔ generated cancellation decoders reject malformed optional fields, UUIDs, and timestamps (2.748125ms)
✔ generated review decoder enforces evidence-reference length bounds (3.313833ms)
✔ truncated successful command JSON becomes a typed 502 and preserves the operation (0.402042ms)
✔ every concurrent archive source failure trips the completion barrier (0.214792ms)
✔ actions preserve exact cancellation inputs for network and decoder failures (0.076584ms)
✔ web cancellation lifecycle has no direct Supabase persistence or caller-owned proof (5.719125ms)
✔ an unknown organization keeps the specific Enhetsregisteret guidance (0.494708ms)
✔ agreement reacceptance uses an authenticated generated-client request (16.742667ms)
✔ actions and agreement gates have no direct business-persistence facade (22.525041ms)
✔ company-access and system-boundary transports share typed fail-closed backend configuration (1.109833ms)
✔ both transports reject remote HTTP in every Node environment (0.336625ms)
✔ company-access and system-boundary accept the same HTTPS and loopback origins (61.44375ms)
✔ company-access transport sends the established session only through the generated client (0.553042ms)
✔ the company-access app boundary owns its presentation model instead of a Supabase row DTO (17.965041ms)
✔ owner context preserves the admitted company-year and current safety gate (0.635083ms)
✔ company record presentation maps the generated camel-case contract to existing web registry facts (0.109709ms)
✔ company-access transport fails closed on a partial context response (0.315084ms)
✔ generated company-context decoder rejects lower assurance, lower scope, and non-owner roles (0.431458ms)
✔ company records and case-bound operator access use authenticated generated-client operations (6.292458ms)
✔ a verified user without an owner company reaches onboarding but other context failures stay closed (0.335333ms)
✔ system-user callback delegates relationship authorization to the verified backend boundary (1.181625ms)
✔ every Stage 1 web consumer authorizes through company-access contracts (122.829875ms)
✔ stale admission evidence gets a truthful restart route (0.717333ms)
✔ precheck and definitive eligibility use public generated-client calls (17.7015ms)
✔ company-year admission is authenticated and carries the exact immutable boundary (0.570875ms)
✔ company-year recheck is authenticated, trigger-bound, and fail-closed decoded (0.546042ms)
✔ the functional public journey owns no policy, direct fetch, or business persistence (23.542916ms)
✔ the recheck helper carries future serialized triggers through the API (4.90675ms)
✔ a blocked recheck stops the consequential operation and preserves its next step (0.3605ms)
✔ missing admission and provider failure both fail closed (0.187917ms)
✔ registration failure removes every newly persisted governance document (1.128333ms)
✔ registration failure preserves cleanup failures for reconciliation (0.191ms)
✔ governance errors expose stable Norwegian owner guidance (0.526208ms)
✔ shareholder-loan form presentation explains treatment without exposing posting policy (0.451791ms)
✔ shareholder-loan errors never fall through to dividend guidance (0.108292ms)
✔ only transport and server failures preserve an unknown-outcome retry (0.075959ms)
✔ decision-facts transport sends only identity and accepts the generated response (20.252708ms)
✔ owner-dividend lifecycle transport preserves path and idempotency evidence (1.253958ms)
✔ owner-dividend transport rejects malformed lifecycle responses (0.498833ms)
✔ shareholder-loan transport preserves identity and rejects malformed responses (0.359125ms)
✔ document presentation is a transport-only shape conversion (0.827208ms)
✔ signed upload uses exactly the backend-issued object and finalizes once (29.6635ms)
✔ an ambiguous signed-transfer error is not blindly finalized (0.609166ms)
✔ invitation login continuation accepts only same-origin absolute paths (22.711541ms)
✔ investments transport uses generated routes, auth, idempotency, and opaque paging (28.283083ms)
✔ investment unit reads reject lossy wire values (1.095625ms)
✔ investment position reads preserve contract-declared lifecycle movement facts (0.267833ms)
✔ investment unit presentation stays decimal-string exact (0.179917ms)
✔ investments presentation maps canonical wire facts without owning policy (2.583458ms)
✔ investments errors preserve retry identity only for unknown outcomes (0.151834ms)
✔ investment actions require explicit owner and dividend attestations (2.132292ms)
✔ investment wizard controls can shrink inside the mobile grid (0.431ms)
✔ side-effect identity is deterministic, actor-scoped, and purpose-scoped (1.054916ms)
✔ two actors can reuse one operation id without losing audit evidence (0.746542ms)
✔ same-actor retry reconciles exact rows and recovers an audit failure (0.387208ms)
✔ foreign rows are not an oracle because actor-derived ids never trigger their lookup (0.1175ms)
✔ ledger audit identity is deterministic and actor scoped (0.8485ms)
✔ ledger audit replay reconciles the exact immutable row (0.177167ms)
✔ ledger audit failure cannot be reported as success (0.279833ms)
✔ an in-progress idempotent command preserves its operation id for retry (0.737875ms)
✔ ledger errors keep the frozen plain-Norwegian guidance (0.159542ms)
✔ year-scoped opening transport sends one exact company/year read and preserves zero or one row (29.628333ms)
✔ year-scoped opening transport rejects another year without a broader or repeated read (0.678208ms)
✔ year-scoped opening transport rejects another company without a broader or repeated read (0.324583ms)
✔ year-scoped opening transport rejects multiple snapshots without a broader or repeated read (0.575625ms)
✔ year-scoped opening transport rejects a continuation page without a broader or repeated read (0.278875ms)
✔ year-scoped opening transport rejects a hidden continuation cursor without a broader or repeated read (0.257917ms)
✔ year-scoped opening transport rejects an incomplete page without a broader or repeated read (0.25775ms)
✔ year-scoped opening transport rejects inconsistent share capital without a broader or repeated read (15.061375ms)
✔ year-scoped opening transport rejects a holder bound to another setup without a broader or repeated read (0.536625ms)
✔ year-scoped opening transport rejects inconsistent shareholder totals without a broader or repeated read (0.252042ms)
✔ opening-snapshot transport chunks companies and follows opaque pages (7.0485ms)
✔ opening-snapshot compatibility projection preserves the frozen shape (0.165167ms)
✔ opening-snapshot decoders reject malformed collections and invariants (0.716125ms)
✔ ledger query transport follows opaque pages through the generated client (0.511292ms)
✔ reconstruction readiness comes from the generated backend contract (0.452958ms)
✔ current company-year close comes from the generated read-only backend contract (0.358167ms)
✔ company-year close presentation distinguishes stale and blocked assessments (0.08475ms)
✔ generated reconstruction decoder rejects unknown gap codes (0.155791ms)
✔ generated reconstruction decoder preserves historical null and rejects partial bindings (0.297708ms)
✔ generated company-year close decoder rejects unknown gap codes (0.125625ms)
✔ generated ledger query rejects a partial expanded source pair (0.222416ms)
✔ source-aware ledger query fails closed against a source-unaware backend (0.189709ms)
✔ source-aware ledger queries opt into the expanded response (0.164417ms)
✔ ledger mutation transport injects decimal money and idempotency headers (0.248875ms)
✔ administrative-cost transport requires exact purpose-bound success evidence (0.476125ms)
✔ new-year start uses the generated atomic workflow without exposing ledger lines (0.207792ms)
✔ new-year start rejects malformed or non-opening success evidence (0.204459ms)
✔ opening setup action has no direct business persistence or duplicate posting policy (0.632375ms)
✔ manual journals and period locks reconcile their frozen audit continuation (0.428875ms)
✔ ledger presentation maps generated facts without recreating posting policy (0.276875ms)
✔ opening entries recover their setup identity from canonical ledger source facts (0.221ms)
✔ archive presentation preserves the complete frozen ledger row projection (0.105167ms)
✔ ledger period-lock transport returns an empty result without a backend call (0.060083ms)
✔ every approved ledger-coordinator form submits one operation ID (1.026584ms)
✔ client action wizards keep one stable operation ID for their mounted form (0.084792ms)
✔ ledger retry IDs are plumbed only to the matching page form (0.317458ms)
✔ all relocated transactional writers use the stable operation ID at the generated boundary (0.560792ms)
✔ share purchases and sales use the investments generated interface (0.201042ms)
✔ share-sale wizard submits intent without duplicating authoritative FIFO policy (0.077375ms)
✔ committed retries reach the coordinator before mutable legacy state can reject them (0.352375ms)
✔ unknown coordinator outcomes preserve only the scoped retry operation (0.577834ms)
✔ apps/web/tests/ledger-writer-transport.test.mjs (209.175541ms)
✔ consented anonymous funnel events accept only the bounded public vocabulary (1.420917ms)
✔ the first-party endpoint records one consented event without caching it (59.719917ms)
✔ the generated backend client receives only an irreversible session hash (5.635208ms)
✔ consent withdrawal deletes the bounded anonymous session through the same origin (0.956459ms)
✔ the beacon-compatible POST endpoint accepts only the bounded withdrawal command (1.623542ms)
✔ the first-party endpoint rejects an oversized chunked body while streaming (1.495333ms)
✔ the browser creates no optional storage before explicit consent and expires it after thirty minutes (0.259542ms)
✔ funnel producers emit only a bounded event from an active consent session (0.143333ms)
✔ the operator view consumes aggregate report fields without exposing raw identifiers (4.591917ms)
✔ consent presentation uses accurate session wording and equal choices (1.387666ms)
✔ support entry authorizes before protected reads and preserves its recovery destination (81.418209ms)
✔ marketing entry authorizes before protected reads and preserves its recovery destination (19.018417ms)
✔ failed case or annual read suppresses ancillary reads, mutation controls and protected evidence (47.779709ms)
✔ malformed or duplicate case/cursor selection never triggers protected page loaders (49.672166ms)
✔ authorized support-role entry retains ordinary support and marketing behavior (14.334958ms)
✔ presentation shell leaves scoped auth recovery to each page without mutating the session (3.7135ms)
✔ page access preserves missing/rejected sessions, provider errors and both authorized operator roles (12.910542ms)
✔ complete operator selection survives login and MFA without losing either cursor (20.339625ms)
✔ malformed, duplicate and orphan operator selection cannot invoke protected loaders (141.561333ms)
✔ late selected-target failure keeps full recovery destination and suppresses ancillary controls (41.25675ms)
✔ owner AAL2 is distinguished from other context failures without weakening the gate (0.953875ms)
✔ owner MFA inspection chooses enrollment, challenge, or verified state and fails closed (0.240125ms)
✔ enrollment and verification expose no provider errors and only resume after confirmed AAL2 (0.357875ms)
✔ explicit fresh MFA intent challenges an existing AAL2 session without a browser age decision (0.155667ms)
✔ owner transition is reachable after company-year admission and exposes an accessible, Norwegian MFA gate (2.91925ms)
✔ the public offer stays in free recruitment mode with one eligibility action (1.072542ms)
✔ the three-step eligibility explanation keeps its visual order for assistive technology (0.086458ms)
✔ the static homepage renders every required offer field in the approved order (0.218792ms)
✔ the recruitment homepage presents the approved annual offer exactly (0.08225ms)
✔ the public offer carries the approved proof links, minimum FAQ, and final eligibility invitation (0.114375ms)
✔ the complete public company-year promise is pinned to the canonical manifest (1.599208ms)
✔ live claims and checkout deny by default and every ad stop rule is binding (0.30175ms)
✔ the indexable public route set carries canonical metadata and no live overclaim (0.7695ms)
✔ explicit reauthentication displays the login form despite a backend-rejected but valid Supabase session (20.8665ms)
✔ ordinary signed-in login and signup redirects and unconfirmed-user gate remain intact (76.192417ms)
✔ signIn preserves explicit reauthentication and next through failures (17.004916ms)
✔ signInWithGoogle preserves explicit reauthentication and next through failures (7.629291ms)
✔ successful password login consumes recovery intent; ordinary unconfirmed credentials keep verification recovery (3.449041ms)
✔ Google startup carries recovery through its callback URL (1.693084ms)
✔ the Google form carries the same explicit recovery intent as password sign-in (3.527458ms)
✔ denied, missing, failed and unavailable OAuth callbacks return to an actionable recovery login (41.975292ms)
✔ successful callback returns to the scoped page while ordinary email confirmation failure is unchanged (4.271708ms)
✔ retained history reads keep every requested company and all years with authenticated no-store transport (26.206333ms)
✔ archive source requests exactly one company/year and retains company-wide review facts (1.019ms)
✔ archive source rejects company without silently broadening or dropping evidence (0.641334ms)
✔ archive source rejects year without silently broadening or dropping evidence (0.398042ms)
✔ archive source rejects preview-company without silently broadening or dropping evidence (0.390958ms)
✔ archive source rejects preview-year without silently broadening or dropping evidence (0.364083ms)
✔ archive source rejects duplicate-preview without silently broadening or dropping evidence (0.325375ms)
✔ archive source rejects comment-company without silently broadening or dropping evidence (0.323292ms)
✔ archive source rejects duplicate-comment without silently broadening or dropping evidence (0.371958ms)
✔ archive source rejects nested-issue without silently broadening or dropping evidence (0.337916ms)
✔ archive source rejects extra-workspace-field without silently broadening or dropping evidence (2.050583ms)
✔ year-bound archive decoding does not relax the unchanged all-history workspace decoder (4.353583ms)
✔ workspace rejects company instead of presenting a successful partial history (0.356291ms)
✔ workspace rejects child-company instead of presenting a successful partial history (0.191708ms)
✔ workspace rejects duplicate instead of presenting a successful partial history (0.772083ms)
✔ workspace rejects year instead of presenting a successful partial history (0.268583ms)
✔ workspace rejects invalid-status instead of presenting a successful partial history (0.164042ms)
✔ preview generation sends only original input identities and rejects a misbound audit scope (0.347166ms)
✔ a preview read cannot substitute another aggregate (0.199541ms)
✔ shipped Send and recovery generated contracts keep exact paths and nullable recovery result (0.270542ms)
✔ presentation preserves nested original payload/manifest bytes and field names (0.218125ms)
✔ canonical invalid approval input and stale MFA retain existing owner guidance codes (0.097708ms)
✔ canonical ownership fallback requires exact not-found (404/SHAREHOLDER_REGISTER_FILING_NOT_FOUND) (0.39225ms)
✔ canonical ownership fallback requires exact not-found (404/OTHER_NOT_FOUND) (0.236083ms)
✔ canonical ownership fallback requires exact not-found (403/SHAREHOLDER_REGISTER_FILING_FORBIDDEN) (0.212959ms)
✔ canonical ownership fallback requires exact not-found (503/SHAREHOLDER_REGISTER_FILING_UNAVAILABLE) (0.201375ms)
✔ presents the generated tracer response as a safe Norwegian success (0.893708ms)
✔ presents transport failures without leaking exception details (0.115208ms)
✔ generated client accepts the declared success shape (20.337542ms)
✔ generated client maps the typed correlation option to the declared header (0.601875ms)
✔ generated client fails closed on an undeclared success shape (0.433042ms)
✔ generated client rejects an availability value outside the closed contract (0.266917ms)
✔ missing backend configuration fails closed with a typed error (0.1715ms)
✔ web liveness stays process-only while readiness fails invalid configuration (0.358917ms)
✔ web readiness validates local configuration without depending on backend reachability (0.234875ms)
✔ Authority Connections retirement leaves no web authority signing, token or credential transport (31.520416ms)
✔ the four standalone authority commands execute backend modules and retain their public command names (0.716584ms)
✔ authority and RF facades are retired while later filing owners retain their frozen records (0.605ms)
✔ company-year admission validates explicit authority and every immutable document before the generated command (3.650917ms)
✔ the customer sees and explicitly accepts the complete pinned promise (1.571083ms)
✔ legacy AS-only creation controls are absent (4.048834ms)
✔ owner layout replaces children with an accessible reacceptance gate (1.016625ms)
✔ Server Action reaccepts through the authenticated generated-client boundary (0.464208ms)
ℹ tests 213
ℹ suites 0
ℹ pass 213
ℹ fail 0
ℹ cancelled 0
ℹ skipped 0
ℹ todo 0
ℹ duration_ms 1345.73475
✔ addFilingOverride uses canonical ownership even when a public RF mirror exists (38.024958ms)
✔ addFilingOverride fails closed before any legacy effect when canonical ownership is unavailable (5.69275ms)
✔ addFilingReviewComment uses canonical ownership even when a public RF mirror exists (3.293083ms)
✔ addFilingReviewComment fails closed before any legacy effect when canonical ownership is unavailable (2.875292ms)
✔ acknowledgeFilingReviewComment uses canonical ownership even when a public RF mirror exists (2.558ms)
✔ acknowledgeFilingReviewComment fails closed before any legacy effect when canonical ownership is unavailable (2.12825ms)
✔ addFilingOverride preserves the sibling validator, writer and subsequent audit (2.426958ms)
✔ addFilingReviewComment preserves the sibling validator, writer and subsequent audit (1.919209ms)
✔ acknowledgeFilingReviewComment preserves the sibling validator, writer and subsequent audit (3.564833ms)
✔ RF simulation delegates all five retired persistence effects before its unchanged audit (1.853959ms)
✔ confirmAuthorityPermission preserves step-up and audit for RF (1.826667ms)
✔ confirmAuthorityPermission preserves step-up and audit for sibling (1.605875ms)
✔ recordAuthorityTestEvidence preserves step-up and audit for RF (1.94625ms)
✔ recordAuthorityTestEvidence preserves step-up and audit for sibling (1.949666ms)
✔ failed RF source preserves explicit unavailable state and never returns successful partial facts (34.568375ms)
✔ composition replaces overlap mirrors by identity and preserves sibling records and ordering (13.477875ms)
✔ one scoped source read supplies every family without substituting a current year (4.826167ms)
✔ workspace RF backend refuses hosted database before opening a listener (143.992625ms)
✔ workspace RF backend refuses hosted Supabase before opening a listener (130.449584ms)
✔ workspace RF backend refuses global RF activation before opening a listener (127.579125ms)
✔ workspace RF backend refuses global operator activation before opening a listener (126.291583ms)
✔ workspace RF backend refuses ambient credential before opening a listener (126.355875ms)
✔ workspace API requests use the actual current Supabase session and exact denial statuses (3.671375ms)
✔ feedback fixture refuses hosted databases and undeclared operations before actor or SQL effects (1.172917ms)
✔ feedback fixture verifies the token owner before reading membership or connecting an actor database session (0.394292ms)
✔ workspace RF assertions use canonical commands and preserve sibling tax and audit rehearsals (0.791583ms)
✔ fixture access refuses external databases and undeclared relations before SQL (0.382208ms)
✔ fixture restores exact USER trigger modes on success without disabling foreign keys (0.5915ms)
✔ fixture restores exact USER trigger modes on rollback without disabling foreign keys (0.183167ms)
✔ fresh RF fixture permits only its five exact method templates and loopback egress (140.022292ms)
✔ fresh local RF mock preserves request identity and emits relationship-bound feedback (42.602042ms)
✔ fresh browser starts without a preview or approval and verifies the complete durable result (0.726083ms)
✔ ambiguous fresh mock response records the original mutation before disconnecting (4.283209ms)
✔ fresh RF browser uses finite fixture authority while preserving foreign keys and signoff storage (0.564709ms)
✔ fresh RF basis binds every opening row to its existing owner without seeding filing success (0.98425ms)
✔ fresh RF cleanup removes scoped public mirrors before openings (success) (1.129709ms)
✔ fresh RF cleanup removes scoped public mirrors before openings (failure preserved) (1.156583ms)
✔ fresh signoff fixture restores exact prior rows and USER triggers (success) (9.403791ms)
✔ fresh signoff fixture restores exact prior rows and USER triggers (seed) (0.840666ms)
✔ fresh signoff fixture restores exact prior rows and USER triggers (restore) (0.80725ms)
ℹ tests 40
ℹ suites 0
ℹ pass 40
ℹ fail 0
ℹ cancelled 0
ℹ skipped 0
ℹ todo 0
ℹ duration_ms 798.348916

> talli-repository@0.1.0 test:boundary-contract
> node --test tests/contract/web_fastapi_boundary.test.mjs tests/company_access_review_fixes.test.mjs tests/company_access_review_round_2.test.mjs tests/company_access_onboarding_cutover.test.mjs tests/corporate_governance_review_fixes.test.mjs

✔ eligibility, admission, and agreement operations are generated-client boundaries (11.237791ms)
✔ the web onboarding slice has no legacy business-policy or persistence path (1.050333ms)
✔ the complete Stage 1 web boundary is Supabase-auth-only (12.95525ms)
✔ company access owns agreement evidence and the #138 facade has exited (0.5265ms)
✔ the onboarding overlap and destructive contract are separate release artifacts (0.739209ms)
✔ capability owns immutable business request contracts (5.126208ms)
✔ every invitation decoder rejects unknown and token-shaped response fields (1.610083ms)
✔ all company-access success responses declare X-Request-ID (8.896125ms)
✔ login preserves a sanitized invitation continuation for password and OAuth (1.245541ms)
✔ invitation side effects reconcile in the trusted actor and command namespace (1.119292ms)
✔ shipped server actions expose receipt-owned recovery without browser command inputs (1.572208ms)
✔ membership role selector has a target-specific accessible name (0.457958ms)
✔ capability manifest attributes the latest company-access ownership migration (0.449209ms)
✔ authorization and hashing use versioned least-privilege helper boundaries (4.03525ms)
✔ destructive contract is a later release artifact outside the automatic runner (0.744375ms)
✔ cutover removes every authenticated self-membership update surface (1.534041ms)
✔ command receipts are backend-system technical idempotency state (2.316041ms)
✔ owner receipt visibility is atomic while acceptance keeps actor replay semantics (0.938667ms)
✔ evidence distinguishes forced receipt RLS from genuine non-owner RLS (0.847041ms)
✔ OpenAPI validates command UUIDs and RFC3339 revisions (8.572458ms)
✔ the committed contract exposes one stable capability-prefixed tracer operation (8.837917ms)
✔ the committed contract exposes the authenticated company-context operation (7.759333ms)
✔ the committed contract exposes company-access invitation and membership administration (6.546834ms)
✔ the committed contract exposes only ledger-owned browser commands (7.0815ms)
✔ the committed contract assigns shareholder loans to corporate governance (6.384458ms)
✔ the committed contract gives investments its complete activity interface (6.250041ms)
✔ opening snapshots use the ledger compatibility authenticated read contract (6.163208ms)
✔ the committed contract exposes the account-free banking workflow (7.677708ms)
✔ the tracer contract declares optional request and response correlation headers (6.124584ms)
✔ OpenAPI and generated TypeScript artifacts are byte-clean (1590.597458ms)
✔ the OpenAPI document validates and operation IDs are globally unique (28.674041ms)
✔ the current response contract remains compatible with the explicit v1 baseline (69.295583ms)
✔ compatibility rejects newly required parameters and request bodies (33.031709ms)
✔ compatibility rejects narrower authentication requirements (10.670666ms)
✔ compatibility rejects removed or changed response headers (17.325458ms)
✔ the generated package version matches the OpenAPI contract version (15.970542ms)
✔ the generated client is committed and carries its provenance marker (1.627875ms)
✔ the web tracer uses the generated package through a thin transport wrapper (0.218542ms)
✔ annual refund recovery is an additive authenticated POST with no caller authority fields (6.300709ms)
✔ annual refund target discovery preserves a minimal independent read contract (6.310958ms)
✔ annual checkout preparation is an independent read without purchase authority (6.221208ms)
✔ annual checkout withdrawal uses the original accepted body and key with a separate minimal result (6.3ms)
✔ corporate-governance manifests declare the implemented public surface (3.858333ms)
✔ backend workflow documentation has one canonical governance workflow (0.93875ms)
✔ lifecycle reader exposes migrated source-hash compatibility explicitly (1.300666ms)
✔ local gate rehearses predecessor ledger cutover before governance retires it (1.267833ms)
✔ complete gate uses the backend-managed Python runtime (0.656417ms)
✔ governance review regressions run in the complete acceptance boundary (0.6405ms)
✔ document evidence ownership is acyclic and declared (1.633917ms)
✔ document evidence registration cannot forge trusted actor or owner context (0.667292ms)
✔ historical document evidence uses a migration-only backfill contract (0.771833ms)
✔ future annual-data compatibility scopes remain frozen without a checker bypass (2.136375ms)
✔ canonical decision payloads share one serializer (0.713792ms)
ℹ tests 53
ℹ suites 0
ℹ pass 53
ℹ fail 0
ℹ cancelled 0
ℹ skipped 0
ℹ todo 0
ℹ duration_ms 1921.836417
[boundary] exit=0
[boundary] durationMs=174903

[build-web] command=TALLI_BACKEND_URL=http://127.0.0.1:8000 TALLI_MARKETING_MEASUREMENT_INTERNAL_KEY=<local-only> npm run build:web && npm run test:browser-public-acquisition:built

> talli-repository@0.1.0 build:web
> npm --prefix apps/web run build


> talli-web@0.1.0 build
> cd ../.. && node apps/web/scripts/run-next.mjs build

▲ Next.js 16.3.4 (Turbopack)
✓ Running next.config.ts took 15ms

  Creating an optimized production build ...
✓ Compiled successfully in 473ms
  Running TypeScript ...
  Finished TypeScript in 939ms ...
  Collecting page data using 9 workers ...
  Generating static pages using 9 workers (0/34) ...
  Generating static pages using 9 workers (8/34)
  Generating static pages using 9 workers (16/34)
  Generating static pages using 9 workers (25/34)
✓ Generating static pages using 9 workers (34/34) in 203ms
  Finalizing page optimization ...

Route (app)
┌ ○ /
├ ○ /_not-found
├ ƒ /actions
├ ƒ /actions/[type]
├ ƒ /api/marketing-events
├ ○ /apple-icon.png
├ ƒ /archive/[companyId]/[incomeYear]/download
├ ƒ /auth/confirm
├ ƒ /auth/systembruker/confirm
├ ƒ /bank/callback
├ ƒ /billing
├ ƒ /companies/[companyId]/annual-reporting/[incomeYear]
├ ƒ /companies/[companyId]/annual-reporting/[incomeYear]/[obligation]
├ ƒ /companies/[companyId]/annual-reporting/[incomeYear]/review
├ ƒ /connections
├ ƒ /corporate-decisions/[decisionId]
├ ƒ /dashboard
├ ○ /databehandleravtale
├ ƒ /documents
├ ƒ /documents/[documentId]/download
├ ƒ /documents/[documentId]/preview
├ ○ /email-confirmed
├ ƒ /filing
├ ƒ /filing/[obligation]
├ ƒ /health/live
├ ƒ /health/ready
├ ○ /hjelp
├ ○ /icon.svg
├ ƒ /invite/accept
├ ƒ /login
├ ƒ /mfa
├ ƒ /onboarding
├ ƒ /operator
├ ƒ /operator/marketing
├ ○ /passer-talli
├ ○ /personvern
├ ○ /pris
├ ○ /robots.txt
├ ƒ /selskapsgrense
├ ƒ /signup
├ ○ /sikkerhet
├ ○ /sitemap.xml
├ ○ /sjekk-selskapet
├ ○ /status
├ ƒ /system-boundary
├ ƒ /transactions
├ ○ /ui
├ ƒ /verify-email
├ ○ /vilkar
├ ƒ /workspace
└ ƒ /year-end


○  (Static)   prerendered as static content
ƒ  (Dynamic)  server-rendered on demand


> talli-repository@0.1.0 test:browser-public-acquisition:built
> node --test tests/browser_public_acquisition.mjs

✔ the production public journey is consent-silent, accessible, mobile-safe, and privacy bounded (4441.818334ms)
ℹ tests 1
ℹ suites 0
ℹ pass 1
ℹ fail 0
ℹ cancelled 0
ℹ skipped 0
ℹ todo 0
ℹ duration_ms 4673.688667
[build-web] exit=0
[build-web] durationMs=8933

[build-backend] command=npm run build:backend

> talli-repository@0.1.0 build:backend
> uv build --project apps/backend
Building source distribution...
Building wheel from source distribution...
Successfully built apps/backend/dist/talli_backend-0.1.0.tar.gz
Successfully built apps/backend/dist/talli_backend-0.1.0-py3-none-any.whl
[build-backend] exit=0
[build-backend] durationMs=1444

[boundary-smoke] command=npm run test:boundary-smoke

> talli-repository@0.1.0 test:boundary-smoke
> node --test tests/production_boundary_smoke.mjs

✔ built artifacts support both deployment orders and isolate backend failure (2180.409792ms)
ℹ tests 1
ℹ suites 0
ℹ pass 1
ℹ fail 0
ℹ cancelled 0
ℹ skipped 0
ℹ todo 0
ℹ duration_ms 7239.188542
[boundary-smoke] exit=0
[boundary-smoke] durationMs=7402

[launch-rehearsal] command=TALLI_PYTHON_BIN=apps/backend/.venv/bin/python TALLI_SKATTE_XSD_DIR=<pinned-v1.62.47> npm run test:launch-rehearsal

> talli-repository@0.1.0 test:launch-rehearsal
> npm run test:opening && npm run test:documents && npm run test:bank && npm run test:bank-suggestions && npm run test:deployed-contract && npm run test:supabase-grants && npm run test:provider-ports && npm run test:manual-journal && npm run test:share-purchase && npm run test:share-sale && npm run test:investment-lots-schema && npm run test:dividend-received && npm run test:owner-dividend && npm run test:owner-dividend-payment && npm run test:shareholder-loan && npm run test:annual-data && npm run test:annual-readiness && npm run test:annual-corporate-documents && npm run test:authority-evidence && npm run test:authority-adapters && npm run test:authority-operations && npm run test:maskinporten && npm run test:system-user-requests && npm run test:rf1086:authority-client && npm run test:rf1086:production-pilot && npm run test:python-runtime && npm run test:corporate-documents && npm run test:corporate-decision-workflow && npm run test:corporate-governance-supported-events && npm run test:rf1086:persisted && npm run test:rf1086:submission && npm run test:annual-accounts && npm run test:annual-accounts-xml && npm run test:annual-accounts-authority && npm run test:annual-accounts-authority-script && npm run test:company-tax-return && npm run test:company-tax-return-xml && npm run test:company-tax-return-authority && npm run test:company-tax-return-authority-script && npm run test:review && npm run test:billing && npm run test:cancellation && npm run test:operator-support && npm run test:operator-mfa && npm run test:deadlines && npm run test:archive && npm run test:backup-restore && npm run test:security && npm run test:trusted-aal2-schema && npm run test:filing-release-gate && npm run test:production-filing-guide && npm run test:launch-copy && npm run test:launch-signoff && npm run test:validation-observation-launch-off && npm run test:legal-policy && npm run test:ci-gate


> talli-repository@0.1.0 test:opening
> node --experimental-strip-types --test tests/opening_balance.test.mjs

✔ new-year start replaces the duplicate browser opening policy (0.564417ms)
✔ public contract accepts only new-year business facts (0.248125ms)
ℹ tests 2
ℹ suites 0
ℹ pass 2
ℹ fail 0
ℹ cancelled 0
ℹ skipped 0
ℹ todo 0
ℹ duration_ms 62.871375

> talli-repository@0.1.0 test:documents
> node --experimental-strip-types --test apps/web/tests/documents-presentation.test.mjs tests/documents.test.mjs tests/document_removal_schema.test.mjs tests/documents_advisor_cleanup.test.mjs tests/documents_supported_pattern_evidence.test.mjs tests/workspace_presentation.test.mjs

✔ document presentation is a transport-only shape conversion (0.81ms)
✔ signed upload uses exactly the backend-issued object and finalizes once (16.513375ms)
✔ an ambiguous signed-transfer error is not blindly finalized (0.64ms)
✔ document metadata is forced-RLS capability state behind restricted functions (3.268084ms)
✔ safe removal is reference-aware, audited, and metadata-restoring (2.900583ms)
✔ all broad browser bucket policies and legacy removal execution are revoked (2.138166ms)
✔ FastAPI is the only document lifecycle and object-operation policy boundary (4.687041ms)
✔ web document paths retain only the one backend-issued signed upload (3.432125ms)
✔ other producers retain a DocumentId relationship and never create document metadata (3.81925ms)
✔ documents cleanup removes the residual browser metadata policy (3.012791ms)
✔ documents cleanup plans request-local settings once per statement (1.620834ms)
✔ documents advisor cleanup has an explicit predecessor rollback (1.633625ms)
✔ web source has no direct document metadata or object-storage persistence (46.321167ms)
✔ neighboring application capabilities retain identifiers but no document writers (313.13425ms)
✔ document backup remains a document-owned projection consumed by legacy archive composition (0.947625ms)
✔ customer forms do not seed synthetic accounting facts (3.229167ms)
✔ dashboard enters the dedicated annual workspace (2.171333ms)
ℹ tests 17
ℹ suites 0
ℹ pass 17
ℹ fail 0
ℹ cancelled 0
ℹ skipped 0
ℹ todo 0
ℹ duration_ms 415.823792

> talli-repository@0.1.0 test:bank
> uv run --project apps/backend pytest -c apps/backend/pyproject.toml apps/backend/tests/test_banking.py apps/backend/tests/test_banking_api.py -q

..............                                                           [100%]
14 passed in 1.60s

> talli-repository@0.1.0 test:bank-suggestions
> node --experimental-strip-types --test tests/bank_suggestion_schema.test.mjs tests/bank_suggestion_integration.test.mjs

✔ banking coordinator revalidates the suggestion inside the atomic writer (2.451ms)
✔ transaction queue requires an explicit owner submit for every suggestion (0.873709ms)
✔ bank suggestion approvals are immutable and posted atomically (2.551792ms)
✔ database independently validates rule, version, direction, ambiguity, and period lock (0.892375ms)
ℹ tests 4
ℹ suites 0
ℹ pass 4
ℹ fail 0
ℹ cancelled 0
ℹ skipped 0
ℹ todo 0
ℹ duration_ms 54.941833

> talli-repository@0.1.0 test:deployed-contract
> node --test tests/deployed_schema_contract.test.mjs

✔ deployed schema contract covers every post-baseline product capability (0.759ms)
✔ reports only missing OpenAPI paths in stable order (0.132333ms)
✔ reports compatibility paths that survived a completed stage exit (0.086292ms)
✔ fails closed when the response is not a PostgREST OpenAPI document (0.223709ms)
ℹ tests 4
ℹ suites 0
ℹ pass 4
ℹ fail 0
ℹ cancelled 0
ℹ skipped 0
ℹ todo 0
ℹ duration_ms 53.759709

> talli-repository@0.1.0 test:supabase-grants
> node --test tests/supabase_explicit_grants.test.mjs

✔ Supabase Data API grants fail closed for anon and explicitly enable service_role (2.961458ms)
✔ anonymous sessions cannot invoke authenticated mutation RPCs (0.722083ms)
✔ Systembruker request objects have explicit least-privilege grants (1.360084ms)
ℹ tests 3
ℹ suites 0
ℹ pass 3
ℹ fail 0
ℹ cancelled 0
ℹ skipped 0
ℹ todo 0
ℹ duration_ms 55.525625

> talli-repository@0.1.0 test:provider-ports
> node --experimental-strip-types --test tests/provider_ports.test.mjs

✔ bank provider port fails closed until a provider is approved (0.633208ms)
✔ bank webhook receipts are replay-safe without persisting raw provider identifiers (0.41425ms)
✔ bank diagnostics redact bearer and credential material (0.188833ms)
✔ document extraction port validates tenant scope and remains disabled (0.185209ms)
✔ extraction output is always review-required and restricted to supported fields (1.118875ms)
ℹ tests 5
ℹ suites 0
ℹ pass 5
ℹ fail 0
ℹ cancelled 0
ℹ skipped 0
ℹ todo 0
ℹ duration_ms 83.183

> talli-repository@0.1.0 test:manual-journal
> uv run --project apps/backend pytest apps/backend/tests/test_ledger.py apps/backend/tests/test_ledger_api.py -k manual -q && node --test apps/web/tests/ledger-presentation.test.mjs

....                                                                     [100%]
4 passed, 45 deselected in 1.32s
✔ an in-progress idempotent command preserves its operation id for retry (0.70025ms)
✔ ledger errors keep the frozen plain-Norwegian guidance (0.14275ms)
✔ year-scoped opening transport sends one exact company/year read and preserves zero or one row (15.446042ms)
✔ year-scoped opening transport rejects another year without a broader or repeated read (0.508875ms)
✔ year-scoped opening transport rejects another company without a broader or repeated read (0.998459ms)
✔ year-scoped opening transport rejects multiple snapshots without a broader or repeated read (0.3285ms)
✔ year-scoped opening transport rejects a continuation page without a broader or repeated read (0.252041ms)
✔ year-scoped opening transport rejects a hidden continuation cursor without a broader or repeated read (0.236792ms)
✔ year-scoped opening transport rejects an incomplete page without a broader or repeated read (0.229958ms)
✔ year-scoped opening transport rejects inconsistent share capital without a broader or repeated read (0.293792ms)
✔ year-scoped opening transport rejects a holder bound to another setup without a broader or repeated read (0.276083ms)
✔ year-scoped opening transport rejects inconsistent shareholder totals without a broader or repeated read (0.202666ms)
✔ opening-snapshot transport chunks companies and follows opaque pages (1.410625ms)
✔ opening-snapshot compatibility projection preserves the frozen shape (0.16225ms)
✔ opening-snapshot decoders reject malformed collections and invariants (0.666917ms)
✔ ledger query transport follows opaque pages through the generated client (0.500333ms)
✔ reconstruction readiness comes from the generated backend contract (0.394ms)
✔ current company-year close comes from the generated read-only backend contract (0.443209ms)
✔ company-year close presentation distinguishes stale and blocked assessments (0.096708ms)
✔ generated reconstruction decoder rejects unknown gap codes (0.1825ms)
✔ generated reconstruction decoder preserves historical null and rejects partial bindings (0.458417ms)
✔ generated company-year close decoder rejects unknown gap codes (0.167208ms)
✔ generated ledger query rejects a partial expanded source pair (0.230833ms)
✔ source-aware ledger query fails closed against a source-unaware backend (0.189333ms)
✔ source-aware ledger queries opt into the expanded response (0.159333ms)
✔ ledger mutation transport injects decimal money and idempotency headers (0.230542ms)
✔ administrative-cost transport requires exact purpose-bound success evidence (0.41925ms)
✔ new-year start uses the generated atomic workflow without exposing ledger lines (0.19575ms)
✔ new-year start rejects malformed or non-opening success evidence (0.205375ms)
✔ opening setup action has no direct business persistence or duplicate posting policy (0.606834ms)
✔ manual journals and period locks reconcile their frozen audit continuation (0.400417ms)
✔ ledger presentation maps generated facts without recreating posting policy (0.249333ms)
✔ opening entries recover their setup identity from canonical ledger source facts (0.192791ms)
✔ archive presentation preserves the complete frozen ledger row projection (0.095709ms)
✔ ledger period-lock transport returns an empty result without a backend call (0.055666ms)
✔ every approved ledger-coordinator form submits one operation ID (0.910875ms)
✔ client action wizards keep one stable operation ID for their mounted form (0.069542ms)
✔ ledger retry IDs are plumbed only to the matching page form (0.279209ms)
✔ all relocated transactional writers use the stable operation ID at the generated boundary (0.513958ms)
✔ share purchases and sales use the investments generated interface (0.187666ms)
✔ share-sale wizard submits intent without duplicating authoritative FIFO policy (0.078958ms)
✔ committed retries reach the coordinator before mutable legacy state can reject them (0.51525ms)
✔ unknown coordinator outcomes preserve only the scoped retry operation (0.658875ms)
ℹ tests 43
ℹ suites 0
ℹ pass 43
ℹ fail 0
ℹ cancelled 0
ℹ skipped 0
ℹ todo 0
ℹ duration_ms 146.634709

> talli-repository@0.1.0 test:share-purchase
> uv run --project apps/backend pytest -c apps/backend/pyproject.toml apps/backend/tests/test_investments.py apps/backend/tests/test_investments_public_contract.py apps/backend/tests/test_investments_workflow.py apps/backend/tests/test_investments_api.py -q && node --test apps/web/tests/investments-presentation.test.mjs && npm run test:investments-database-lifecycle

.................................................                        [100%]
49 passed in 3.50s
✔ investments transport uses generated routes, auth, idempotency, and opaque paging (20.094084ms)
✔ investment unit reads reject lossy wire values (0.970125ms)
✔ investment position reads preserve contract-declared lifecycle movement facts (0.252458ms)
✔ investment unit presentation stays decimal-string exact (0.182833ms)
✔ investments presentation maps canonical wire facts without owning policy (1.632791ms)
✔ investments errors preserve retry identity only for unknown outcomes (0.111291ms)
✔ investment actions require explicit owner and dividend attestations (1.601834ms)
✔ investment wizard controls can shrink inside the mobile grid (0.260875ms)
ℹ tests 8
ℹ suites 0
ℹ pass 8
ℹ fail 0
ℹ cancelled 0
ℹ skipped 0
ℹ todo 0
ℹ duration_ms 133.228167

> talli-repository@0.1.0 test:investments-database-lifecycle
> node --test --test-concurrency=1 tests/investments_capability_schema.test.mjs tests/investments_database_runtime.test.mjs

✔ the complete local database gate includes the investments lifecycle (0.861458ms)
✔ bank facts are claimed atomically through one restricted reversible routine (1.309125ms)
✔ year-end measurement is executable, restricted, and reverses fail closed (0.700208ms)
✔ lifecycle public cutover removes every v1 writer grant reversibly (1.833875ms)
✔ contract and rollback artifacts bound hosted backend-system DDL authority (1.423583ms)
✔ forward correction-source replay stays insert-only across rollback (0.289625ms)
✔ expand and workflow keep predecessor and successor stores coherent (0.731292ms)
✔ canonical investments tables are forced-RLS and runtime roles do not own them (0.76875ms)
✔ investment lifecycle expansion separates recognition, settlement, and measurement (1.732042ms)
✔ investment lifecycle workflow persists recognition and settlement separately (2.072292ms)
✔ share-sale lifecycle recognizes exact FIFO facts before separate settlement (1.063083ms)
✔ income lifecycle separates declaration or entitlement from cash receipt (1.139ms)
✔ lifecycle corrections preserve history and supersede only equal settlements (1.354792ms)
✔ sale workflow owns FIFO persistence behind restricted investments functions (1.085625ms)
✔ contract reconciles live state before removing predecessor production names (0.45175ms)
✔ rollback disables successor first, preserves data, and is recutover-safe (0.36225ms)
✔ sale contract reconciles FIFO state before removing predecessor names (0.466291ms)
✔ sale rollback is non-destructive and recutover-safe (0.385583ms)
✔ received-dividend workflow owns policy persistence behind restricted functions (0.590709ms)
✔ received-dividend contract reconciles before predecessor removal (0.292042ms)
✔ received-dividend rollback is non-destructive and recutover-safe (0.223958ms)
✔ allocation identities remain stable across the overlap window (0.248875ms)
✔ complete stage exit reconciles before deleting every investment predecessor (0.914375ms)
✔ complete stage exit removes overlap-era and duplicate write policies (0.834083ms)
✔ complete stage exit binds canonical investment writes to archive freshness (1.124458ms)
✔ supported patterns keep writes private and publish correction lineage (2.176875ms)
✔ supported-pattern rollback restores the exact predecessor or refuses after new data (0.390292ms)
✔ supported-pattern authority cleanup grants no runtime authority (0.69925ms)
✔ manual-evidence migration bounds owner authority after cleanup (0.440125ms)
✔ lifecycle measurement bounds owner authority after cleanup (0.213958ms)
✔ measurement reversals and investment boundaries are executable and reversible (1.358667ms)
✔ settled wrong-amount corrections bind both reversals atomically (0.663667ms)
✔ investments schema is private, forced-RLS, and restricted-role owned (21425.390417ms)
ℹ tests 33
ℹ suites 0
ℹ pass 33
ℹ fail 0
ℹ cancelled 0
ℹ skipped 0
ℹ todo 0
ℹ duration_ms 21559.28

> talli-repository@0.1.0 test:share-sale
> uv run --project apps/backend pytest -c apps/backend/pyproject.toml apps/backend/tests/test_investments.py apps/backend/tests/test_investments_public_contract.py apps/backend/tests/test_investments_workflow.py apps/backend/tests/test_investments_api.py apps/backend/tests/test_supabase_investments.py -q && node --test apps/web/tests/investments-presentation.test.mjs apps/web/tests/ledger-presentation.test.mjs && npm run test:investments-database-lifecycle

................................................................         [100%]
64 passed in 3.51s
✔ investments transport uses generated routes, auth, idempotency, and opaque paging (19.62225ms)
✔ investment unit reads reject lossy wire values (1.055709ms)
✔ investment position reads preserve contract-declared lifecycle movement facts (0.24275ms)
✔ investment unit presentation stays decimal-string exact (0.169417ms)
✔ investments presentation maps canonical wire facts without owning policy (1.731542ms)
✔ investments errors preserve retry identity only for unknown outcomes (0.123041ms)
✔ investment actions require explicit owner and dividend attestations (1.8255ms)
✔ investment wizard controls can shrink inside the mobile grid (0.269208ms)
✔ an in-progress idempotent command preserves its operation id for retry (0.722458ms)
✔ ledger errors keep the frozen plain-Norwegian guidance (0.153667ms)
✔ year-scoped opening transport sends one exact company/year read and preserves zero or one row (15.328625ms)
✔ year-scoped opening transport rejects another year without a broader or repeated read (0.528458ms)
✔ year-scoped opening transport rejects another company without a broader or repeated read (0.921334ms)
✔ year-scoped opening transport rejects multiple snapshots without a broader or repeated read (0.45625ms)
✔ year-scoped opening transport rejects a continuation page without a broader or repeated read (0.351042ms)
✔ year-scoped opening transport rejects a hidden continuation cursor without a broader or repeated read (0.246542ms)
✔ year-scoped opening transport rejects an incomplete page without a broader or repeated read (0.254666ms)
✔ year-scoped opening transport rejects inconsistent share capital without a broader or repeated read (0.360417ms)
✔ year-scoped opening transport rejects a holder bound to another setup without a broader or repeated read (0.293958ms)
✔ year-scoped opening transport rejects inconsistent shareholder totals without a broader or repeated read (0.216833ms)
✔ opening-snapshot transport chunks companies and follows opaque pages (1.003458ms)
✔ opening-snapshot compatibility projection preserves the frozen shape (0.130291ms)
✔ opening-snapshot decoders reject malformed collections and invariants (0.64025ms)
✔ ledger query transport follows opaque pages through the generated client (0.651417ms)
✔ reconstruction readiness comes from the generated backend contract (0.512ms)
✔ current company-year close comes from the generated read-only backend contract (0.433042ms)
✔ company-year close presentation distinguishes stale and blocked assessments (0.209958ms)
✔ generated reconstruction decoder rejects unknown gap codes (0.237708ms)
✔ generated reconstruction decoder preserves historical null and rejects partial bindings (0.305875ms)
✔ generated company-year close decoder rejects unknown gap codes (0.124208ms)
✔ generated ledger query rejects a partial expanded source pair (0.221084ms)
✔ source-aware ledger query fails closed against a source-unaware backend (0.208ms)
✔ source-aware ledger queries opt into the expanded response (0.163042ms)
✔ ledger mutation transport injects decimal money and idempotency headers (0.21975ms)
✔ administrative-cost transport requires exact purpose-bound success evidence (0.426833ms)
✔ new-year start uses the generated atomic workflow without exposing ledger lines (0.1845ms)
✔ new-year start rejects malformed or non-opening success evidence (0.182792ms)
✔ opening setup action has no direct business persistence or duplicate posting policy (0.625666ms)
✔ manual journals and period locks reconcile their frozen audit continuation (0.416625ms)
✔ ledger presentation maps generated facts without recreating posting policy (0.249542ms)
✔ opening entries recover their setup identity from canonical ledger source facts (0.196583ms)
✔ archive presentation preserves the complete frozen ledger row projection (0.093708ms)
✔ ledger period-lock transport returns an empty result without a backend call (0.057083ms)
✔ every approved ledger-coordinator form submits one operation ID (1.130458ms)
✔ client action wizards keep one stable operation ID for their mounted form (0.117625ms)
✔ ledger retry IDs are plumbed only to the matching page form (0.340541ms)
✔ all relocated transactional writers use the stable operation ID at the generated boundary (0.595208ms)
✔ share purchases and sales use the investments generated interface (0.357459ms)
✔ share-sale wizard submits intent without duplicating authoritative FIFO policy (0.103083ms)
✔ committed retries reach the coordinator before mutable legacy state can reject them (0.372042ms)
✔ unknown coordinator outcomes preserve only the scoped retry operation (0.563167ms)
ℹ tests 51
ℹ suites 0
ℹ pass 51
ℹ fail 0
ℹ cancelled 0
ℹ skipped 0
ℹ todo 0
ℹ duration_ms 148.1375

> talli-repository@0.1.0 test:investments-database-lifecycle
> node --test --test-concurrency=1 tests/investments_capability_schema.test.mjs tests/investments_database_runtime.test.mjs

✔ the complete local database gate includes the investments lifecycle (0.739417ms)
✔ bank facts are claimed atomically through one restricted reversible routine (0.906208ms)
✔ year-end measurement is executable, restricted, and reverses fail closed (0.690833ms)
✔ lifecycle public cutover removes every v1 writer grant reversibly (1.797708ms)
✔ contract and rollback artifacts bound hosted backend-system DDL authority (1.391916ms)
✔ forward correction-source replay stays insert-only across rollback (0.281917ms)
✔ expand and workflow keep predecessor and successor stores coherent (0.69325ms)
✔ canonical investments tables are forced-RLS and runtime roles do not own them (0.525833ms)
✔ investment lifecycle expansion separates recognition, settlement, and measurement (1.737625ms)
✔ investment lifecycle workflow persists recognition and settlement separately (2.01925ms)
✔ share-sale lifecycle recognizes exact FIFO facts before separate settlement (0.841625ms)
✔ income lifecycle separates declaration or entitlement from cash receipt (1.114958ms)
✔ lifecycle corrections preserve history and supersede only equal settlements (1.202583ms)
✔ sale workflow owns FIFO persistence behind restricted investments functions (0.988666ms)
✔ contract reconciles live state before removing predecessor production names (0.416291ms)
✔ rollback disables successor first, preserves data, and is recutover-safe (0.333083ms)
✔ sale contract reconciles FIFO state before removing predecessor names (0.429625ms)
✔ sale rollback is non-destructive and recutover-safe (0.353666ms)
✔ received-dividend workflow owns policy persistence behind restricted functions (0.567792ms)
✔ received-dividend contract reconciles before predecessor removal (0.283083ms)
✔ received-dividend rollback is non-destructive and recutover-safe (0.314958ms)
✔ allocation identities remain stable across the overlap window (0.467ms)
✔ complete stage exit reconciles before deleting every investment predecessor (1.045958ms)
✔ complete stage exit removes overlap-era and duplicate write policies (0.47975ms)
✔ complete stage exit binds canonical investment writes to archive freshness (0.983125ms)
✔ supported patterns keep writes private and publish correction lineage (2.32075ms)
✔ supported-pattern rollback restores the exact predecessor or refuses after new data (0.450666ms)
✔ supported-pattern authority cleanup grants no runtime authority (0.422542ms)
✔ manual-evidence migration bounds owner authority after cleanup (0.417542ms)
✔ lifecycle measurement bounds owner authority after cleanup (0.226625ms)
✔ measurement reversals and investment boundaries are executable and reversible (0.890208ms)
✔ settled wrong-amount corrections bind both reversals atomically (0.470459ms)
✔ investments schema is private, forced-RLS, and restricted-role owned (21154.03625ms)
ℹ tests 33
ℹ suites 0
ℹ pass 33
ℹ fail 0
ℹ cancelled 0
ℹ skipped 0
ℹ todo 0
ℹ duration_ms 21287.150792

> talli-repository@0.1.0 test:investment-lots-schema
> node --test tests/investment_lots_schema.test.mjs

✔ FIFO migration owns lot history and atomic investment writes (2.564958ms)
✔ legacy positions fail closed until lot history is reconstructed (0.799125ms)
ℹ tests 2
ℹ suites 0
ℹ pass 2
ℹ fail 0
ℹ cancelled 0
ℹ skipped 0
ℹ todo 0
ℹ duration_ms 52.037667

> talli-repository@0.1.0 test:dividend-received
> uv run --project apps/backend pytest apps/backend/tests/test_investments.py apps/backend/tests/test_investments_workflow.py apps/backend/tests/test_investments_api.py apps/backend/tests/test_supabase_investments.py -k 'dividend or activity' -q && node --test apps/web/tests/investments-presentation.test.mjs && node --test tests/investments_capability_schema.test.mjs tests/investments_database_runtime.test.mjs

..........                                                               [100%]
10 passed, 51 deselected in 1.17s
✔ investments transport uses generated routes, auth, idempotency, and opaque paging (19.573792ms)
✔ investment unit reads reject lossy wire values (1.179458ms)
✔ investment position reads preserve contract-declared lifecycle movement facts (0.408333ms)
✔ investment unit presentation stays decimal-string exact (0.206708ms)
✔ investments presentation maps canonical wire facts without owning policy (1.765666ms)
✔ investments errors preserve retry identity only for unknown outcomes (0.115583ms)
✔ investment actions require explicit owner and dividend attestations (1.684084ms)
✔ investment wizard controls can shrink inside the mobile grid (0.247083ms)
ℹ tests 8
ℹ suites 0
ℹ pass 8
ℹ fail 0
ℹ cancelled 0
ℹ skipped 0
ℹ todo 0
ℹ duration_ms 134.058458
✔ the complete local database gate includes the investments lifecycle (0.85175ms)
✔ bank facts are claimed atomically through one restricted reversible routine (1.140917ms)
✔ year-end measurement is executable, restricted, and reverses fail closed (0.854292ms)
✔ lifecycle public cutover removes every v1 writer grant reversibly (1.929041ms)
✔ contract and rollback artifacts bound hosted backend-system DDL authority (1.470583ms)
✔ forward correction-source replay stays insert-only across rollback (0.293125ms)
✔ expand and workflow keep predecessor and successor stores coherent (0.69325ms)
✔ canonical investments tables are forced-RLS and runtime roles do not own them (0.745584ms)
✔ investment lifecycle expansion separates recognition, settlement, and measurement (1.783083ms)
✔ investment lifecycle workflow persists recognition and settlement separately (2.132709ms)
✔ share-sale lifecycle recognizes exact FIFO facts before separate settlement (0.925375ms)
✔ income lifecycle separates declaration or entitlement from cash receipt (1.167625ms)
✔ lifecycle corrections preserve history and supersede only equal settlements (1.260375ms)
✔ sale workflow owns FIFO persistence behind restricted investments functions (1.014666ms)
✔ contract reconciles live state before removing predecessor production names (0.440625ms)
✔ rollback disables successor first, preserves data, and is recutover-safe (0.339875ms)
✔ sale contract reconciles FIFO state before removing predecessor names (0.628834ms)
✔ sale rollback is non-destructive and recutover-safe (0.518042ms)
✔ received-dividend workflow owns policy persistence behind restricted functions (0.661333ms)
✔ received-dividend contract reconciles before predecessor removal (0.341083ms)
✔ received-dividend rollback is non-destructive and recutover-safe (0.2625ms)
✔ allocation identities remain stable across the overlap window (0.267541ms)
✔ complete stage exit reconciles before deleting every investment predecessor (1.021375ms)
✔ complete stage exit removes overlap-era and duplicate write policies (0.569042ms)
✔ complete stage exit binds canonical investment writes to archive freshness (1.077167ms)
✔ supported patterns keep writes private and publish correction lineage (2.375792ms)
✔ supported-pattern rollback restores the exact predecessor or refuses after new data (0.463209ms)
✔ supported-pattern authority cleanup grants no runtime authority (0.406125ms)
✔ manual-evidence migration bounds owner authority after cleanup (1.492291ms)
✔ lifecycle measurement bounds owner authority after cleanup (0.867209ms)
✔ measurement reversals and investment boundaries are executable and reversible (2.882292ms)
✔ settled wrong-amount corrections bind both reversals atomically (0.674ms)
✔ investments schema is private, forced-RLS, and restricted-role owned (20559.714291ms)
ℹ tests 33
ℹ suites 0
ℹ pass 33
ℹ fail 0
ℹ cancelled 0
ℹ skipped 0
ℹ todo 0
ℹ duration_ms 20612.82225

> talli-repository@0.1.0 test:owner-dividend
> node --experimental-strip-types --test tests/owner_dividend.test.mjs

✔ legacy owner-dividend accounting and placeholder helpers are gone (0.561208ms)
✔ dividend basis and fact hashes are owned by the Python governance capability (0.274083ms)
✔ server sends owner-dividend intent to governance without duplicating policy (0.797583ms)
✔ wizard reviews all owners and meeting facts with proportional allocation only (0.480042ms)
✔ workspace no longer embeds the legacy posting form or placeholder copy (0.198791ms)
ℹ tests 5
ℹ suites 0
ℹ pass 5
ℹ fail 0
ℹ cancelled 0
ℹ skipped 0
ℹ todo 0
ℹ duration_ms 55.998

> talli-repository@0.1.0 test:owner-dividend-payment
> node --experimental-strip-types --test tests/owner_dividend_payment.test.mjs

✔ server delegates policy-bound accounting atomically to governance (0.842667ms)
✔ workspace presents only eligible transactions for each finalized open payable (0.214833ms)
ℹ tests 2
ℹ suites 0
ℹ pass 2
ℹ fail 0
ℹ cancelled 0
ℹ skipped 0
ℹ todo 0
ℹ duration_ms 54.150917

> talli-repository@0.1.0 test:shareholder-loan
> node --experimental-strip-types --test tests/shareholder_loan.test.mjs

✔ shareholder-loan intent crosses only the governance generated boundary (0.7995ms)
✔ active Supabase integration no longer imports or exercises browser-owned loan policy (0.355ms)
✔ shareholder-loan wizard submits intent without owning domain or ledger policy (0.133584ms)
ℹ tests 3
ℹ suites 0
ℹ pass 3
ℹ fail 0
ℹ cancelled 0
ℹ skipped 0
ℹ todo 0
ℹ duration_ms 56.978917

> talli-repository@0.1.0 test:annual-data
> node --experimental-strip-types --test tests/annual_data.test.mjs

✔ builds structured year-end answers without free text (0.849042ms)
✔ does not mark activity years as no-activity (0.087166ms)
✔ seeds recorded activity into an unsaved year-end interview (0.091667ms)
✔ recorded activity cannot be hidden by a stale saved false answer (0.061958ms)
✔ keeps user confirmations independent from registered activity (0.074ms)
ℹ tests 5
ℹ suites 0
ℹ pass 5
ℹ fail 0
ℹ cancelled 0
ℹ skipped 0
ℹ todo 0
ℹ duration_ms 78.65475

> talli-repository@0.1.0 test:annual-readiness
> node --experimental-strip-types --test tests/annual_readiness_gates.test.mjs

✔ evaluates ready state separately for all annual obligations (2.605792ms)
✔ returns hard blocks for missing permission and billing (0.702208ms)
✔ uses no-activity annual data to avoid unrelated tax-settlement clutter (0.169584ms)
✔ keeps accepted warnings separate from open warnings (0.234ms)
✔ reports open warnings and obligation-specific blocks (0.157459ms)
ℹ tests 5
ℹ suites 0
ℹ pass 5
ℹ fail 0
ℹ cancelled 0
ℹ skipped 0
ℹ todo 0
ℹ duration_ms 88.411583

> talli-repository@0.1.0 test:annual-corporate-documents
> node --experimental-strip-types --test tests/annual_corporate_documents.test.mjs

✔ annual basis helpers were removed from the web authority boundary (1.522958ms)
✔ annual decisions render only inside the Python backend (0.303875ms)
✔ annual readiness is read from the Python governance API (0.464958ms)
✔ annual server action uses backend canonicalization and rendered artifacts (0.428958ms)
✔ year-end and filing UI expose the annual corporate lifecycle honestly (0.637458ms)
ℹ tests 5
ℹ suites 0
ℹ pass 5
ℹ fail 0
ℹ cancelled 0
ℹ skipped 0
ℹ todo 0
ℹ duration_ms 58.197875

> talli-repository@0.1.0 test:authority-evidence
> node --experimental-strip-types --test tests/authority_test_evidence.test.mjs tests/annual_accounts_authority_evidence_import.test.mjs tests/company_tax_return_authority_evidence_import.test.mjs tests/rf1086_tt02_evidence.test.mjs tests/company_tax_return_tt02_evidence.test.mjs tests/annual_accounts_tt02_evidence.test.mjs

✔ runtime imports validated RR0002 evidence as pending without enabling production (0.918958ms)
✔ workspace offers a JSON evidence import and defaults manual evidence to pending (0.1865ms)
✔ annual-accounts TT02 evidence is submitted, archived, test-only, and secret-free (3.798125ms)
✔ builds accepted authority test evidence with receipt and archive refs (0.559833ms)
✔ imports submitted annual-accounts TT02 evidence as pending runtime evidence (0.718792ms)
✔ imports completed company-tax TT02 evidence as company- and year-bound pending evidence (0.876709ms)
✔ company-tax TT02 import fails closed on identity, authority, handoff, receipt, or archive mismatches (0.603333ms)
✔ annual-accounts TT02 import fails closed on company, production, and submission mismatches (0.208375ms)
✔ requires test reference and recorder (1.1845ms)
✔ gate requires accepted evidence with receipt and archive refs (0.133125ms)
✔ gate surfaces latest rejected, blocked, and pending evidence (7.420166ms)
✔ migration links test-authority submissions without opening the direct-write policy (1.738958ms)
✔ migration exposes one authenticated owner-AAL2-protected atomic import RPC (1.051959ms)
✔ RPC evidence URLs use one canonical HTTPS grammar and reject traversal (0.270292ms)
✔ RPC retries compare evidence content without replacing the original actors (0.156125ms)
✔ runtime imports completed company-tax TT02 evidence through exactly one atomic RPC (0.589ms)
✔ workspace offers a company-tax JSON evidence import bound to the active year (0.174625ms)
✔ company-tax TT02 evidence is submitted, receipted, archived, test-only, and secret-free (3.573583ms)
✔ RF-1086 TT02 evidence is accepted, complete, and secret-free (3.450209ms)
ℹ tests 19
ℹ suites 0
ℹ pass 19
ℹ fail 0
ℹ cancelled 0
ℹ skipped 0
ℹ todo 0
ℹ duration_ms 101.825625

> talli-repository@0.1.0 test:authority-adapters
> node --experimental-strip-types --test tests/authority_adapters.test.mjs

✔ RF-1086 transport is implemented but every production authority adapter remains disabled (1.029292ms)
✔ RF-1086 plan preserves XML document, confirmation, feedback, and receipt sequence (0.098166ms)
✔ tax return and annual accounts plans require an ID-porten person signing handoff (0.106834ms)
ℹ tests 3
ℹ suites 0
ℹ pass 3
ℹ fail 0
ℹ cancelled 0
ℹ skipped 0
ℹ todo 0
ℹ duration_ms 80.01675

> talli-repository@0.1.0 test:authority-operations
> uv run --project apps/backend pytest -c apps/backend/pyproject.toml apps/backend/tests/test_authority_operations.py apps/backend/tests/test_altinn_authority_operations.py apps/backend/tests/test_authority_operations_api.py -q && node --test tests/authority_operations_schema.test.mjs tests/authority_operations_actions.test.mjs

........................................................................ [ 47%]
........................................................................ [ 94%]
.........                                                                [100%]
153 passed in 3.13s
✔ authority actions carry exact intent to the authenticated backend without web audit or credentials (0.677458ms)
✔ operator UI exposes only the immutable RF-1086 operation and redacted results (0.171291ms)
✔ operator audit history uses generated transport and retains current-admin UI visibility (0.117583ms)
✔ callback operation carries only its fixed action identity through the shared transport (0.109167ms)
✔ operator callback UI is native, exact, and honest about its narrow effect (0.424208ms)
✔ authority operations are constrained, RLS protected, and service-written (0.903417ms)
✔ rollback revokes access before dropping the table (0.445083ms)
✔ callback operation migration expands only the constrained safe audit contract (0.504125ms)
✔ callback rollback removes callback rows before restoring the original constraints (0.84475ms)
ℹ tests 9
ℹ suites 0
ℹ pass 9
ℹ fail 0
ℹ cancelled 0
ℹ skipped 0
ℹ todo 0
ℹ duration_ms 54.204

> talli-repository@0.1.0 test:maskinporten
> uv run --project apps/backend pytest -c apps/backend/pyproject.toml apps/backend/tests/test_maskinporten.py apps/backend/tests/test_authority_tool_grant.py -q

........................................................................ [ 69%]
................................                                         [100%]
104 passed in 10.07s

> talli-repository@0.1.0 test:system-user-requests
> uv run --project apps/backend pytest -c apps/backend/pyproject.toml apps/backend/tests/test_authority_connections_service.py apps/backend/tests/test_authority_connections_api.py apps/backend/tests/test_altinn_system_user.py apps/backend/tests/test_authority_callback_transport.py apps/backend/tests/test_authority_connections_state_workflow.py -q && node --test tests/system_user_callback_route.test.mjs apps/web/tests/authority-connections-transport.test.mjs

........................................................................ [ 37%]
........................................................................ [ 74%]
..................................................                       [100%]
194 passed in 4.60s
✔ company connection reads batch more than 100 memberships without dropping or trusting unrelated records (29.038708ms)
✔ authorityConnectionsStartSystemUserRequest carries only intent identity through authenticated no-store generated transport (0.420583ms)
✔ authorityConnectionsRetrySystemUserRequest carries only intent identity through authenticated no-store generated transport (0.229917ms)
✔ authorityConnectionsReconcileSystemUserRequest carries only intent identity through authenticated no-store generated transport (0.201958ms)
✔ callback generated transport forwards proof separately from its sole request identity (0.237584ms)
✔ generated authority result rejects unknown statuses and malformed response contracts (0.607167ms)
✔ generated operator mutation preserves exact audit identity and redacted response (0.640042ms)
✔ technical signoff command has no recording actor or trusted timestamp (0.279542ms)
✔ production route import defers canonical origin validation until a callback request (92.486208ms)
✔ callback redirects use only the fixed Talli origin, with localhost limited to non-production (0.373083ms)
✔ callback ignores all query parameters and forwards only its local cookie with bound server proof (2.3955ms)
✔ missing or invalid cookie, missing session, and missing transport key fail before backend effects (0.536625ms)
✔ backend owner, stale-request or provider rejection exposes no private diagnostic (0.243625ms)
✔ callback rejects a backend result for another request (0.147917ms)
✔ callback maps only existing local presentation states (1.108333ms)
✔ web callback proof interoperates with the backend verifier and binds request plus bearer (24.928375ms)
ℹ tests 16
ℹ suites 0
ℹ pass 16
ℹ fail 0
ℹ cancelled 0
ℹ skipped 0
ℹ todo 0
ℹ duration_ms 232.642875

> talli-repository@0.1.0 test:rf1086:authority-client
> uv run --project apps/backend pytest -c apps/backend/pyproject.toml apps/backend/tests/test_rf1086_authority.py apps/backend/tests/test_authority_tool_rf1086.py -q

........................................................................ [ 42%]
........................................................................ [ 85%]
.........................                                                [100%]
169 passed in 11.25s

> talli-repository@0.1.0 test:rf1086:production-pilot
> node --experimental-strip-types --test tests/production_pilot.test.mjs tests/production_submission.test.mjs tests/controlled_production_beta_schema.test.mjs tests/rf1086_production_environment.test.mjs tests/controlled_production_beta_actions.test.mjs tests/rf1086_production_runbook.test.mjs && uv run --project apps/backend pytest -c apps/backend/pyproject.toml apps/backend/tests/test_shareholder_register_filing_production.py apps/backend/tests/test_postgres_shareholder_register_filing.py apps/backend/tests/test_shareholder_register_filing_api.py apps/backend/tests/test_legacy_rf1086_api.py -q

✔ operator entitlement action is exact and database-authorized (1.2055ms)
✔ owner approval delegates persisted identity and acknowledgement to the authenticated RF boundary (0.246ms)
✔ send action carries only approval identity through the authenticated backend transport (0.167833ms)
✔ owner connection actions accept only local UUID selection and enforce fresh AAL2 before flow orchestration (0.3215ms)
✔ production UI never equates receipt transport with final acceptance (0.158ms)
✔ production history reports unavailable backend reads through the existing error result (0.094709ms)
✔ all migrations use portable JSONB object checks (7.996708ms)
✔ creates a separate production-only aggregate with constrained states (2.408ms)
✔ denies direct customer mutation and keeps authority events service-only (0.411667ms)
✔ approval and begin RPCs enforce owner AAL2 and an exact active entitlement (0.467708ms)
✔ acceptance requires explicit final authority evidence and events are append-only (0.182709ms)
✔ rollback revokes RPC access before dropping additive objects (0.106333ms)
✔ Systembruker binding preserves every existing production filing gate (0.590375ms)
✔ canonical RF relocation preserves physical production aggregates and uses dedicated authority (1.323209ms)
✔ canonical begin retains owner MFA, exact System User and Billing bindings, and every original release gate (0.888958ms)
✔ uses the backend's exact pilot decision without duplicating entitlement matching in the web app (0.747333ms)
✔ fails closed when the backend does not return a pilot or billing decision (0.143083ms)
✔ a non-exempt backend decision cannot skip the billing-refund signoff (0.110583ms)
✔ recovery presentation carries the recorded identity through the generated backend contract (1.064375ms)
✔ RF producer preserves the public Documents lifecycle and original filing linkage (0.208667ms)
✔ filing page auto-resumes pending reconciliation and always exposes manual retry (0.130625ms)
✔ legacy web default cannot infer backend production readiness from browser-host environment (0.725417ms)
✔ runbook covers the hand-held first production filing and immediate rollback (0.800583ms)
✔ release docs require callback verification before self-service activation (0.10875ms)
✔ runbook defines the activation order, recovery matrix, and local-proof boundary (0.266791ms)
ℹ tests 25
ℹ suites 0
ℹ pass 25
ℹ fail 0
ℹ cancelled 0
ℹ skipped 0
ℹ todo 0
ℹ duration_ms 93.377458
........................................................................ [ 24%]
........................................................................ [ 48%]
........................................................................ [ 72%]
........................................................................ [ 96%]
..........                                                               [100%]
298 passed in 22.98s

> talli-repository@0.1.0 test:python-runtime
> node --experimental-strip-types --test tests/python_runtime.test.mjs

✔ uses an explicit configured Python runtime (0.511583ms)
✔ finds the project virtualenv for local filing-engine calls (0.142833ms)
✔ fails closed when no dependency-complete Python runtime is configured (0.334ms)
ℹ tests 3
ℹ suites 0
ℹ pass 3
ℹ fail 0
ℹ cancelled 0
ℹ skipped 0
ℹ todo 0
ℹ duration_ms 77.871584

> talli-repository@0.1.0 test:corporate-documents
> node --experimental-strip-types --test tests/corporate_documents.test.mjs tests/corporate_document_schema.test.mjs tests/corporate_document_database_runtime.test.mjs

✔ corporate lifecycle RPCs pass a fresh PostgreSQL rehearsal (2079.02525ms)
✔ corporate decision schema is immutable, tenant scoped, and hash bound (3.319875ms)
✔ accounting policy accounts are server-side reviewed facts (0.881958ms)
✔ database RPCs recompute canonical hashes and persisted accounting facts (1.845083ms)
✔ the web owns transport and presentation, not governance or rendering (1.534125ms)
ℹ tests 5
ℹ suites 0
ℹ pass 5
ℹ fail 0
ℹ cancelled 0
ℹ skipped 0
ℹ todo 0
ℹ duration_ms 2132.052125

> talli-repository@0.1.0 test:corporate-decision-workflow
> node --experimental-strip-types --test tests/corporate_decision_workflow.test.mjs

✔ signed corporate upload validates PDF bytes and delegates immutable storage identity (1.319084ms)
✔ server exposes step-up-protected immutable lifecycle actions (0.604166ms)
✔ review, signed attestation, and preview UI use honest owner-only copy (0.202292ms)
✔ superseded decisions are terminal in the owner UI (0.134166ms)
ℹ tests 4
ℹ suites 0
ℹ pass 4
ℹ fail 0
ℹ cancelled 0
ℹ skipped 0
ℹ todo 0
ℹ duration_ms 84.818166

> talli-repository@0.1.0 test:corporate-governance-supported-events
> uv run --project apps/backend pytest -c apps/backend/pyproject.toml apps/backend/tests/test_corporate_governance.py apps/backend/tests/test_corporate_governance_public_contract.py apps/backend/tests/test_corporate_governance_supported_events.py apps/backend/tests/test_corporate_governance_workflow.py apps/backend/tests/test_corporate_governance_api.py apps/backend/tests/test_ledger_corrections.py -q && node --experimental-strip-types --test tests/corporate_governance_cross_output_reconciliation.test.mjs tests/archive_export.test.mjs tests/corporate_governance_review_fixes.test.mjs tests/ledger_supported_event_reversals_schema.test.mjs

........................................................................ [ 94%]
....                                                                     [100%]
76 passed in 3.07s
✔ builds company-year archive from persisted workspace rows (2.721083ms)
✔ archive download fetches only sanitized authority runs linked by submission id (0.484333ms)
✔ archive ledger facts come through the generated capability query with a frozen projection (0.940625ms)
✔ #191 freezes the complete supported capital, financing, and group matrix (0.802958ms)
✔ every supported occurrence is cent-exact, balanced, signed, and source-addressable (0.279375ms)
✔ RF-1086 receives only registered issuer-capital facts (0.144792ms)
✔ group-contribution tax handoffs retain gross, tax, and after-tax amounts separately (0.080042ms)
✔ the pinned account set and immutable finalization contract stay executable (0.54475ms)
✔ corporate-governance manifests declare the implemented public surface (3.684709ms)
✔ backend workflow documentation has one canonical governance workflow (0.930459ms)
✔ lifecycle reader exposes migrated source-hash compatibility explicitly (1.112167ms)
✔ local gate rehearses predecessor ledger cutover before governance retires it (0.469417ms)
✔ complete gate uses the backend-managed Python runtime (0.466083ms)
✔ governance review regressions run in the complete acceptance boundary (0.57625ms)
✔ document evidence ownership is acyclic and declared (1.598541ms)
✔ document evidence registration cannot forge trusted actor or owner context (0.793042ms)
✔ historical document evidence uses a migration-only backfill contract (0.739459ms)
✔ future annual-data compatibility scopes remain frozen without a checker bypass (1.906584ms)
✔ canonical decision payloads share one serializer (0.434875ms)
✔ supported event reversals preserve immutable balanced lineage (3.441792ms)
ℹ tests 20
ℹ suites 0
ℹ pass 20
ℹ fail 0
ℹ cancelled 0
ℹ skipped 0
ℹ todo 0
ℹ duration_ms 85.448875

> talli-repository@0.1.0 test:rf1086:persisted
> uv run --project apps/backend pytest -c apps/backend/pyproject.toml apps/backend/tests/test_rf1086_rule_equivalence.py apps/backend/tests/test_rf1086_preparation.py apps/backend/tests/test_rf1086_source_facts.py -q

........................................................................ [ 60%]
................................................                         [100%]
120 passed in 0.28s

> talli-repository@0.1.0 test:rf1086:submission
> uv run --project apps/backend pytest -c apps/backend/pyproject.toml apps/backend/tests/test_rf1086_preparation.py apps/backend/tests/test_rf1086_offline_equivalence.py apps/backend/tests/test_rf1086_cli_equivalence.py -q

........................................................................ [ 80%]
..................                                                       [100%]
90 passed in 4.73s

> talli-repository@0.1.0 test:annual-accounts
> node --experimental-strip-types --test tests/annual_accounts_payload.test.mjs

✔ builds verified RR0002 annual accounts payload fields (0.993833ms)
✔ includes system costs, bank interest, and share-sale losses in annual result (0.7355ms)
✔ separates tax expense from result before tax and includes tax payable in debt (0.216959ms)
✔ returns annual accounts feedback for missing notes and unsupported cases (0.201125ms)
✔ persists annual accounts payload feedback into readiness gate shape (1.681625ms)
ℹ tests 5
ℹ suites 0
ℹ pass 5
ℹ fail 0
ℹ cancelled 0
ℹ skipped 0
ℹ todo 0
ℹ duration_ms 87.951958

> talli-repository@0.1.0 test:annual-accounts-xml
> node --experimental-strip-types --test tests/annual_accounts_xml.test.mjs

✔ renders deterministic live-schema RR0002 main and company-accounts XML (1.59875ms)
✔ rejects a payload with readiness blocks (0.320833ms)
✔ rejects unbalanced or fractional whole-kroner payloads (0.890583ms)
✔ rejects a missing field or mismatched official orid (0.218792ms)
✔ rejects a calendar-invalid approval date (0.098292ms)
ℹ tests 5
ℹ suites 0
ℹ pass 5
ℹ fail 0
ℹ cancelled 0
ℹ skipped 0
ℹ todo 0
ℹ duration_ms 87.672

> talli-repository@0.1.0 test:annual-accounts-authority
> uv run --project apps/backend pytest -c apps/backend/pyproject.toml apps/backend/tests/test_authority_filing_transports.py -q

..............................................................           [100%]
62 passed in 0.11s

> talli-repository@0.1.0 test:annual-accounts-authority-script
> uv run --project apps/backend pytest -c apps/backend/pyproject.toml apps/backend/tests/test_authority_filing_tools.py -q && node --test tests/authority_tool_payload.test.mjs

........................................................................ [ 94%]
....                                                                     [100%]
76 passed in 13.75s
✔ fixed tax generator preserves predecessor statutory and envelope bytes (2.220917ms)
✔ annual subprocess uses the unchanged frozen generator and passes feedback (1.440125ms)
✔ extracted tax helper retains XML escaping, base64 and bounded validation summary (8.535541ms)
✔ payload subprocess rejects arbitrary module/path dispatch without reflecting input (72.707625ms)
ℹ tests 4
ℹ suites 0
ℹ pass 4
ℹ fail 0
ℹ cancelled 0
ℹ skipped 0
ℹ todo 0
ℹ duration_ms 172.99925

> talli-repository@0.1.0 test:company-tax-return
> node --experimental-strip-types --test tests/company_tax_return_payload.test.mjs

✔ builds 2025 schema-backed company tax return payload candidate (1.505334ms)
✔ uses the current-draft party number for both authority documents (0.165708ms)
✔ reconciles interest, costs, exempt gains, and non-deductible losses (8.3145ms)
✔ renders a negative taxable basis as a positive whole-number loss (0.190417ms)
✔ blocks unsupported tax treatment and shareholder loans (0.17275ms)
✔ builds no-activity payload candidate without activity warnings (0.1575ms)
✔ blocks unsupported owner dividend and blocking actions (0.153292ms)
✔ persists tax return payload feedback into skattemelding readiness (1.52025ms)
✔ archives pending company-tax TT02 feedback without relabeling it as a simulated receipt (0.631458ms)
ℹ tests 9
ℹ suites 0
ℹ pass 9
ℹ fail 0
ℹ cancelled 0
ℹ skipped 0
ℹ todo 0
ℹ duration_ms 99.120875

> talli-repository@0.1.0 test:company-tax-return-xml
> node --experimental-strip-types --test tests/company_tax_return_xml.test.mjs

✔ renders deterministic 2025 XML with escaped values and schema order (2.370083ms)
✔ rendered XML validates against the pinned official schemas when supplied (26.75625ms)
ℹ tests 2
ℹ suites 0
ℹ pass 2
ℹ fail 0
ℹ cancelled 0
ℹ skipped 0
ℹ todo 0
ℹ duration_ms 113.295125

> talli-repository@0.1.0 test:company-tax-return-authority
> uv run --project apps/backend pytest -c apps/backend/pyproject.toml apps/backend/tests/test_authority_filing_transports.py -q

..............................................................           [100%]
62 passed in 0.10s

> talli-repository@0.1.0 test:company-tax-return-authority-script
> uv run --project apps/backend pytest -c apps/backend/pyproject.toml apps/backend/tests/test_authority_filing_tools.py -q && node --test tests/authority_tool_payload.test.mjs

........................................................................ [ 94%]
....                                                                     [100%]
76 passed in 13.70s
✔ fixed tax generator preserves predecessor statutory and envelope bytes (2.104416ms)
✔ annual subprocess uses the unchanged frozen generator and passes feedback (1.393083ms)
✔ extracted tax helper retains XML escaping, base64 and bounded validation summary (8.758542ms)
✔ payload subprocess rejects arbitrary module/path dispatch without reflecting input (72.784875ms)
ℹ tests 4
ℹ suites 0
ℹ pass 4
ℹ fail 0
ℹ cancelled 0
ℹ skipped 0
ℹ todo 0
ℹ duration_ms 173.889667

> talli-repository@0.1.0 test:review
> node --experimental-strip-types --test tests/review_workflow.test.mjs

✔ advisory review comments can be acknowledged (0.477416ms)
✔ hard review comments cannot be acknowledged as advisory (0.212208ms)
✔ hard review comments block simulated submission (0.089291ms)
✔ workspace invitation presentation marks pending invitations expired (0.10975ms)
✔ review checklist keeps advisory comments separate from hard system blocks (0.426291ms)
ℹ tests 5
ℹ suites 0
ℹ pass 5
ℹ fail 0
ℹ cancelled 0
ℹ skipped 0
ℹ todo 0
ℹ duration_ms 81.670708

> talli-repository@0.1.0 test:billing
> uv run --project apps/backend pytest -c apps/backend/pyproject.toml apps/backend/tests/test_billing.py apps/backend/tests/test_legacy_billing_retirement.py apps/backend/tests/test_annual_billing_policy.py apps/backend/tests/test_annual_checkout_service.py apps/backend/tests/test_annual_cleanup_service.py apps/backend/tests/test_annual_refund_service.py apps/backend/tests/test_annual_refund_recovery_service.py apps/backend/tests/test_annual_refund_recovery_api.py apps/backend/tests/test_annual_refund_targets_api.py apps/backend/tests/test_annual_support_refund_recovery_service.py apps/backend/tests/test_annual_support_cleanup_service.py apps/backend/tests/test_annual_support_refund_recovery_api.py apps/backend/tests/test_annual_support_cleanup_api.py apps/backend/tests/test_annual_support_refund_targets_api.py apps/backend/tests/test_vipps_billing.py apps/backend/tests/test_vipps_webhook.py apps/backend/tests/test_annual_billing_runtime_configuration.py apps/backend/tests/test_annual_checkout_reconciliation_cli.py apps/backend/tests/test_annual_observation_service.py apps/backend/tests/test_vipps_mt_conformance_runner.py apps/backend/tests/test_annual_notification_intake.py apps/backend/tests/test_billing_equivalence.py apps/backend/tests/test_billing_provider.py apps/backend/tests/test_billing_api.py apps/backend/tests/test_annual_billing_api.py apps/backend/tests/test_annual_checkout_api.py apps/backend/tests/test_annual_cleanup_api.py apps/backend/tests/test_annual_support_api.py -q && node --experimental-strip-types --test tests/billing_persisted.test.mjs tests/billing_reconciliation_action.test.mjs apps/web/tests/billing-transport.test.mjs apps/web/tests/annual-billing-ui.test.mjs apps/web/tests/annual-support-ui.test.mjs apps/web/tests/annual-cleanup-control.test.mjs apps/web/tests/annual-checkout-observation.test.mjs apps/web/tests/annual-checkout-request.test.mjs apps/web/tests/annual-refund-recovery.test.mjs apps/web/tests/annual-support-refund-recovery.test.mjs apps/web/tests/annual-support-cleanup-recovery.test.mjs apps/web/tests/reauthentication.test.mjs apps/web/tests/operator-read-recovery.test.mjs

........................................................................ [  8%]
........................................................................ [ 16%]
........................................................................ [ 25%]
........................................................................ [ 33%]
........................................................................ [ 41%]
........................................................................ [ 50%]
........................................................................ [ 58%]
........................................................................ [ 66%]
........................................................................ [ 75%]
........................................................................ [ 83%]
........................................................................ [ 91%]
........................................................................ [100%]
864 passed in 52.84s
✔ annual history keeps stored purchase prices and terms separate from today's offer (10.160583ms)
✔ purchase and offer archive downloads bypass Next navigation and its automatic prefetch (65.877ms)
✔ only persisted cancellation confirms success even after an ambiguous response (2.338917ms)
✔ pending history never claims paid access and still permits renewal cancellation (34.729375ms)
✔ failed history never claims paid access and still permits renewal cancellation (3.047375ms)
✔ refunded history never claims paid access and still permits renewal cancellation (1.02325ms)
✔ nonrecurring purchase does not suggest renewal; history retains company and cursor (1.187833ms)
✔ owner refund evidence shows cumulative liability and settled money independently (1.206875ms)
✔ a pending refund past its initiation target never implies late initiation or bank receipt (1.078625ms)
✔ a created attempt does not erase outstanding owner refund liability (1.131ms)
✔ a failed attempt does not erase outstanding owner refund liability (3.595458ms)
✔ a request without recorded liability is visible without inventing refund rights or settlement (7.561791ms)
✔ web-first deployment keeps predecessor history and cancellation while refund details are unavailable (1.596292ms)
✔ cancellation unavailable recovery preserves the exact company/purchase/key/history (27.983792ms)
✔ cancellation step-up recovery preserves the exact company/purchase/key/history (2.645834ms)
✔ cancellation sign-in recovery preserves the exact company/purchase/key/history (1.928667ms)
✔ successful cancellation refreshes history without fabricating a success flag (1.889292ms)
✔ missing session reaches sign-in with replay context before any mutation (8.243375ms)
✔ billing page binds the selected company and admitted year without loading legacy workspace state (25.467375ms)
✔ unknown company and malformed cursor never send an annual request (27.220958ms)
✔ owner history remains available without admission, with each stored year and original action scope (7.94825ms)
✔ new current offer never replaces older purchase terms or archive year (7.811125ms)
✔ partial capture stays visible independently of price, refunds and paid access (57.03225ms)
✔ web-first fallback is explicitly limited and never passes a company history cursor to the old snapshot (50.16775ms)
✔ unavailable offer preserves readable history but a later access rejection hides it (12.51125ms)
✔ an empty company-wide history without admission is an authorized empty result (10.088583ms)
✔ an empty continuation page never claims the company has no purchase history (17.781458ms)
✔ read failure offers fresh history and MFA recovery retains cancellation context (18.484375ms)
✔ read after uncertain cancellation reuses the key only on the same purchase (16.290541ms)
✔ discovery loads only the selected canonical purchase and keeps money in history (8.655334ms)
✔ absent or unavailable discovery retains authorized history without claiming no refund (26.09575ms)
✔ discovery authentication rejection suppresses all earlier protected reads (36.234666ms)
✔ invalid or off-page selection sends no discovery request and never substitutes another purchase (26.1185ms)
✔ foreign discovery scope and replaced representative cannot silently select the earlier request (29.318375ms)
✔ login preserves selected request and both cursors without performing any action (5.94225ms)
✔ unavailable discovery retries the same page and receipt while newest navigation explicitly resets them (10.502667ms)
✔ Company Access mfa failure retains the selected second company before authorization succeeds (5.361ms)
✔ Company Access login failure retains the selected second company before authorization succeeds (5.484708ms)
✔ Company Access retry failure retains the selected second company before authorization succeeds (5.13225ms)
✔ billing account layout leaves legal and company recovery to its authorized page (4.935958ms)
✔ persisted cancellation exposes explicit agreement recovery for pending purchase without recurring consent (0.850041ms)
✔ persisted cancellation exposes explicit agreement recovery for paid purchase without recurring consent (0.578417ms)
✔ persisted cancellation exposes explicit agreement recovery for failed purchase without recurring consent (0.516417ms)
✔ persisted cancellation exposes explicit agreement recovery for refunded purchase without recurring consent (0.51925ms)
✔ owner recovery selection survives login without trusting a forged cleanup confirmation (12.3765ms)
✔ only stored pending history exposes status recovery: pending (6.118541ms)
✔ only stored pending history exposes status recovery: paid (6.209666ms)
✔ only stored pending history exposes status recovery: refunded (5.76175ms)
✔ only stored pending history exposes status recovery: failed (11.72075ms)
✔ checkout recovery marker survives login and page MFA without triggering observation (10.914542ms)
✔ checkout preparation is read-only and follows the selected admitted company-year (11.777292ms)
✔ unverified initiating user or later preparation access rejection hides protected history (17.252958ms)
✔ checkout selection starts on newest history and retains its earlier page as a separate backlink (12.060417ms)
✔ pending checkout and canceled-agreement recovery coexist with distinct sibling identities (0.678ms)
✔ scoped pending observation refreshes canonical history and discards partial checkout details (77.021333ms)
✔ scoped paid observation refreshes canonical history and discards partial checkout details (5.566458ms)
✔ scoped refunded observation refreshes canonical history and discards partial checkout details (6.261ms)
✔ scoped failed observation refreshes canonical history and discards partial checkout details (5.389459ms)
✔ step-up keeps original checkout and company-wide cursor for explicit recovery (9.230792ms)
✔ sign-in keeps original checkout and company-wide cursor for explicit recovery (4.206209ms)
✔ unavailable keeps original checkout and company-wide cursor for explicit recovery (6.596541ms)
✔ missing session and malformed intent cannot observe a checkout (22.352541ms)
✔ foreign company or purchase cannot refresh or confirm the requested checkout (5.892333ms)
✔ repeated checks keep the same purchase and no new operation identity (3.037ms)
✔ failed revalidation cannot announce a locally paid purchase (10.010125ms)
✔ status check starts idle and contains only original-intent and navigation fields (28.18975ms)
✔ pending result leaves canonical history in charge of payment status and money (6.671ms)
✔ paid result leaves canonical history in charge of payment status and money (6.358291ms)
✔ refunded result leaves canonical history in charge of payment status and money (8.107666ms)
✔ failed result leaves canonical history in charge of payment status and money (7.009209ms)
✔ in-flight request disables duplicate clicks and hides older messages (6.207625ms)
✔ foreign result and recovery state stay hidden on the current purchase (11.701209ms)
✔ lost browser response retains retry and read-only history refresh without inventing payment (11.858125ms)
✔ only a fresh scoped pending observation exposes its explicit approval link (42.189291ms)
✔ restoration retains exact original body/key/year/user without network work (1.794167ms)
✔ withdrawal choice persists before recovery and cannot revert or change intent (0.217708ms)
✔ only a matching saved request can be removed; late A cannot erase B (0.1515ms)
✔ storage read failure cannot overwrite or release retained intent (0.125917ms)
✔ storage write failure cannot overwrite or release retained intent (0.10375ms)
✔ storage remove failure cannot overwrite or release retained intent (0.0865ms)
✔ unsupported draft version is retained without replacement (0.122542ms)
✔ unsupported draft initiatingUserId is retained without replacement (0.075375ms)
✔ unsupported draft idempotencyKey is retained without replacement (0.089167ms)
✔ unsupported draft beforePurchaseId is retained without replacement (0.3005ms)
✔ unsupported draft phase is retained without replacement (0.08975ms)
✔ unsupported draft providerUrl is retained without replacement (4.670917ms)
✔ unsupported draft token is retained without replacement (0.0585ms)
✔ draft business input companyId fails before use (0.089583ms)
✔ draft business input incomeYear fails before use (0.046375ms)
✔ draft business input incomeYear fails before use (0.03475ms)
✔ draft business input termsDigest fails before use (0.031417ms)
✔ draft business input purchaseAccepted fails before use (0.03025ms)
✔ draft business input recurringConsent fails before use (0.033083ms)
✔ draft business input offerVersion fails before use (0.027459ms)
✔ draft business input consentVersion fails before use (0.027792ms)
✔ draft business input readiness fails before use (0.0345ms)
✔ draft business input actorId fails before use (0.032125ms)
✔ history navigation selects the purchase on newest history and keeps prior cursor only as a backlink (1.204ms)
✔ checkout-requested verifies exact token subject and forwards only original body/key (108.111333ms)
✔ checkout-requested blocks missing or changed initiating user {"token":null} (6.386834ms)
✔ checkout-requested blocks missing or changed initiating user {"user":null} (19.451708ms)
✔ checkout-requested blocks missing or changed initiating user {"user":"30000000-0000-4000-8000-000000000001"} (4.037333ms)
✔ checkout-requested sign-in preserves request and explicit recovery return (12.566708ms)
✔ checkout-requested step-up preserves request and explicit recovery return (3.782542ms)
✔ checkout-requested unavailable preserves request and explicit recovery return (9.799583ms)
✔ checkout-requested cannot resolve a foreign response or failed canonical refresh (6.91825ms)
✔ checkout-requested cannot resolve a foreign response or failed canonical refresh (42.462083ms)
✔ withdrawal-requested verifies exact token subject and forwards only original body/key (38.99675ms)
✔ withdrawal-requested blocks missing or changed initiating user {"token":null} (3.045458ms)
✔ withdrawal-requested blocks missing or changed initiating user {"user":null} (2.735667ms)
✔ withdrawal-requested blocks missing or changed initiating user {"user":"30000000-0000-4000-8000-000000000001"} (22.328375ms)
✔ withdrawal-requested sign-in preserves request and explicit recovery return (4.765334ms)
✔ withdrawal-requested step-up preserves request and explicit recovery return (5.970375ms)
✔ withdrawal-requested unavailable preserves request and explicit recovery return (2.705334ms)
✔ withdrawal-requested cannot resolve a foreign response or failed canonical refresh (2.600208ms)
✔ withdrawal-requested cannot resolve a foreign response or failed canonical refresh (2.384291ms)
✔ wrong phase, malformed or duplicate draft cannot reach a checkout command (2.605541ms)
✔ owner cleanup action returns only the scoped backend confirmed result (98.393792ms)
✔ owner cleanup action returns only the scoped backend pending result (5.033542ms)
✔ owner cleanup action returns only the scoped backend unknown result (3.856834ms)
✔ owner cleanup action returns only the scoped backend deferred result (3.376417ms)
✔ owner cleanup step-up never trusts previous confirmation and retains retry scope (3.64525ms)
✔ owner cleanup sign-in never trusts previous confirmation and retains retry scope (6.719917ms)
✔ owner cleanup unavailable never trusts previous confirmation and retains retry scope (3.852292ms)
✔ missing session and malformed scope never call the provider recovery endpoint (47.200417ms)
✔ retries use the same purchase without a browser operation key and reject mismatched response scope (5.93075ms)
✔ owner cleanup starts idle and only an explicit form can run recovery (15.259125ms)
✔ owner cleanup renders confirmed without claiming another outcome (26.695083ms)
✔ owner cleanup renders pending without claiming another outcome (4.095167ms)
✔ owner cleanup renders unknown without claiming another outcome (7.882708ms)
✔ owner cleanup renders deferred without claiming another outcome (8.303084ms)
✔ pending submission disables repeated clicks and hides stale success (3.682625ms)
✔ foreign purchase state cannot appear on the current control (7.359667ms)
✔ lost browser action response stays unconfirmed and the same purchase can retry (59.042208ms)
✔ pending recovery refreshes canonical money while returning only exact-operation feedback (125.013ms)
✔ unknown recovery refreshes canonical money while returning only exact-operation feedback (24.494625ms)
✔ confirmed recovery refreshes canonical money while returning only exact-operation feedback (5.883875ms)
✔ failed recovery refreshes canonical money while returning only exact-operation feedback (4.96025ms)
✔ step-up retains original receipt and both cursors for explicit retry (4.802583ms)
✔ sign-in retains original receipt and both cursors for explicit retry (6.220417ms)
✔ unavailable retains original receipt and both cursors for explicit retry (6.638458ms)
✔ billing rejection reaches the real MFA inspection through its page and client with exact receipt context (120.632417ms)
✔ missing MFA session preserves fresh intent and the entire nested billing return through login (45.71025ms)
✔ malformed scope cannot call backend and missing session refreshes protected history (60.215334ms)
✔ foreign response and failed history refresh never announce confirmation (52.971ms)
✔ repeated explicit checks send the same receipt without a new operation key (15.654708ms)
✔ render is idle, keeps exact receipt fields and disables duplicate pending submission (19.027167ms)
✔ confirmation remains operation-scoped and foreign or stale request states stay hidden (76.373667ms)
✔ lost browser response preserves the same receipt and only explicit retry calls again (31.399375ms)
✔ pending operator action verifies the exact token and sends only original scoped IDs (130.450458ms)
✔ unknown operator action verifies the exact token and sends only original scoped IDs (6.302834ms)
✔ confirmed operator action verifies the exact token and sends only original scoped IDs (4.319209ms)
✔ missing or changed verified operator blocks dispatch {"token":null} (4.352083ms)
✔ missing or changed verified operator blocks dispatch {"userId":null} (3.97425ms)
✔ missing or changed verified operator blocks dispatch {"userError":{}} (3.767875ms)
✔ missing or changed verified operator blocks dispatch {"userId":"10000000-0000-4000-8000-000000000099"} (16.531833ms)
✔ 401/AUTHENTICATION_REQUIRED refreshes all operator evidence and keeps complete explicit return (10.258166ms)
✔ 403/BILLING_STEP_UP_REQUIRED refreshes all operator evidence and keeps complete explicit return (5.068792ms)
✔ 403/BILLING_FORBIDDEN refreshes all operator evidence and keeps complete explicit return (11.335833ms)
✔ 404/BILLING_NOT_FOUND refreshes all operator evidence and keeps complete explicit return (23.89075ms)
✔ 503/BILLING_UNAVAILABLE refreshes all operator evidence and keeps complete explicit return (8.181125ms)
✔ duplicate, missing and malformed identity or cursors never dispatch (58.399833ms)
✔ foreign response or failed canonical refresh cannot report confirmation (42.957125ms)
✔ explicit repeated operator checks retain the same three IDs and no attempt key (2.702375ms)
✔ actual control stays read-only on render and blocks duplicate events until same-request pending recovery settles (60.072125ms)
✔ lost action response leaves original scope for explicit retry and never posts during a fresh mount (22.154416ms)
✔ late results after unmount cannot replace a new operator's state (5.162958ms)
✔ feedback remains operation-scoped and mismatched identity never announces confirmation (45.741583ms)
✔ pending operator action verifies the exact token and sends only original scoped IDs (101.956875ms)
✔ unknown operator action verifies the exact token and sends only original scoped IDs (6.484584ms)
✔ confirmed operator action verifies the exact token and sends only original scoped IDs (11.3565ms)
✔ failed operator action verifies the exact token and sends only original scoped IDs (4.726084ms)
✔ missing or changed verified operator blocks dispatch {"token":null} (15.640917ms)
✔ missing or changed verified operator blocks dispatch {"userId":null} (4.057625ms)
✔ missing or changed verified operator blocks dispatch {"userError":{}} (3.959792ms)
✔ missing or changed verified operator blocks dispatch {"userId":"10000000-0000-4000-8000-000000000099"} (44.046959ms)
✔ 401/AUTHENTICATION_REQUIRED refreshes all operator evidence and keeps complete explicit return (12.078958ms)
✔ 403/BILLING_STEP_UP_REQUIRED refreshes all operator evidence and keeps complete explicit return (3.534167ms)
✔ 403/BILLING_FORBIDDEN refreshes all operator evidence and keeps complete explicit return (3.045958ms)
✔ 404/BILLING_NOT_FOUND refreshes all operator evidence and keeps complete explicit return (2.918ms)
✔ 503/BILLING_UNAVAILABLE refreshes all operator evidence and keeps complete explicit return (2.907875ms)
✔ duplicate, missing and malformed identity or cursors never dispatch (193.324208ms)
✔ foreign response or failed canonical refresh cannot report confirmation (43.548625ms)
✔ explicit repeated operator checks retain the same four IDs and no attempt key (2.507208ms)
✔ actual control stays read-only on render and blocks duplicate events until same-request pending recovery settles (32.75175ms)
✔ lost action response leaves original scope for explicit retry and never posts during a fresh mount (24.546792ms)
✔ late results after unmount cannot replace a new operator's state (5.216875ms)
✔ feedback remains operation-scoped and mismatched identity never announces confirmation (63.051417ms)
✔ support view preserves outstanding money, deadline, failed and unknown effects after a partial refund (33.763375ms)
✔ support view distinguishes absent refund and stop evidence from confirmation (2.255083ms)
✔ empty and denied support states remain distinct and errors hide previous data (0.832209ms)
✔ billing-only support case loads annual evidence without company-profile rows and retains its cursor (7.236208ms)
✔ profile-only or unreadable cases cannot trigger annual billing reads (64.36875ms)
✔ early fresh MFA rejection remains recoverable before the annual support read (3.738375ms)
✔ annual access failure remains an error even when the generic support case is readable (3.78175ms)
✔ operator read 401/AUTH_REQUIRED retains recovery and hides all earlier case evidence (21.921375ms)
✔ operator read 403/FRESH_MFA_REQUIRED retains recovery and hides all earlier case evidence (9.578667ms)
✔ operator read 403/BILLING_STEP_UP_REQUIRED retains recovery and hides all earlier case evidence (25.152041ms)
✔ operator read 403/AAL2_REQUIRED retains recovery and hides all earlier case evidence (8.584625ms)
✔ operator read 403/SUPPORT_ACCESS_DENIED retains recovery and hides all earlier case evidence (89.356292ms)
✔ operator read 404/COMPANY_ACCESS_NOT_FOUND retains recovery and hides all earlier case evidence (18.667666ms)
✔ operator read 503/FRESH_MFA_REQUIRED retains recovery and hides all earlier case evidence (8.2765ms)
✔ returned case/company bindings and missing session fail before protected evidence is presented (18.058875ms)
✔ generated annual support transport carries company/case/cursor without caching or mutation (13.887541ms)
✔ operator target read uses exact page actor and selected authorized purchase before publishing evidence (50.256ms)
✔ changed or unverifiable operator clears evidence before protected data reads (7.906375ms)
✔ selected company is an assertion against the opened case and never a replacement company (2.418458ms)
✔ a missing selected purchase stays explicit and cannot load a substitute target (3.532666ms)
✔ selected refund destination under a nonbilling case is a denial, not empty success (2.541792ms)
✔ late targets 401/AUTHENTICATION_REQUIRED remove earlier summaries, purchase money and controls (17.254125ms)
✔ late targets 403/BILLING_STEP_UP_REQUIRED remove earlier summaries, purchase money and controls (3.007208ms)
✔ late targets 403/BILLING_FORBIDDEN remove earlier summaries, purchase money and controls (2.56125ms)
✔ late targets 404/undefined remove earlier summaries, purchase money and controls (2.583292ms)
✔ late targets 404/BILLING_NOT_FOUND remove earlier summaries, purchase money and controls (2.565833ms)
✔ late targets 503/BILLING_UNAVAILABLE remove earlier summaries, purchase money and controls (2.295084ms)
✔ foreign target companyId cannot publish earlier case evidence (2.538ms)
✔ foreign target supportCaseId cannot publish earlier case evidence (2.34ms)
✔ foreign target purchaseId cannot publish earlier case evidence (2.354667ms)
✔ foreign target incomeYear cannot publish earlier case evidence (2.512583ms)
✔ target view retains all request bindings, both cursors and canonical outstanding balance (2.640333ms)
✔ missing selected receipt is announced without silently using a replacement receipt (1.488167ms)
✔ unreadable target-page reload preserves the complete selected request and both cursors (1.152625ms)
✔ operator STOP check is available only for recorded cleanup in an authorized purchase page (4.196667ms)
✔ current client exposes cleanup but no retired acquisition methods (50.492ms)
✔ billing entitlement is read from the backend and malformed policy is rejected (1.0025ms)
✔ annual billing owns current offers and workspace exposes historical cleanup (7.28ms)
✔ filing page consumes the backend billing decision without rebuilding pilot policy (0.659875ms)
✔ ambiguous billing outcomes retain the exact operation key for replay (0.278958ms)
✔ billing retry redirects and Norwegian plan labels have one shared policy (0.77125ms)
✔ annual snapshot uses a scoped cursor and rejects malformed stored facts (1.453334ms)
✔ web-first owner loader falls back to predecessor history without inventing refund evidence (99.01825ms)
✔ new owner snapshot uses one strict expanded response for money and refund evidence (106.232875ms)
✔ company-wide owner history sends no income year and keeps its cursor company-scoped (31.056584ms)
✔ missing history endpoint is distinct from an application cursor or authorization error (76.883417ms)
✔ offer access rejection follows backend authentication status rather than error text (3.544584ms)
✔ owner refund read 401 never falls back to potentially stale purchase evidence (7.202417ms)
✔ owner refund read 403 never falls back to potentially stale purchase evidence (15.137458ms)
✔ owner refund read 503 never falls back to potentially stale purchase evidence (45.555583ms)
✔ annual cancellation sends only company/purchase intent and preserves its durable key (0.26725ms)
✔ annual client rejects private provider fields and invalid money in responses (0.296667ms)
✔ annual recovery trusts a valid step-up problem and treats malformed failures as unavailable (0.336625ms)
✔ historical cleanup remains reachable without reactivated legacy flags (0.225792ms)
✔ annual checkout and observation use POST with bounded customer data and exact retry identity (0.38225ms)
✔ annual checkout client rejects leaked provider state and malformed purchase totals (0.286917ms)
✔ annual agreement cleanup sends only purchase scope and validates unresolved outcomes (0.457542ms)
✔ owner status recovery observes the original checkout with strict no-store transport (11.716833ms)
✔ refund recovery client sends one stored request and validates original-operation status (0.790916ms)
✔ refund recovery target discovery is a strict scoped GET without command headers (0.632917ms)
✔ owner discovery fallback distinguishes absent route from domain cursor and authority errors (60.630292ms)
✔ owner refund recovery wrapper sends exact request intent without allocating a mutation key (5.163042ms)
✔ checkout preparation is a no-store authenticated GET with no idempotency key or body (14.88225ms)
✔ preparation existing purchase carries no current offer or consent (7.824375ms)
✔ preparation rejects malformed or foreign projection {"companyId":"20000000-0000-4000-8000-000000000001"} (6.167542ms)
✔ preparation rejects malformed or foreign projection {"incomeYear":2027} (5.198ms)
✔ preparation rejects malformed or foreign projection {"offer":null} (14.164208ms)
✔ preparation rejects malformed or foreign projection {"consentVersion":null} (5.173833ms)
✔ preparation rejects malformed or foreign projection {"consentVersion":""} (5.11525ms)
✔ preparation rejects malformed or foreign projection {"purchaseId":"20000000-0000-4000-8000-000000000001"} (5.310625ms)
✔ preparation rejects malformed or foreign projection {"offer":{"companyId":"10000000-0000-4000-8000-000000000001","incomeYear":2027,"offerVersion":"annual-fixture","termsDigest":"aaaaaaaaaaaaaaaaaaaaaaaaaaaaaaaaaaaaaaaaaaaaaaaaaaaaaaaaaaaaaaaa","termsText":"Stored fixture terms","currency":"NOK","grossMinor":149000,"netMinor":119200,"vatMinor":29800,"vatBasisPoints":2500,"paidThrough":"2027-07-31","exportThrough":"2027-10-31","renewalDate":"2027-01-01","renewalReminderBy":"2026-12-01","priceChangeNoticeBy":"2026-11-01"}} (5.670542ms)
✔ preparation rejects malformed or foreign projection {"offer":{"companyId":"20000000-0000-4000-8000-000000000001","incomeYear":2026,"offerVersion":"annual-fixture","termsDigest":"aaaaaaaaaaaaaaaaaaaaaaaaaaaaaaaaaaaaaaaaaaaaaaaaaaaaaaaaaaaaaaaa","termsText":"Stored fixture terms","currency":"NOK","grossMinor":149000,"netMinor":119200,"vatMinor":29800,"vatBasisPoints":2500,"paidThrough":"2027-07-31","exportThrough":"2027-10-31","renewalDate":"2027-01-01","renewalReminderBy":"2026-12-01","priceChangeNoticeBy":"2026-11-01"}} (5.898333ms)
✔ preparation rejects malformed or foreign projection {"state":"existing"} (8.867959ms)
✔ preparation rejects malformed or foreign projection {"state":"existing","offer":null,"consentVersion":null} (11.580833ms)
✔ preparation rejects malformed or foreign projection {"state":"ready"} (5.328042ms)
✔ preparation rejects malformed or foreign projection {"providerAccount":"private"} (33.076209ms)
✔ preparation rejects malformed or foreign projection {"readinessReference":"private"} (5.007958ms)
✔ preparation rejects malformed or foreign projection {"checkoutUrl":"https://forged.example"} (5.005542ms)
✔ predecessor preparation route absence is unavailable and protected failures remain errors (32.680333ms)
✔ checkout start keeps exact accepted intent and key through authenticated no-store transport (24.796458ms)
✔ start and observation reject foreign scope and unsafe or terminal approval links (141.813708ms)
✔ withdrawal accepts only a scoped mutually exclusive receipt and never interprets a missing route as release (63.31875ms)
✔ generated operator refund recovery retains four scoped IDs and never creates an attempt key (0.583958ms)
✔ generated operator target discovery preserves case and operation cursor with no mutation (0.294292ms)
✔ operator wrappers reject any foreign case, company, purchase or request projection (44.658625ms)
✔ operator missing-route and domain errors remain failures for both discovery and recovery (36.743458ms)
✔ operator STOP recovery authenticates without a new attempt key and validates exact existing scope (59.794458ms)
✔ support entry authorizes before protected reads and preserves its recovery destination (99.552416ms)
✔ marketing entry authorizes before protected reads and preserves its recovery destination (22.707042ms)
✔ failed case or annual read suppresses ancillary reads, mutation controls and protected evidence (50.31675ms)
✔ malformed or duplicate case/cursor selection never triggers protected page loaders (54.313708ms)
✔ authorized support-role entry retains ordinary support and marketing behavior (15.572959ms)
✔ presentation shell leaves scoped auth recovery to each page without mutating the session (4.978625ms)
✔ page access preserves missing/rejected sessions, provider errors and both authorized operator roles (15.860958ms)
✔ complete operator selection survives login and MFA without losing either cursor (22.73875ms)
✔ malformed, duplicate and orphan operator selection cannot invoke protected loaders (148.382541ms)
✔ late selected-target failure keeps full recovery destination and suppresses ancillary controls (44.789625ms)
✔ explicit reauthentication displays the login form despite a backend-rejected but valid Supabase session (88.513084ms)
✔ ordinary signed-in login and signup redirects and unconfirmed-user gate remain intact (110.097917ms)
✔ signIn preserves explicit reauthentication and next through failures (20.599ms)
✔ signInWithGoogle preserves explicit reauthentication and next through failures (5.616667ms)
✔ successful password login consumes recovery intent; ordinary unconfirmed credentials keep verification recovery (3.803291ms)
✔ Google startup carries recovery through its callback URL (1.85425ms)
✔ the Google form carries the same explicit recovery intent as password sign-in (4.698208ms)
✔ denied, missing, failed and unavailable OAuth callbacks return to an actionable recovery login (47.40025ms)
✔ successful callback returns to the scoped page while ordinary email confirmation failure is unchanged (4.889333ms)
✔ web billing commands and queries cross only the generated backend client (0.8865ms)
✔ the retired TypeScript policy modules stay removed (0.245291ms)
✔ annual submission review renders the backend entitlement without a second policy (0.107625ms)
✔ billing locks the owned verified request through the versioned company-access authorization seam (0.55325ms)
✔ historical cleanup retains audit facts while retired acquisition actions disappear (0.440541ms)
✔ RF recovery delegates stored accepted feedback without reimposing a billing gate (26.716ms)
✔ RF recovery delegates stored processing feedback without reimposing a billing gate (0.309625ms)
✔ RF recovery delegates stored unknown feedback without reimposing a billing gate (0.105833ms)
ℹ tests 302
ℹ suites 0
ℹ pass 302
ℹ fail 0
ℹ cancelled 0
ℹ skipped 0
ℹ todo 0
ℹ duration_ms 1565.72925

> talli-repository@0.1.0 test:cancellation
> node --experimental-strip-types --test tests/cancellation.test.mjs

✔ requires archive export before cancellation can move into retention hold (0.467291ms)
✔ keeps final deletion behind legal review and explicit deletion state (0.091666ms)
✔ builds archive and retention evidence for launch-critical records (0.441625ms)
✔ shows explicit export, soft-delete, retention, and final deletion lifecycle states (0.333917ms)
✔ builds retained deletion completion update with reviewer and actor (0.251916ms)
ℹ tests 5
ℹ suites 0
ℹ pass 5
ℹ fail 0
ℹ cancelled 0
ℹ skipped 0
ℹ todo 0
ℹ duration_ms 79.808167

> talli-repository@0.1.0 test:operator-support
> node --experimental-strip-types --test tests/operator_support.test.mjs

✔ operator support exposes no legacy company-search seam (2.84775ms)
✔ operator summary highlights filing, billing, refund, restore, and audit state (8.3225ms)
✔ operator summary keeps cross-company data separated (0.120459ms)
ℹ tests 3
ℹ suites 0
ℹ pass 3
ℹ fail 0
ℹ cancelled 0
ℹ skipped 0
ℹ todo 0
ℹ duration_ms 116.596166

> talli-repository@0.1.0 test:operator-mfa
> node --test tests/operator_mfa.test.mjs

✔ operator MFA uses the signed-in browser session and official TOTP APIs (0.741917ms)
✔ an existing AAL2 session can be re-verified after the freshness window expires (0.728084ms)
✔ the MFA surface is rendered only inside the existing admin operator boundary (0.327584ms)
ℹ tests 3
ℹ suites 0
ℹ pass 3
ℹ fail 0
ℹ cancelled 0
ℹ skipped 0
ℹ todo 0
ℹ duration_ms 54.355208

> talli-repository@0.1.0 test:deadlines
> node --experimental-strip-types --test tests/deadlines.test.mjs

✔ shows upcoming deadlines before due dates (1.762042ms)
✔ shows due on exact deadline date (0.172792ms)
✔ shows overdue after deadline without fine guarantee language (0.169959ms)
✔ shows simulated when RF-1086 receipt exists before deadline (0.092833ms)
✔ shows late simulated when receipt is archived after deadline (0.081584ms)
✔ represents RF-1086, skattemelding, and årsregnskap separately (0.442958ms)
✔ queues configurable upcoming reminders with Norwegian no-guarantee language (0.296834ms)
✔ prevents duplicate reminders and skips completed filings (0.123417ms)
✔ queues overdue guidance without unsupported cases (0.141208ms)
ℹ tests 9
ℹ suites 0
ℹ pass 9
ℹ fail 0
ℹ cancelled 0
ℹ skipped 0
ℹ todo 0
ℹ duration_ms 84.43025

> talli-repository@0.1.0 test:archive
> node --experimental-strip-types --test tests/archive_export.test.mjs && node --experimental-strip-types --test apps/web/tests/archive-rf1086-source.test.mjs

✔ builds company-year archive from persisted workspace rows (2.930041ms)
✔ archive download fetches only sanitized authority runs linked by submission id (0.671458ms)
✔ archive ledger facts come through the generated capability query with a frozen projection (0.749583ms)
ℹ tests 3
ℹ suites 0
ℹ pass 3
ℹ fail 0
ℹ cancelled 0
ℹ skipped 0
ℹ todo 0
ℹ duration_ms 83.654959
✔ archive preserves every frozen mixed persistence chain exactly once and removes only both opening reads (19.369708ms)
✔ archive preserves original selected opening and shareholder fields through the joined owner projection (56.114541ms)
✔ a failing 2024 opening does not prevent a valid 2025 archive but still blocks the 2024 export (27.327083ms)
✔ RF-only archive preserves original nested payload identities, requested year and company-wide history (11.893ms)
✔ actual generated RF archive transport isolates a malformed 2024 preview from the valid 2025 download (24.191084ms)
✔ RF authority evidence is limited to retained submission references without adding a generic persistence call (9.235083ms)
✔ mixed sibling chains retain their conditional authority read and overlap never duplicates RF rows (9.387916ms)
✔ unavailable rf source cannot complete the authoritative export (9.07925ms)
✔ unavailable opening source cannot complete the authoritative export (10.134125ms)
✔ unavailable filing_previews source cannot complete the authoritative export (8.402542ms)
✔ unavailable authority_permissions source cannot complete the authoritative export (7.683708ms)
✔ unavailable filing_review_comments source cannot complete the authoritative export (9.771708ms)
✔ unavailable audit_events source cannot complete the authoritative export (6.983875ms)
✔ original submission and authority errors retain priority and effect order (13.340125ms)
✔ authentication and step-up precede every source and export effect {"user":false} (10.126084ms)
✔ authentication and step-up precede every source and export effect {"token":false} (6.09975ms)
✔ authentication and step-up precede every source and export effect {"mfa":false} (6.055292ms)
✔ empty retained history still rejects export and failed receipt never yields a downloadable archive (14.200625ms)
ℹ tests 18
ℹ suites 0
ℹ pass 18
ℹ fail 0
ℹ cancelled 0
ℹ skipped 0
ℹ todo 0
ℹ duration_ms 517.101125

> talli-repository@0.1.0 test:backup-restore
> node --experimental-strip-types --test tests/backup_restore.test.mjs

✔ company-tax evidence migration preserves an atomic reference-only backup boundary (1.235416ms)
✔ backup manifest identifies launch-critical tables and object references (0.760208ms)
✔ restore fixture preserves launch-critical accounting state in isolated workspace (0.488ms)
✔ company-tax submissions are counted and round-trip with generic filing submissions (0.283792ms)
✔ restore integrity rejects missing and mismatched company-tax authority evidence pairs (0.34425ms)
✔ restore integrity fails when corporate lifecycle rows or object metadata are incomplete (0.20175ms)
✔ restore integrity reports missing object warning and missing critical rows (0.139167ms)
✔ production restore launch gate requires recent passing restore test (0.123584ms)
✔ corporate release and restore runbooks keep external gates explicitly pending (0.746041ms)
ℹ tests 9
ℹ suites 0
ℹ pass 9
ℹ fail 0
ℹ cancelled 0
ℹ skipped 0
ℹ todo 0
ℹ duration_ms 86.379333

> talli-repository@0.1.0 test:security
> node --experimental-strip-types --test tests/security_step_up.test.mjs

✔ step-up accepts fresh signed AAL2 claims for the matching actor (2.151625ms)
✔ step-up accepts supported signed MFA method references and uses the newest one (0.165375ms)
✔ step-up fails closed for AAL1, cross-user, missing AMR, and string-only AMR claims (0.281ms)
✔ step-up rejects invalid, stale, and future MFA timestamps (0.152667ms)
✔ all protected corporate actions require fresh AAL2 user presence (0.137375ms)
✔ server gate verifies claims, never reads legacy step-up rows, and audits allow/block (0.348791ms)
✔ claims lookup failures are blocked and audited without leaking provider details (0.157584ms)
ℹ tests 7
ℹ suites 0
ℹ pass 7
ℹ fail 0
ℹ cancelled 0
ℹ skipped 0
ℹ todo 0
ℹ duration_ms 84.925167

> talli-repository@0.1.0 test:trusted-aal2-schema
> node --test tests/trusted_aal2_schema.test.mjs

✔ legacy step-up events are inaccessible to customer Data API roles (3.084166ms)
✔ corporate step-up RPC trusts signed AAL2 and timestamped AMR claims only (1.318416ms)
✔ final founder confirmation is a database-enforced launch signoff key (0.762959ms)
ℹ tests 3
ℹ suites 0
ℹ pass 3
ℹ fail 0
ℹ cancelled 0
ℹ skipped 0
ℹ todo 0
ℹ duration_ms 55.672

> talli-repository@0.1.0 test:filing-release-gate
> node --experimental-strip-types --test tests/filing_release_gate.test.mjs

✔ release evidence keeps authority and filing switches off after local browser proof (0.640667ms)
✔ keeps all production filing gates disabled without authority, billing, step-up, and human review (0.464458ms)
✔ blocks production when authority evidence or filing-specific signoff is missing (0.226667ms)
✔ marks only the exactly entitled RF obligation production ready when every release gate passes (0.41775ms)
✔ cannot report production ready when a live adapter is unimplemented or disabled (0.118292ms)
✔ fresh AAL2 and enabled adapters cannot replace final founder confirmation (0.105125ms)
✔ a stale restore rehearsal blocks every production filing (0.102625ms)
ℹ tests 7
ℹ suites 0
ℹ pass 7
ℹ fail 0
ℹ cancelled 0
ℹ skipped 0
ℹ todo 0
ℹ duration_ms 93.90225

> talli-repository@0.1.0 test:production-filing-guide
> node --test tests/production_filing_action_guide.test.mjs

✔ checklist and guide keep the exact ordered stage sequence (0.964208ms)
✔ both documents keep runtime signoffs in the signoff stage (0.345792ms)
✔ both documents keep case-specific gates in their operating stages (0.231375ms)
✔ mandatory gates stay affirmative without localized contradictions (6.6ms)
✔ mandatory-gate contradiction matcher rejects bypasses but allows fail-closed language (0.431458ms)
✔ every guide stage uses only numbered checkbox action entries (1.0395ms)
✔ mandatory gate declarations stay outside exact action checkboxes (0.174292ms)
✔ founder go-live approval stays pending until the complete evidence set exists (0.248375ms)
✔ production credential readiness is verified without exposing the key (0.38225ms)
✔ unknown outcome shutdown precedes read-only reconciliation (0.214958ms)
✔ legal-pack approval stage says professional approval is pending (0.089083ms)
✔ guide preserves switch, evidence, and unknown-outcome stop rules (0.146166ms)
✔ both documents state the narrow scope and forbid adjacent filing scope (0.161875ms)
ℹ tests 13
ℹ suites 0
ℹ pass 13
ℹ fail 0
ℹ cancelled 0
ℹ skipped 0
ℹ todo 0
ℹ duration_ms 65.69425

> talli-repository@0.1.0 test:launch-copy
> node --experimental-strip-types --test tests/launch_copy.test.mjs

✔ requires non-affiliation and pre-production gate language in public app copy (1.286167ms)
✔ rejects launch claims that outrun authority evidence (0.29425ms)
✔ public homepage is a truthful free recruitment entry (1.248417ms)
✔ public company check is free, provisional, and distinguishes provider failure (0.794291ms)
✔ public legal copy identifies the real beta operator and contains no placeholders (0.302292ms)
✔ email signup communicates the hosted twelve-character password floor (0.1475ms)
✔ launch validator rejects beta overclaims about review, payment, and delivery (0.096125ms)
✔ owner Systembruker copy distinguishes approval from verified readiness (0.165792ms)
ℹ tests 8
ℹ suites 0
ℹ pass 8
ℹ fail 0
ℹ cancelled 0
ℹ skipped 0
ℹ todo 0
ℹ duration_ms 88.279625

> talli-repository@0.1.0 test:launch-signoff
> node --experimental-strip-types --test tests/launch_signoff.test.mjs

✔ blocks launch when required signoffs are missing (0.655584ms)
✔ blocks launch when signoff is rejected or incomplete (0.464292ms)
✔ requires fresh restore signoff (0.123625ms)
✔ rejects future-dated launch signoffs (0.291791ms)
✔ passes only when every launch signoff is approved with evidence (0.098ms)
✔ builds persisted launch signoff record and validates approved evidence (1.075125ms)
✔ documented launch_legal_name_public_copy entry is a valid approved record (0.100542ms)
✔ launch evidence records the final founder gate as intentionally unapproved (2.260333ms)
ℹ tests 8
ℹ suites 0
ℹ pass 8
ℹ fail 0
ℹ cancelled 0
ℹ skipped 0
ℹ todo 0
ℹ duration_ms 85.75925

> talli-repository@0.1.0 test:validation-observation-launch-off
> node --test tests/validation_observation_launch_off.test.mjs

✔ full-launch source configuration is exact off and public contracts expose no validation-observation authority (6.4515ms)
ℹ tests 1
ℹ suites 0
ℹ pass 1
ℹ fail 0
ℹ cancelled 0
ℹ skipped 0
ℹ todo 0
ℹ duration_ms 56.197416

> talli-repository@0.1.0 test:legal-policy
> node --test tests/legal_policy_pack.test.mjs tests/launch_human_gate_preparation.test.mjs

✔ measurement decision inventories application-controlled data without hosted overclaims (0.637666ms)
✔ consent proof remains exact-release-bound and inactive without human approval (0.114083ms)
✔ validation plan links preparation without opening intake (0.062ms)
✔ founder-approved pilot observation direction stays separate and fails closed for launch (0.26675ms)
✔ pre-intake pack stays blank, protected-store-first and fail closed (0.205ms)
✔ terms cover holding-first scope, unsupported cases, filing limits, refunds, and no advisory guarantee (0.687792ms)
✔ legal pack uses one beta-to-live business agreement and explicit electronic acceptance (0.39ms)
✔ privacy and pack metadata identify the supplier without transfer or hosting overclaims (0.306625ms)
✔ production evidence retains both named-company gates and production filing NO-GO (0.270459ms)
✔ privacy policy and DPA cover launch-critical data and processor boundaries (0.19625ms)
✔ retention/delete policy distinguishes export, retention hold, and deletion constraints (0.117833ms)
✔ incident policy covers detection, containment, notification, filing incidents, and postmortems (0.129333ms)
✔ incident policy names pre-incorporation roles and a customer notification approach (0.191875ms)
✔ retention policy fixes archive responsibility and audit-id pseudonymization (0.311958ms)
✔ founder decision records the approved AI-assisted boundary and real-data stop (0.166334ms)
✔ legal pack uses the approved annual offer, role boundary, and measured retention (0.204166ms)
✔ privacy policy states a GDPR art. 6 legal basis and a least-privilege operator access model (0.190209ms)
✔ DPA covers breach notification to the controller, audit rights, and duration (0.145708ms)
ℹ tests 18
ℹ suites 0
ℹ pass 18
ℹ fail 0
ℹ cancelled 0
ℹ skipped 0
ℹ todo 0
ℹ duration_ms 59.219375

> talli-repository@0.1.0 test:ci-gate
> node --test tests/ci_release_gate.test.mjs tests/mass_market_execution_control_plane.test.mjs

✔ release gate covers pull requests and main with least privilege (19.03575ms)
✔ release gate runs every customer-readiness check before promotion (0.9065ms)
✔ manual release gates can retain linked immutable evidence (0.188208ms)
✔ database isolation uses the locked Python renderer environment (0.155083ms)
✔ database isolation runs the complete ledger contract lifecycle (0.360583ms)
✔ local immutable gate rejects tracked, staged, and untracked drift (722.584791ms)
✔ local immutable gate normalizes terminal output before recording it (0.294ms)
✔ database harness restores generated drift and preserves failure semantics (6384.092375ms)
✔ browser owner rehearsal includes executable owned-process lifecycle coverage (1.137042ms)
✔ Vercel deploys the Next output near the owner-designated database (0.390125ms)
✔ backend boundary partitions every test across the ordinary, Billing and Authority mandatory lanes (11033.478125ms)
✔ mandatory Billing and Authority lifecycles refuse missing DB configuration before any test runner (15.208ms)
✔ mandatory local lane preserves every predecessor before Billing and final Authority verification (1832.314375ms)
✔ rollback RF=false AU=v restores dependency order (0.3865ms)
✔ rollback RF=true AU=v restores dependency order (0.079917ms)
✔ rollback RF=false AU=null restores dependency order (0.070208ms)
✔ rollback RF=true AU=null restores dependency order (0.059292ms)
✔ workspace rollback followed by final recutover restores signoff policy topology (0.132209ms)
✔ RF rollback failure prevents all predecessor mutations (0.290042ms)
✔ workspace retains AU and Ledger overlap for Billing and sibling consumers (0.091708ms)
✔ workspace refuses wrong Ledger topology {"ledger_kind":null,"ledger_setup":false} (0.070333ms)
✔ workspace refuses wrong Ledger topology {"ledger_kind":"r"} (0.039417ms)
✔ workspace refuses wrong Ledger topology {"ledger_setup":false} (0.049334ms)
✔ workspace refuses wrong Ledger topology {"opening_kind":null} (0.033334ms)
✔ final RF contract follows explicit final Ledger guard and owner recutover (0.068667ms)
✔ final refuses incomplete Ledger contract {"ledger_kind":"v","ledger_setup":true} (0.0495ms)
✔ final refuses incomplete Ledger contract {"ledger_kind":null,"ledger_setup":true} (0.042625ms)
✔ final refuses incomplete Ledger contract {"ledger_kind":"v","ledger_setup":false} (0.039792ms)
✔ dependency failure stops final sequence at migrations/20260909125113_legacy_rf1086_authority_relocation.sql (0.081542ms)
✔ dependency failure stops final sequence at migrations/20260909190548_shareholder_register_filing_capability.sql (0.060708ms)
✔ dependency failure stops final sequence at migrations/20260909190905_shareholder_register_filing_cutover.sql (0.069042ms)
✔ dependency failure stops final sequence at contract-migrations/20260909190955_shareholder_register_filing_contract.sql (0.254125ms)
✔ success is refused if SQL does not establish target state (0.071292ms)
✔ unexpected earlier owner topology fails before mutation (0.048458ms)
✔ unknown direction fails before even probing the database (0.052ms)
✔ package partition retains every original file once (0.392708ms)
✔ complete local runner requires the fresh RF browser after historical recovery (0.125333ms)
✔ real shell stops at success and restores owned generated files (861.947417ms)
✔ real shell stops at topology:workspace and restores owned generated files (497.308042ms)
✔ real shell stops at npm:test:supabase-rf-workspace and restores owned generated files (542.761083ms)
✔ real shell stops at npm:test:browser-owner and restores owned generated files (508.755708ms)
✔ real shell stops at topology:rollback:2 and restores owned generated files (536.981209ms)
✔ real shell stops at npm:test:ledger-hosted-migration-authority and restores owned generated files (520.12675ms)
✔ real shell stops at npm:test:billing-database-lifecycle and restores owned generated files (558.854667ms)
✔ real shell stops at topology:recutover and restores owned generated files (522.154625ms)
✔ real shell stops at npm:test:supabase-rf-feedback and restores owned generated files (514.17725ms)
✔ real shell stops at npm:test:browser-shareholder-register-filing and restores owned generated files (552.654875ms)
✔ the live execution control plane pins the complete route and sole clearance (3.01475ms)
✔ all #179 lanes, signoffs, freshness, and independent controls are explicit (0.996792ms)
✔ #188 has a complete executable planned criterion ledger before claim (0.480292ms)
✔ #140 has a complete executable planned criterion ledger before product edits (0.158333ms)
✔ the control plane blocks premature banking, validation, spend, and external effects (0.233792ms)
✔ approved billing split preserves source order and both completion barriers (0.258375ms)
ℹ tests 53
ℹ suites 0
ℹ pass 53
ℹ fail 0
ℹ cancelled 0
ℹ skipped 0
ℹ todo 0
ℹ duration_ms 25689.892459
[launch-rehearsal] exit=0
[launch-rehearsal] durationMs=266020

[production-dependency-audit] command=npm audit --omit=dev --audit-level=high && npm audit --prefix apps/web --omit=dev --audit-level=high
found 0 vulnerabilities
found 0 vulnerabilities
[production-dependency-audit] exit=0
[production-dependency-audit] durationMs=1355

[database-isolation] command=TALLI_PYTHON_BIN=apps/backend/.venv/bin/python npm run test:supabase:local

> talli-repository@0.1.0 test:supabase:local
> bash scripts/test-supabase-local.sh


> talli-repository@0.1.0 test:supabase-advisors
> node scripts/assert-supabase-advisors.mjs

Supabase advisors: 0 blocking security/error findings; 60 performance warnings.
Authority and RF test topology rollback completed

> talli-repository@0.1.0 test:ledger-database-lifecycle
> node --test --test-concurrency=1 tests/ledger_capability_schema.test.mjs tests/ledger_capability_boundary_regressions.test.mjs tests/ledger_full_year_database_runtime.test.mjs tests/ledger_supported_patterns_database_runtime.test.mjs tests/ledger_opening_position_rebuild_schema.test.mjs tests/ledger_corrections_database_runtime.test.mjs tests/ledger_supported_event_reversals_schema.test.mjs tests/ledger_company_year_close_database_runtime.test.mjs tests/ledger_database_runtime.test.mjs

✔ ledger business data moves to its owned schema without claiming shareholder setup (1.035125ms)
✔ legacy entry kinds are explicitly and completely normalized (0.807375ms)
✔ target persistence is company-scoped, opening-unique, and admission-gated (0.573125ms)
✔ technical receipts and cursor keys are immutable and non-forgeable (0.473167ms)
✔ hosted migration authority and pgcrypto access are explicit and temporary (0.578333ms)
✔ mixed-version facade preserves predecessor values and RLS-enforced inserts (0.512417ms)
✔ the backend executor cannot bypass the intent facade with direct table DML (0.329667ms)
✔ future capability SQL is not rewritten into a generic ledger dispatcher (0.570459ms)
✔ contract removes browser posting RPCs and rollback disables target before restoring legacy (0.523875ms)
✔ ledger cutover is an atomic expand, contract, and recutover-safe rollback (1.74175ms)
✔ expand reacquires locked-schema authority for recutover and revokes it atomically (1.653083ms)
✔ contract borrows only ledger ownership and returns it before commit (0.469459ms)
✔ rollback borrows only the ownership and schema authority its reversal needs (0.761ms)
✔ nine exact writer coordinators are executor-only and never accept ledger lines (4.763791ms)
✔ audit placement preserves active continuations and future atomic audits (0.955375ms)
✔ one physical ledger store has a non-bypass owner and execute-only runtime (0.999167ms)
✔ commands bind verified identity, closed admission, and permanent idempotency (0.700375ms)
✔ new-year coordination is atomic, replayable, and keeps posting policy in ledger (1.155542ms)
✔ consequential admission serializes with recheck and requires AAL2 plus current agreement (0.55375ms)
✔ persistence enforces canonical balanced two-decimal NOK entries (0.662208ms)
✔ entry queries retain canonical source identity for archive reconstruction (0.356083ms)
✔ opening-snapshot compatibility query is bounded, member-scoped, and read-only (1.2135ms)
✔ serialization and signed cursors are bounded and owner-only (0.441334ms)
✔ migration evidence is pre-transform, reconciled, and immutable (0.608916ms)
✔ the frozen overlap trigger can invoke private normalization helpers (0.389541ms)
✔ contract removes legacy writers, facades, and cross-capability FKs (0.775792ms)
✔ rollback disables target before restoring the frozen legacy writer (0.56125ms)
✔ company-year close has one evidence-gated atomic database interface (2.246083ms)
✔ close replay and latest query share one exact raw-command fingerprint (0.374959ms)
✔ ordinary posting is receipt-first and serialized behind statutory close (0.115ms)
✔ close assessments and evidence are immutable forced-RLS ledger data (0.733459ms)
✔ every close output is bound to the reconstruction economic-fact set (0.367417ms)
✔ database lifecycle covers close, correction staleness, rollback and recutover (1.241458ms)
✔ correction API has the canonical immutable reversal contract (1.3185ms)
✔ SQL coordinates persistence but contains no replacement accounting selection (0.18225ms)
✔ lineage and provenance are forced-RLS immutable evidence (0.824083ms)
✔ fresh database lifecycle exercises correction and recutover (0.392125ms)
✔ ledger authority survives expand, contract, concurrency, rollback, and recutover (34801.492125ms)
✔ reconstruction evidence is immutable, tenant-scoped, and executor-only (1.697459ms)
✔ full-year migration temporarily restores hosted migration authority and re-hardens it (1.99925ms)
✔ every additive ledger migration bounds hosted authority to one transaction (1.58075ms)
✔ database revalidates the exact source-owner evidence topology (0.639708ms)
✔ reconstruction readiness binds the complete canonical economic-fact set (0.781333ms)
✔ reconstruction readiness binds revisioned full-interval source evidence (0.727291ms)
✔ fresh database rehearsal executes reconstruction replay, RLS, and gap cases (0.761125ms)
✔ opening rebuild, components, and provenance are immutable forced-RLS records (1.501042ms)
✔ the receiver is executor-only and persists one atomic typed opening journal (1.613709ms)
✔ SQL stores Python accounting decisions without reimplementing them (0.3805ms)
✔ component and source tenant keys are bound to their parents (0.525291ms)
✔ bank-loan components are an exact journal-backed payment basis (1.0355ms)
✔ full-state digest includes opening and lifecycle facts (0.229167ms)
✔ contract requires the receiver and rollback revokes it without deleting facts (0.857417ms)
✔ an already-applied predecessor schema receives the uncapped source upgrade (0.413791ms)
✔ supported event reversals preserve immutable balanced lineage (3.308209ms)
✔ supported entries persist immutable event and source provenance (1.234292ms)
✔ SQL keeps accounting policy out and delegates to the canonical writer (0.328375ms)
✔ fresh database lifecycle proves replay, RLS, provenance, and recutover (0.251625ms)
✔ the predecessor expand remains forward-compatible during recutover (0.257292ms)
✔ received-dividend lifecycle state is immutable, forced-RLS, and executor-only (0.444875ms)
✔ received-dividend wrappers coordinate lifecycle around the canonical posting seam (0.350625ms)
✔ fresh lifecycle covers received-dividend replay, failure atomicity, and cutover (0.502584ms)
✔ bank-loan lifecycle state is immutable, forced-RLS, and executor-only (0.627416ms)
✔ bank-loan wrappers persist derived entries without selecting accounting policy (0.483ms)
✔ fresh lifecycle covers bank-loan replay, allocation limits, and cutover (0.445375ms)
✔ cash-capital-increase phases are one immutable forced-RLS lifecycle (0.515375ms)
✔ cash-capital wrappers enforce exact sources without selecting accounting policy (1.200375ms)
✔ fresh lifecycle covers cash-capital rollback revocation and recutover (0.93375ms)
✔ loss-coverage capital reduction uses one append-only forced-RLS phase lifecycle (0.680458ms)
✔ loss-coverage reduction wrappers enforce exact source-owned phase shapes (1.715ms)
✔ fresh lifecycle covers loss-coverage reduction rollback and recutover (1.086958ms)
ℹ tests 70
ℹ suites 0
ℹ pass 70
ℹ fail 0
ℹ cancelled 0
ℹ skipped 0
ℹ todo 0
ℹ duration_ms 35290.615917

> talli-repository@0.1.0 test:banking-database-lifecycle
> node --test --test-concurrency=1 tests/banking_capability_schema.test.mjs tests/banking_connection_schema.test.mjs tests/banking_database_runtime.test.mjs

✔ the complete local database gate includes banking contract and rollback (1.168ms)
✔ banking expand is overlap-safe and preserves stable source identities (1.078292ms)
✔ migration evidence proves exact count and canonical hash reconciliation (0.341375ms)
✔ banking migrations borrow and revoke backend-system schema authority (0.4445ms)
✔ legacy transaction writes are mirrored during expand without a second policy engine (1.029667ms)
✔ canonical banking data is forced-RLS and runtime roles cannot write tables directly (0.419167ms)
✔ canonical acceptances store source decisions, not ledger policy copies (0.302166ms)
✔ banking workflow locks source facts and delegates the only posting to ledger (0.414958ms)
✔ statement import is durable-idempotent and provider data cannot select accounting (0.306417ms)
✔ banking reads are tenant-scoped deterministic cursor pages (0.893875ms)
✔ banking contract removes legacy storage only after live exact reconciliation (0.644833ms)
✔ banking contract leaves one canonical writer and no SQL suggestion-policy copy (0.689209ms)
✔ banking contract preserves only bounded future seams and archive freshness (0.500167ms)
✔ banking rollback restores the predecessor and supports deterministic recutover (0.791542ms)
✔ #189 owns canonical connection, account, coverage, sync, and source-file state (2.512083ms)
✔ provider identifiers, cursors, and original files are encrypted or hashed (0.472958ms)
✔ sync persistence checkpoints each page and keeps accounting outside provider workflows (0.626833ms)
✔ runtime roles can call checked functions but cannot mutate canonical tables (0.452166ms)
✔ migration keeps auth references under the migration principal and drops borrowed authority (2.485417ms)
✔ manifests declare every new table and migration (1.457875ms)
✔ banking authority survives reconciliation, contract, rollback, security, and recutover (11816.939667ms)
ℹ tests 21
ℹ suites 0
ℹ pass 21
ℹ fail 0
ℹ cancelled 0
ℹ skipped 0
ℹ todo 0
ℹ duration_ms 11981.099833

> talli-repository@0.1.0 test:investments-database-lifecycle
> node --test --test-concurrency=1 tests/investments_capability_schema.test.mjs tests/investments_database_runtime.test.mjs

✔ the complete local database gate includes the investments lifecycle (0.857584ms)
✔ bank facts are claimed atomically through one restricted reversible routine (1.119166ms)
✔ year-end measurement is executable, restricted, and reverses fail closed (0.720208ms)
✔ lifecycle public cutover removes every v1 writer grant reversibly (1.814292ms)
✔ contract and rollback artifacts bound hosted backend-system DDL authority (1.645834ms)
✔ forward correction-source replay stays insert-only across rollback (0.406334ms)
✔ expand and workflow keep predecessor and successor stores coherent (0.759125ms)
✔ canonical investments tables are forced-RLS and runtime roles do not own them (0.5925ms)
✔ investment lifecycle expansion separates recognition, settlement, and measurement (1.748042ms)
✔ investment lifecycle workflow persists recognition and settlement separately (2.103417ms)
✔ share-sale lifecycle recognizes exact FIFO facts before separate settlement (0.87075ms)
✔ income lifecycle separates declaration or entitlement from cash receipt (1.056459ms)
✔ lifecycle corrections preserve history and supersede only equal settlements (1.278ms)
✔ sale workflow owns FIFO persistence behind restricted investments functions (1.172ms)
✔ contract reconciles live state before removing predecessor production names (0.563042ms)
✔ rollback disables successor first, preserves data, and is recutover-safe (0.381417ms)
✔ sale contract reconciles FIFO state before removing predecessor names (0.443958ms)
✔ sale rollback is non-destructive and recutover-safe (0.361166ms)
✔ received-dividend workflow owns policy persistence behind restricted functions (0.613625ms)
✔ received-dividend contract reconciles before predecessor removal (0.295667ms)
✔ received-dividend rollback is non-destructive and recutover-safe (0.266416ms)
✔ allocation identities remain stable across the overlap window (0.2785ms)
✔ complete stage exit reconciles before deleting every investment predecessor (0.942917ms)
✔ complete stage exit removes overlap-era and duplicate write policies (0.498834ms)
✔ complete stage exit binds canonical investment writes to archive freshness (1.049209ms)
✔ supported patterns keep writes private and publish correction lineage (2.244667ms)
✔ supported-pattern rollback restores the exact predecessor or refuses after new data (0.39275ms)
✔ supported-pattern authority cleanup grants no runtime authority (0.424708ms)
✔ manual-evidence migration bounds owner authority after cleanup (0.428833ms)
✔ lifecycle measurement bounds owner authority after cleanup (0.20575ms)
✔ measurement reversals and investment boundaries are executable and reversible (0.845791ms)
✔ settled wrong-amount corrections bind both reversals atomically (0.444875ms)
✔ investments schema is private, forced-RLS, and restricted-role owned (20854.921167ms)
ℹ tests 33
ℹ suites 0
ℹ pass 33
ℹ fail 0
ℹ cancelled 0
ℹ skipped 0
ℹ todo 0
ℹ duration_ms 20987.313375

> talli-repository@0.1.0 test:documents-database-lifecycle
> node --test --test-concurrency=1 tests/documents_database_runtime.test.mjs tests/documents_migration_lifecycle.test.mjs

✔ documents metadata and evidence access are restricted to narrow backend capabilities (21.341042ms)
✔ documents functions enforce scoped roles, lifecycle integrity, listing, removal, and restore (74.692542ms)
✔ documents rollback preserves predecessor state and recutover is repeatable twice (125.455083ms)
ℹ tests 3
ℹ suites 0
ℹ pass 3
ℹ fail 0
ℹ cancelled 0
ℹ skipped 0
ℹ todo 0
ℹ duration_ms 341.384833

> talli-repository@0.1.0 test:marketing-measurement-database
> node --test tests/marketing_measurement_database_runtime.test.mjs tests/marketing_consent_proof_database_runtime.test.mjs

✔ marketing collection requires durable server-stamped approved notice proof and five distinct sessions (3669.775ms)
✔ marketing measurement is consent-bounded, private, aggregate-only, and retained briefly (4226.427333ms)
ℹ tests 2
ℹ suites 0
ℹ pass 2
ℹ fail 0
ℹ cancelled 0
ℹ skipped 0
ℹ todo 0
ℹ duration_ms 4277.293542

> talli-repository@0.1.0 test:validation-observation
> uv run --project apps/backend pytest apps/backend/tests/test_validation_observation.py apps/backend/tests/test_supabase_validation_observation.py -q && node --test tests/validation_observation_database_runtime.test.mjs

.................s                                                       [100%]
17 passed, 1 skipped in 0.10s
✔ pilot observation is database-authoritative, bounded, private, revocable, and launch-off provable (2861.174875ms)
ℹ tests 1
ℹ suites 0
ℹ pass 1
ℹ fail 0
ℹ cancelled 0
ℹ skipped 0
ℹ todo 0
ℹ duration_ms 2915.913708

> talli-repository@0.1.0 test:supabase-predecessor
> node --test --test-concurrency=1 tests/company_access_invitations_schema.test.mjs tests/company_access_cancellation_schema.test.mjs tests/company_year_admission_schema.test.mjs tests/current_legal_evidence_schema.test.mjs tests/current_legal_evidence_migration_lifecycle.test.mjs tests/support_access_schema.test.mjs tests/company_access_database_runtime.test.mjs tests/company_access_onboarding_database_runtime.test.mjs tests/support_access_database_runtime.test.mjs tests/support_access_migration_lifecycle.test.mjs tests/documents_database_runtime.test.mjs tests/documents_migration_lifecycle.test.mjs

✔ expand migration adds append-only revision-bound deletion reviews (2.1255ms)
✔ request derives archive and source completeness inside one atomic RPC (0.813208ms)
✔ archive route and generation triggers share one complete source inventory (2.040583ms)
✔ expand deterministically supersedes and conceals legacy duplicates (0.932ms)
✔ review is admin+AAL2 only, append-only, and cannot be self-approved by an owner (0.808083ms)
✔ finalize re-derives prerequisites and requires exact approved review (0.523833ms)
✔ legacy export-required cancellations resume through a receipt-bound RPC (0.349167ms)
✔ archive receipt completion is server-only, one-time, expiring, and generation-bound (0.741042ms)
✔ direct lifecycle RPCs mirror strict request validation before receipts (0.554375ms)
✔ archive and reconciliation reject null income years explicitly (0.290625ms)
✔ review JSON is projected to the strict public response shape (0.202125ms)
✔ lifecycle commands use durable receipts and least-privilege RLS (0.940042ms)
✔ lifecycle mutations share operation-company-cancellation lock order (0.23875ms)
✔ unknown command outcomes reconcile behind the exact operation lock (0.351667ms)
✔ contract migration removes direct cancellation access only after generated-client cutover (0.412166ms)
✔ the release Supabase suite includes cancellation schema coverage (0.20875ms)
✔ company access RLS isolates tenants and exposes exact membership roles to owner policy (9748.42ms)
✔ cancellation lifecycle is atomic, review-bound, replay-safe, and tenant concealed (5868.844167ms)
✔ invitation acceptance and membership administration use atomic bearer-scoped RPCs (3.759542ms)
✔ invitation and membership mutations are not directly granted to authenticated web callers (1.680417ms)
✔ invitation lookup is recipient-bound, expiry-aware, and never returns token hashes (0.756541ms)
✔ command functions execute through a restricted RLS role instead of the migration owner (2.43775ms)
✔ recipient table enumeration is removed and lookup requires the presented token (0.717917ms)
✔ acceptance binds the verified Auth identity and rejects stale JWT claims atomically (0.67975ms)
✔ consequential commands have durable replay receipts and concurrency preconditions (0.529583ms)
✔ invitation side-effect recovery is receipt-owned, actor-derived, and proof-completed (2.181417ms)
✔ pgcrypto hashing resolves the extension schema under an empty search path (0.551875ms)
✔ expand and contract migrations preserve an explicit mixed-revision overlap (0.808042ms)
✔ company-access onboarding is atomic, replay-safe, tenant-isolated, and phase-reversible (11230.364583ms)
✔ company-year admission is one atomic executor-only evidence graph (1.85825ms)
✔ admission validates every immutable active document and capability digest (0.751042ms)
✔ manifest digest, durable snapshot, and change control stay one exact boundary (1.567209ms)
✔ post-admission rechecks append a current safety gate and preserve export (0.679833ms)
✔ admission evidence is append-only, tenant concealed, and browser inaccessible (0.897333ms)
✔ admission command receipts are actor-bound and permit exact replay only (0.597583ms)
✔ #196 legal evidence rollback fails closed twice, preserves evidence, and recuts over (36.311625ms)
✔ current legal evidence is reconciled without rewriting history (0.818459ms)
✔ rollback preserves evidence and fails closed (0.330792ms)
✔ documents metadata and evidence access are restricted to narrow backend capabilities (23.0305ms)
✔ documents functions enforce scoped roles, lifecycle integrity, listing, removal, and restore (74.09575ms)
✔ documents rollback preserves predecessor state and recutover is repeatable twice (130.199667ms)
✔ #200 exposes only executor-owned support functions and exact case-bound RLS policies (92.427625ms)
✔ #200 generated cases fail closed, read without writes, and bind deletion review to an opened case (188.608417ms)
✔ #200 rollback fails closed, preserves evidence, is repeatable, and recuts over (60.208875ms)
✔ support grants use generated case IDs, enums, exact scopes, and bounded windows (0.860125ms)
✔ command receipts bind canonical SHA-256 fingerprints and reject operation reuse (0.619792ms)
✔ authorization requires exact opened case, company, scope, operator, time, revocation, and fresh MFA (0.366541ms)
✔ the exact support resource surface is policy-bound and malformed storage paths fail closed (1.303417ms)
✔ support tables and RPCs are backend-executor only (0.540167ms)
✔ grant and revoke are admin plus fresh-MFA commands while open/read are operator plus fresh-MFA (0.459458ms)
✔ GET is a bounded read projection and only POST open creates opening/audit/receipt evidence (0.488459ms)
✔ the generated support contract requires the exact typed 18-resource projection (0.820042ms)
✔ deletion review and reconciliation require the exact support case (0.505458ms)
✔ active web and backend adapters have no customer-directory support search or direct business reads (1.694042ms)
✔ rollback disables support without restoring standing operator access or deleting evidence (0.250875ms)
ℹ tests 55
ℹ suites 0
ℹ pass 55
ℹ fail 0
ℹ cancelled 0
ℹ skipped 0
ℹ todo 0
ℹ duration_ms 28176.215
Authority and RF test topology workspace completed

> talli-repository@0.1.0 test:supabase-rf-workspace
> node --test --test-concurrency=1 tests/supabase_workspace.test.mjs

✔ Supabase authenticated workspace persists owner data and denies outsider (9341.03525ms)
ℹ tests 1
ℹ suites 0
ℹ pass 1
ℹ fail 0
ℹ cancelled 0
ℹ skipped 0
ℹ todo 0
ℹ duration_ms 9502.021667

> talli-repository@0.1.0 test:browser-owner
> node --test --test-concurrency=1 tests/browser_fixture_safety.test.mjs tests/browser_process_lifecycle.test.mjs tests/browser_company_onboarding.mjs tests/browser_owner_annual_loop.mjs

✔ a verified AAL1 owner completes accessible, fail-closed company onboarding through FastAPI (45524.703125ms)
✔ Supabase browser fixtures only accept loopback URLs (0.486375ms)
✔ browser database fixtures only accept loopback PostgreSQL URLs (0.160167ms)
✔ owner browser harness stops before remote fixture creation (322.923417ms)
✔ owner browser harness rejects a remote database mixed with local Supabase (293.528792ms)
✔ retained annual browser seeds canonical historical RF/AU facts without replacing the live simulation (3.397375ms)
✔ browser owner annual loop uses persisted state and survives reload (49311.9395ms)
✔ readiness rejects when its owned process exits before an unrelated listener responds (34.544625ms)
✔ an unrelated ready listener cannot satisfy a live child without its bind proof (44.295667ms)
✔ readiness failure tears down a live owned process (43.987584ms)
✔ a listener that never responds cannot outlive the readiness deadline (109.889583ms)
✔ a ready owned process is terminated and cleanup is idempotent (50.077708ms)
✔ forced process cleanup has a final timeout and tolerates an undefined handle (13.119917ms)
✔ partial setup cleanup closes the database and removes only known resources (0.410667ms)
✔ browser owner cleanup preserves every prior family in predecessor before company and user (12.681875ms)
✔ browser owner cleanup preserves every prior family in overlap before company and user (12.217083ms)
✔ browser owner cleanup preserves every prior family in contracted before company and user (11.255666ms)
✔ browser owner cleanup removes every tracked company before the shared owner (11.716959ms)
✔ browser owner cleanup preserves source failure and continues independent cleanup (6.0065ms)
✔ browser owner cleanup preserves both operation and rollback failures (3.699708ms)
✔ browser owner cleanup fails closed for missing-family (0.556625ms)
✔ browser owner cleanup fails closed for wrong-owner (0.672916ms)
✔ browser owner cleanup fails closed for invalid-trigger-mode (2.661084ms)
✔ browser owner cleanup removes immutable corporate and production filing graphs (1123.875083ms)
ℹ tests 24
ℹ suites 0
ℹ pass 24
ℹ fail 0
ℹ cancelled 0
ℹ skipped 0
ℹ todo 0
ℹ duration_ms 97639.094625
Authority and RF test topology rollback completed

> talli-repository@0.1.0 test:ledger-hosted-migration-authority
> node --test tests/ledger_hosted_migration_authority.test.mjs

✔ hosted non-super migrator rehearses contract, rollback, recutover, and failed authority cleanup (217.580958ms)
ℹ tests 1
ℹ suites 0
ℹ pass 1
ℹ fail 0
ℹ cancelled 0
ℹ skipped 0
ℹ todo 0
ℹ duration_ms 281.562375

> talli-repository@0.1.0 test:corporate-governance-database-lifecycle
> node --test --test-concurrency=1 tests/corporate_governance_capability_schema.test.mjs tests/corporate_governance_database_runtime.test.mjs tests/corporate_governance_migration_lifecycle.test.mjs tests/corporate_governance_annual_close_schema.test.mjs tests/corporate_governance_annual_close_database_runtime.test.mjs tests/corporate_governance_supported_events_schema.test.mjs tests/corporate_governance_supported_events_ui.test.mjs && node --test --test-concurrency=1 tests/corporate_governance_contract_migration_lifecycle.test.mjs

✔ annual-close migration rolls back and recuts over twice without authority drift (93.720667ms)
✔ annual-close proposals are immutable and restricted to the governance executor (3.339291ms)
✔ owner-dividend expand owns an isolated forced-RLS store (4.750708ms)
✔ owner-dividend lifecycle is available only through exact restricted routines (2.16375ms)
✔ owner-dividend persistence is exact-replay, append-only, and reversible (1.573125ms)
✔ owner-dividend cutover removes the predecessor RPC and optimizes RLS (0.548ms)
✔ owner-dividend insert policies init-plan both actor checks (0.4605ms)
✔ shareholder-loan expand moves authority behind governance contracts (1.423416ms)
✔ shareholder-loan contract cutover capsules the predecessor writer (1.369708ms)
✔ shareholder-loan insert policy init-plans both actor checks reversibly (0.335833ms)
✔ governance tables and workflow routines are isolated behind the backend role (25.358334ms)
✔ legacy shareholder-loan replay requires every canonical fact to match (55.159542ms)
✔ artifact persistence does not duplicate Python signer policy (2.766542ms)
✔ hosted owner-dividend shape is upgraded before contract (1.263292ms)
✔ governance evidence is locked and revalidated before immutable insertion (1.543125ms)
✔ governance decisions keep compatibility source identity without cross-capability foreign keys (1.004625ms)
✔ company access owns the governance identity query migration (0.642208ms)
✔ company identity reader serves only an accepted member through its owned contract (25.891166ms)
✔ annual-data compatibility reader serves an accepted owner under the runtime role (22.311625ms)
✔ populated hosted shape preserves evidence through parity and contract cutover (104.813792ms)
✔ governance rollback and recutover are lossless and repeatable twice (345.031958ms)
✔ shareholder-loan RLS cleanup rollback and recutover are repeatable twice (21.79675ms)
✔ supported corporate events are immutable, tenant-scoped and atomic (3.50475ms)
✔ owner workflow exposes every supported event, correction, AAL2 and mobile layout (4.436209ms)
ℹ tests 24
ℹ suites 0
ℹ pass 24
ℹ fail 0
ℹ cancelled 0
ℹ skipped 0
ℹ todo 0
ℹ duration_ms 1077.688709
✔ corporate-governance contract rollback and cutover are repeatable twice (159.31775ms)
✔ corporate-governance contract retires every predecessor surface (1.513041ms)
ℹ tests 2
ℹ suites 0
ℹ pass 2
ℹ fail 0
ℹ cancelled 0
ℹ skipped 0
ℹ todo 0
ℹ duration_ms 225.688667

> talli-repository@0.1.0 test:billing-database-lifecycle
> : "${DATABASE_URL:?DATABASE_URL must identify the disposable test database}" && uv run --project apps/backend pytest -c apps/backend/pyproject.toml apps/backend/tests/test_supabase_billing_runtime.py apps/backend/tests/test_billing_persistence_deadlines.py apps/backend/tests/test_legacy_billing_retirement_runtime.py apps/backend/tests/test_annual_purchase_basis_runtime.py apps/backend/tests/test_annual_purchase_ledger_runtime.py apps/backend/tests/test_annual_checkout_runtime.py apps/backend/tests/test_annual_checkout_withdrawal_runtime.py apps/backend/tests/test_annual_cancellation_runtime.py apps/backend/tests/test_annual_cleanup_runtime.py apps/backend/tests/test_annual_billing_read_runtime.py apps/backend/tests/test_annual_refund_runtime.py apps/backend/tests/test_annual_refund_recovery_runtime.py apps/backend/tests/test_annual_refund_targets_runtime.py apps/backend/tests/test_annual_support_refund_recovery_runtime.py apps/backend/tests/test_annual_support_cleanup_runtime.py apps/backend/tests/test_annual_support_refund_targets_runtime.py apps/backend/tests/test_annual_refund_cleanup_runtime.py apps/backend/tests/test_annual_support_runtime.py apps/backend/tests/test_annual_notification_runtime.py apps/backend/tests/test_annual_observation_runtime.py -q && node --test --test-concurrency=1 tests/billing_database_runtime.test.mjs

........................................................................ [ 10%]
........................................................................ [ 20%]
........................................................................ [ 30%]
........................................................................ [ 41%]
........................................................................ [ 51%]
........................................................................ [ 61%]
........................................................................ [ 72%]
........................................................................ [ 82%]
........................................................................ [ 92%]
...................................................                      [100%]
699 passed in 299.53s (0:04:59)
✔ billing expansion, RLS, rollback, contract, and recutover are repeatable twice (430.569ms)
ℹ tests 1
ℹ suites 0
ℹ pass 1
ℹ fail 0
ℹ cancelled 0
ℹ skipped 0
ℹ todo 0
ℹ duration_ms 492.618209
Authority and RF test topology recutover completed

> talli-repository@0.1.0 test:authority-connections-database
> : "${DATABASE_URL:?DATABASE_URL must identify the disposable test database}" && uv run --project apps/backend pytest -c apps/backend/pyproject.toml apps/backend/tests/test_authority_connections_database_runtime.py apps/backend/tests/test_authority_operations_database_runtime.py apps/backend/tests/test_launch_signoffs_database_runtime.py apps/backend/tests/test_rf1086_database_runtime.py apps/backend/tests/test_shareholder_register_filing_lifecycle.py -q

........................................................................ [ 55%]
..........................................................               [100%]
130 passed in 38.67s

> talli-repository@0.1.0 test:supabase-rf-feedback
> node --test --test-concurrency=1 tests/rf1086_feedback_schema.test.mjs

✔ feedback fixture cleanup preserves primary and returned Supabase errors (1.368167ms)
✔ creates private, constrained feedback metadata and durable reconciliation state (0.789667ms)
✔ uses explicit least privilege grants and owner/operator read policies (1.401584ms)
✔ recording validates exact relationships and the deterministic private key (0.447875ms)
✔ change-only reconciliation events are serialized and expose safe diagnostics only (0.515292ms)
✔ backfills and atomically claims only an exact valid succeeded confirmation reference (0.706875ms)
✔ rollback revokes functions first and restores only feature-owned schema and storage policy changes (0.501167ms)
✔ local Supabase exposes owned RLS metadata and dedicated-executor mutation authority (35.106459ms)
✔ local Supabase recovers confirmed submissions and limits feedback data to authorized readers (8051.276209ms)
✔ canonical feedback preserves owner-only metadata and dedicated immutable journal authority (1.71125ms)
✔ local fixture restores exact authority and keeps internal foreign keys active on success and failure (410.511ms)
✔ local company janitor restores its own missing Billing SET grant on success (50.800959ms)
✔ local company janitor restores its own missing Billing SET grant on failure (47.370083ms)
ℹ tests 13
ℹ suites 0
ℹ pass 13
ℹ fail 0
ℹ cancelled 0
ℹ skipped 0
ℹ todo 0
ℹ duration_ms 8740.1375

> talli-repository@0.1.0 test:browser-authority-connections
> node --test --test-concurrency=1 tests/browser_authority_connections_contract.test.mjs tests/authority_browser_fixture_safety.test.mjs tests/browser_authority_connections.mjs

✔ authority fixture admits only exact local addresses and existing fixed owner provider requests (137.155125ms)
✔ authority fixture socket guard rejects external DNS and connections before network I/O (122.801333ms)
✔ mandatory authority browser uses real generated HTTP, backend-owned callback proof and scoped cleanup (0.782334ms)
✔ historical RF fixture admits two fixed GET templates and rejects business mutations (124.804666ms)
✔ owner connects through hydrated Next, generated FastAPI transport, real RLS and a local authority mock (24793.0725ms)
✔ browser contexts use a catch-all fail-closed egress guard (12.677333ms)
✔ signed feedback redirect is inspected before a bounded loopback follow (0.171584ms)
✔ current reconciliation UI reaches Godkjent before DB and reload assertions (0.075ms)
✔ both browser contexts close before final health and egress assertions (0.085375ms)
✔ owned process cleanup failures join teardown errors (0.102917ms)
✔ RF-1086 reconciliation controls have responsive overflow and focus coverage (0.101ms)
ℹ tests 11
ℹ suites 0
ℹ pass 11
ℹ fail 0
ℹ cancelled 0
ℹ skipped 0
ℹ todo 0
ℹ duration_ms 25606.0625

> talli-repository@0.1.0 test:browser-shareholder-register-filing
> node --test --test-concurrency=1 tests/shareholder_register_browser_fixture_safety.test.mjs tests/browser_shareholder_register_filing.mjs

✔ owner completes fresh RF preview, review, approval, send and private feedback through the canonical backend (33885.285708ms)
✔ fresh RF fixture permits only its five exact method templates and loopback egress (171.728833ms)
✔ fresh local RF mock preserves request identity and emits relationship-bound feedback (37.042542ms)
✔ fresh browser starts without a preview or approval and verifies the complete durable result (1.330083ms)
✔ ambiguous fresh mock response records the original mutation before disconnecting (4.426125ms)
✔ fresh RF browser uses finite fixture authority while preserving foreign keys and signoff storage (0.577333ms)
✔ fresh RF basis binds every opening row to its existing owner without seeding filing success (1.0175ms)
✔ fresh RF cleanup removes scoped public mirrors before openings (success) (1.013792ms)
✔ fresh RF cleanup removes scoped public mirrors before openings (failure preserved) (0.713708ms)
✔ fresh signoff fixture restores exact prior rows and USER triggers (success) (9.432875ms)
✔ fresh signoff fixture restores exact prior rows and USER triggers (seed) (0.951958ms)
✔ fresh signoff fixture restores exact prior rows and USER triggers (restore) (0.978959ms)
ℹ tests 12
ℹ suites 0
ℹ pass 12
ℹ fail 0
ℹ cancelled 0
ℹ skipped 0
ℹ todo 0
ℹ duration_ms 34519.748542
Using workdir /var/folders/xh/8bj3tmcx7gs4j0qxzkcf9rw00000gn/T//talli-supabase-local.zqCBrB
 db Skipped - Image is already present locally
 auth Skipped - Image is already present locally
 storage Skipped - Image is already present locally
 gateway Skipped - Image is already present locally
 api Skipped - Image is already present locally
Starting database...
Initialising schema...
Seeding globals from roles.sql...
Applying migration 0001_authenticated_workspace.sql...
NOTICE (42710): extension "pgcrypto" already exists, skipping
NOTICE (42701): column "status_text" of relation "companies" already exists, skipping
NOTICE (42701): column "address" of relation "companies" already exists, skipping
NOTICE (42701): column "postal_code" of relation "companies" already exists, skipping
NOTICE (42701): column "city" of relation "companies" already exists, skipping
NOTICE (42701): column "source" of relation "companies" already exists, skipping
NOTICE (42701): column "created_by" of relation "companies" already exists, skipping
NOTICE (42701): column "identity_confirmed_at" of relation "companies" already exists, skipping
NOTICE (42701): column "identity_locked_at" of relation "companies" already exists, skipping
NOTICE (42701): column "created_at" of relation "companies" already exists, skipping
NOTICE (42701): column "accepted_at" of relation "company_memberships" already exists, skipping
NOTICE (42701): column "created_at" of relation "company_memberships" already exists, skipping
NOTICE (42701): column "status" of relation "company_cancellations" already exists, skipping
NOTICE (42701): column "reason" of relation "company_cancellations" already exists, skipping
NOTICE (42701): column "evidence" of relation "company_cancellations" already exists, skipping
NOTICE (42701): column "requested_by" of relation "company_cancellations" already exists, skipping
NOTICE (42701): column "requested_at" of relation "company_cancellations" already exists, skipping
NOTICE (42701): column "reviewed_by" of relation "company_cancellations" already exists, skipping
NOTICE (42701): column "reviewed_at" of relation "company_cancellations" already exists, skipping
NOTICE (42701): column "deleted_by" of relation "company_cancellations" already exists, skipping
NOTICE (42701): column "deleted_at" of relation "company_cancellations" already exists, skipping
NOTICE (42701): column "updated_at" of relation "company_cancellations" already exists, skipping
NOTICE (42701): column "risk_flags" of relation "ledger_entries" already exists, skipping
NOTICE (42701): column "warning_accepted_by" of relation "ledger_entries" already exists, skipping
NOTICE (42701): column "warning_accepted_at" of relation "ledger_entries" already exists, skipping
NOTICE (42701): column "movements" of relation "investment_positions" already exists, skipping
NOTICE (42701): column "adapter_mode" of relation "filing_submissions" already exists, skipping
NOTICE (42701): column "payload_hash" of relation "filing_submissions" already exists, skipping
NOTICE (42701): column "idempotency_key" of relation "filing_submissions" already exists, skipping
NOTICE (42701): column "submitted_by" of relation "filing_submissions" already exists, skipping
NOTICE (42701): column "feedback_items" of relation "filing_submissions" already exists, skipping
NOTICE (42701): column "receipt_metadata" of relation "filing_submissions" already exists, skipping
NOTICE (42701): column "submitted_payload_ref" of relation "filing_submissions" already exists, skipping
NOTICE (42701): column "submitted_payload" of relation "filing_submissions" already exists, skipping
NOTICE (42701): column "refund_completed" of relation "billing_accounts" already exists, skipping
NOTICE (42701): column "provider_customer_ref" of relation "billing_accounts" already exists, skipping
NOTICE (42701): column "subscription_provider_ref" of relation "billing_accounts" already exists, skipping
NOTICE (42701): column "filing_package_payment_ref" of relation "billing_accounts" already exists, skipping
NOTICE (42701): column "refund_provider_ref" of relation "billing_accounts" already exists, skipping
NOTICE (00000): policy "owners can create companies" for relation "public.companies" does not exist, skipping
NOTICE (00000): policy "company members can read companies" for relation "public.companies" does not exist, skipping
NOTICE (00000): policy "active operators can read own operator grant" for relation "public.support_operators" does not exist, skipping
NOTICE (00000): policy "active operators can read launch signoffs" for relation "public.launch_signoffs" does not exist, skipping
NOTICE (00000): policy "admin operators can create launch signoffs" for relation "public.launch_signoffs" does not exist, skipping
NOTICE (00000): policy "admin operators can update launch signoffs" for relation "public.launch_signoffs" does not exist, skipping
NOTICE (00000): policy "owners can lock their new company identity" for relation "public.companies" does not exist, skipping
NOTICE (00000): policy "users can read their memberships" for relation "public.company_memberships" does not exist, skipping
NOTICE (00000): policy "company creator can add owner membership" for relation "public.company_memberships" does not exist, skipping
NOTICE (00000): policy "owners can invite company members" for relation "public.company_memberships" does not exist, skipping
NOTICE (00000): policy "owners can update their own membership acceptance" for relation "public.company_memberships" does not exist, skipping
NOTICE (00000): policy "invited users can accept company memberships" for relation "public.company_memberships" does not exist, skipping
NOTICE (00000): policy "owners and invitees can read company invitations" for relation "public.company_invitations" does not exist, skipping
NOTICE (00000): policy "owners can create company invitations" for relation "public.company_invitations" does not exist, skipping
NOTICE (00000): policy "owners and invitees can update company invitations" for relation "public.company_invitations" does not exist, skipping
NOTICE (00000): policy "owners can read notification outbox" for relation "public.notification_outbox" does not exist, skipping
NOTICE (00000): policy "owners can create notification outbox rows" for relation "public.notification_outbox" does not exist, skipping
NOTICE (00000): policy "company members can read audit events" for relation "public.audit_events" does not exist, skipping
NOTICE (00000): policy "support operators can read audit events" for relation "public.audit_events" does not exist, skipping
NOTICE (00000): policy "company members can create audit events for themselves" for relation "public.audit_events" does not exist, skipping
NOTICE (00000): policy "company members can read cancellation state" for relation "public.company_cancellations" does not exist, skipping
NOTICE (00000): policy "support operators can read cancellation state" for relation "public.company_cancellations" does not exist, skipping
NOTICE (00000): policy "owners can request cancellation" for relation "public.company_cancellations" does not exist, skipping
NOTICE (00000): policy "owners can update cancellation request" for relation "public.company_cancellations" does not exist, skipping
NOTICE (00000): policy "users can read their own step up events" for relation "public.step_up_events" does not exist, skipping
NOTICE (00000): policy "users can create their own step up events" for relation "public.step_up_events" does not exist, skipping
NOTICE (00000): policy "company members can read document metadata" for relation "public.documents" does not exist, skipping
NOTICE (00000): policy "owners can create document metadata" for relation "public.documents" does not exist, skipping
NOTICE (00000): policy "company members can read company document objects" for relation "storage.objects" does not exist, skipping
NOTICE (00000): policy "owners can upload company document objects" for relation "storage.objects" does not exist, skipping
NOTICE (00000): policy "company members can read opening balance setups" for relation "public.opening_balance_setups" does not exist, skipping
NOTICE (00000): policy "owners can create opening balance setups" for relation "public.opening_balance_setups" does not exist, skipping
NOTICE (00000): policy "company members can read period locks" for relation "public.period_locks" does not exist, skipping
NOTICE (00000): policy "owners can create period locks" for relation "public.period_locks" does not exist, skipping
NOTICE (00000): policy "company members can read annual data" for relation "public.annual_data" does not exist, skipping
NOTICE (00000): policy "owners can create annual data" for relation "public.annual_data" does not exist, skipping
NOTICE (00000): policy "owners can update annual data" for relation "public.annual_data" does not exist, skipping
NOTICE (00000): policy "company members can read opening shareholders" for relation "public.opening_shareholders" does not exist, skipping
NOTICE (00000): policy "owners can create opening shareholders" for relation "public.opening_shareholders" does not exist, skipping
NOTICE (00000): policy "company members can read ledger entries" for relation "public.ledger_entries" does not exist, skipping
NOTICE (00000): policy "owners can create ledger entries" for relation "public.ledger_entries" does not exist, skipping
NOTICE (00000): policy "company members can read bank transactions" for relation "public.bank_transactions" does not exist, skipping
NOTICE (00000): policy "owners can create bank transactions" for relation "public.bank_transactions" does not exist, skipping
NOTICE (00000): policy "owners can update bank transactions" for relation "public.bank_transactions" does not exist, skipping
NOTICE (00000): policy "company members can read holding actions" for relation "public.holding_actions" does not exist, skipping
NOTICE (00000): policy "owners can create holding actions" for relation "public.holding_actions" does not exist, skipping
NOTICE (00000): policy "company members can read investment positions" for relation "public.investment_positions" does not exist, skipping
NOTICE (00000): policy "owners can create investment positions" for relation "public.investment_positions" does not exist, skipping
NOTICE (00000): policy "owners can update investment positions" for relation "public.investment_positions" does not exist, skipping
NOTICE (00000): policy "company members can read filing previews" for relation "public.filing_previews" does not exist, skipping
NOTICE (00000): policy "owners can create filing previews" for relation "public.filing_previews" does not exist, skipping
NOTICE (00000): policy "company members can read filing submissions" for relation "public.filing_submissions" does not exist, skipping
NOTICE (00000): policy "support operators can read filing submissions" for relation "public.filing_submissions" does not exist, skipping
NOTICE (00000): policy "owners can create filing submissions" for relation "public.filing_submissions" does not exist, skipping
NOTICE (00000): policy "owners can update filing submissions" for relation "public.filing_submissions" does not exist, skipping
NOTICE (00000): policy "company members can read filing overrides" for relation "public.filing_overrides" does not exist, skipping
NOTICE (00000): policy "owners can create filing overrides" for relation "public.filing_overrides" does not exist, skipping
NOTICE (00000): policy "company members can read filing readiness snapshots" for relation "public.filing_readiness_snapshots" does not exist, skipping
NOTICE (00000): policy "support operators can read filing readiness snapshots" for relation "public.filing_readiness_snapshots" does not exist, skipping
NOTICE (00000): policy "owners can create filing readiness snapshots" for relation "public.filing_readiness_snapshots" does not exist, skipping
NOTICE (00000): policy "owners can update filing readiness snapshots" for relation "public.filing_readiness_snapshots" does not exist, skipping
NOTICE (00000): policy "company members can read filing review comments" for relation "public.filing_review_comments" does not exist, skipping
NOTICE (00000): policy "company members can read billing accounts" for relation "public.billing_accounts" does not exist, skipping
NOTICE (00000): policy "support operators can read billing accounts" for relation "public.billing_accounts" does not exist, skipping
NOTICE (00000): policy "owners can create billing accounts" for relation "public.billing_accounts" does not exist, skipping
NOTICE (00000): policy "owners can update billing accounts" for relation "public.billing_accounts" does not exist, skipping
NOTICE (00000): policy "company members can read billing payment events" for relation "public.billing_payment_events" does not exist, skipping
NOTICE (00000): policy "support operators can read billing payment events" for relation "public.billing_payment_events" does not exist, skipping
NOTICE (00000): policy "owners can create billing payment events" for relation "public.billing_payment_events" does not exist, skipping
NOTICE (00000): policy "company members can read authority permissions" for relation "public.authority_permissions" does not exist, skipping
NOTICE (00000): policy "support operators can read authority permissions" for relation "public.authority_permissions" does not exist, skipping
NOTICE (00000): policy "owners can create authority permissions" for relation "public.authority_permissions" does not exist, skipping
NOTICE (00000): policy "owners can update authority permissions" for relation "public.authority_permissions" does not exist, skipping
NOTICE (00000): policy "company members can read authority test runs" for relation "public.authority_test_runs" does not exist, skipping
NOTICE (00000): policy "support operators can read authority test runs" for relation "public.authority_test_runs" does not exist, skipping
NOTICE (00000): policy "owners can create authority test runs" for relation "public.authority_test_runs" does not exist, skipping
NOTICE (00000): policy "owners and reviewers can create filing review comments" for relation "public.filing_review_comments" does not exist, skipping
NOTICE (00000): policy "owners can acknowledge filing review comments" for relation "public.filing_review_comments" does not exist, skipping
Applying migration 0002_fifo_investment_lots.sql...
NOTICE (00000): constraint "investment_positions_lot_history_status_check" of relation "investment_positions" does not exist, skipping
NOTICE (00000): policy "company members can read investment lots" for relation "public.investment_lots" does not exist, skipping
NOTICE (00000): policy "company members can read investment lot allocations" for relation "public.investment_lot_allocations" does not exist, skipping
NOTICE (00000): trigger "holding_actions_require_investment_rpc" for relation "public.holding_actions" does not exist, skipping
Applying migration 0003_bank_rule_suggestions.sql...
NOTICE (00000): policy "company members can read bank suggestion acceptances" for relation "public.bank_suggestion_acceptances" does not exist, skipping
Applying migration 0004_corporate_document_artifacts.sql...
NOTICE (00000): trigger "prevent_corporate_accounting_policies_mutation" for relation "public.corporate_accounting_policies" does not exist, skipping
NOTICE (00000): trigger "prevent_corporate_decisions_mutation" for relation "public.corporate_decisions" does not exist, skipping
NOTICE (00000): trigger "prevent_corporate_document_sets_mutation" for relation "public.corporate_document_sets" does not exist, skipping
NOTICE (00000): trigger "prevent_corporate_document_artifacts_mutation" for relation "public.corporate_document_artifacts" does not exist, skipping
NOTICE (00000): trigger "prevent_corporate_document_events_mutation" for relation "public.corporate_document_events" does not exist, skipping
NOTICE (00000): trigger "prevent_corporate_decision_finalizations_mutation" for relation "public.corporate_decision_finalizations" does not exist, skipping
NOTICE (00000): policy "company members can read corporate decisions" for relation "public.corporate_decisions" does not exist, skipping
NOTICE (00000): policy "company members can read corporate document sets" for relation "public.corporate_document_sets" does not exist, skipping
NOTICE (00000): policy "company members can read corporate document artifacts" for relation "public.corporate_document_artifacts" does not exist, skipping
NOTICE (00000): policy "company members can read corporate document events" for relation "public.corporate_document_events" does not exist, skipping
NOTICE (00000): policy "company members can read corporate decision finalizations" for relation "public.corporate_decision_finalizations" does not exist, skipping
Applying migration 0005_company_tax_feedback_persistence.sql...
NOTICE (00000): constraint "filing_submissions_authority_mode_shape_check" of relation "filing_submissions" does not exist, skipping
NOTICE (00000): index "authority_test_runs_evidence_identity_key" does not exist, skipping
Applying migration 20260714081443_explicit_data_api_grants.sql...
Applying migration 20260715084507_trusted_aal2_boundary.sql...
Applying migration 20260715120700_revoke_anonymous_mutation_rpcs.sql...
Applying migration 20260715143000_retention_safe_document_removal.sql...
NOTICE (00000): policy "owners can delete removed unlinked document objects" for relation "storage.objects" does not exist, skipping
Applying migration 20260715180000_controlled_production_beta.sql...
NOTICE (00000): policy "company members read production pilot entitlements" for relation "public.production_pilot_entitlements" does not exist, skipping
NOTICE (00000): policy "company members read filing approval snapshots" for relation "public.filing_approval_snapshots" does not exist, skipping
NOTICE (00000): policy "company members read production filing submissions" for relation "public.production_filing_submissions" does not exist, skipping
NOTICE (00000): policy "company members read production filing events" for relation "public.production_filing_events" does not exist, skipping
NOTICE (00000): policy "active operators read production pilot entitlements" for relation "public.production_pilot_entitlements" does not exist, skipping
NOTICE (00000): policy "active operators read filing approval snapshots" for relation "public.filing_approval_snapshots" does not exist, skipping
NOTICE (00000): policy "active operators read production filing submissions" for relation "public.production_filing_submissions" does not exist, skipping
NOTICE (00000): policy "active operators read production filing events" for relation "public.production_filing_events" does not exist, skipping
Applying migration 20260716110000_authority_operations.sql...
NOTICE (00000): policy "active admin operators read authority operations" for relation "public.authority_operations" does not exist, skipping
Applying migration 20260716125903_rf1086_system_user_requests.sql...
NOTICE (00000): constraint "system_user_requests_confirm_url_check" of relation "system_user_requests" does not exist, skipping
NOTICE (00000): constraint "system_user_requests_confirm_url_canonical" of relation "system_user_requests" does not exist, skipping
NOTICE (00000): policy "system_user_requests_owner_read" for relation "public.system_user_requests" does not exist, skipping
NOTICE (00000): policy "system_user_requests_operator_read" for relation "public.system_user_requests" does not exist, skipping
NOTICE (00000): constraint "production_pilot_entitlements_verified_request_required" of relation "production_pilot_entitlements" does not exist, skipping
Applying migration 20260716140100_rf1086_systemregister_callback_operation.sql...
Applying migration 20260716155621_rf1086_feedback_reconciliation.sql...
NOTICE (00000): policy "production_feedback_artifacts_owner_read" for relation "public.production_feedback_artifacts" does not exist, skipping
NOTICE (00000): policy "production_feedback_artifacts_operator_read" for relation "public.production_feedback_artifacts" does not exist, skipping
Applying migration 20260717110000_customer_agreement_acceptances.sql...
NOTICE (00000): trigger "prevent_customer_agreement_acceptance_mutation" for relation "public.customer_agreement_acceptances" does not exist, skipping
NOTICE (00000): policy "company members can read customer agreement acceptances" for relation "public.customer_agreement_acceptances" does not exist, skipping
Applying migration 20260717113000_restrict_customer_agreement_creation.sql...
Applying migration 20260717120000_existing_company_agreement_reacceptance.sql...
Applying migration 20260719090000_add_annual_full_time_equivalents.sql...
NOTICE (42701): column "annual_full_time_equivalents" of relation "annual_data" already exists, skipping
Applying migration 20260801090000_company_access_invitations.sql...
NOTICE (00000): policy "members and accepted owners can read company memberships" for relation "public.company_memberships" does not exist, skipping
NOTICE (00000): policy "company access commands read companies" for relation "public.companies" does not exist, skipping
NOTICE (00000): policy "company access commands read invitations" for relation "public.company_invitations" does not exist, skipping
NOTICE (00000): policy "company access commands create invitations" for relation "public.company_invitations" does not exist, skipping
NOTICE (00000): policy "company access commands update invitations" for relation "public.company_invitations" does not exist, skipping
NOTICE (00000): policy "company access commands read memberships" for relation "public.company_memberships" does not exist, skipping
NOTICE (00000): policy "company access commands accept memberships" for relation "public.company_memberships" does not exist, skipping
NOTICE (00000): policy "company access commands update memberships" for relation "public.company_memberships" does not exist, skipping
NOTICE (00000): policy "company access commands remove memberships" for relation "public.company_memberships" does not exist, skipping
NOTICE (00000): policy "company access commands read receipts" for relation "public.company_access_command_receipts" does not exist, skipping
NOTICE (00000): policy "company access recovery reads own receipts" for relation "public.company_access_command_receipts" does not exist, skipping
NOTICE (00000): policy "company access recovery updates own receipts" for relation "public.company_access_command_receipts" does not exist, skipping
NOTICE (00000): policy "company access recovery reads own membership" for relation "public.company_memberships" does not exist, skipping
NOTICE (00000): policy "company access recovery reads own audit evidence" for relation "public.audit_events" does not exist, skipping
NOTICE (00000): policy "company access recovery reads own delivery evidence" for relation "public.notification_outbox" does not exist, skipping
NOTICE (00000): policy "company access recovery creates own delivery evidence" for relation "public.notification_outbox" does not exist, skipping
NOTICE (00000): policy "company access commands create receipts" for relation "public.company_access_command_receipts" does not exist, skipping
NOTICE (00000): policy "company access commands clear receipt tokens" for relation "public.company_access_command_receipts" does not exist, skipping
WARNING (01006): no privileges could be revoked for "company_access_create_invitation"
WARNING (01006): no privileges could be revoked for "company_access_lookup_invitation"
WARNING (01006): no privileges could be revoked for "company_access_accept_invitation"
WARNING (01006): no privileges could be revoked for "company_access_revoke_invitation"
WARNING (01006): no privileges could be revoked for "company_access_resend_invitation"
WARNING (01006): no privileges could be revoked for "company_access_administer_membership"
WARNING (01006): no privileges could be revoked for "company_access_pending_invitation_side_effects"
WARNING (01006): no privileges could be revoked for "company_access_complete_invitation_side_effect"
WARNING (01007): no privileges were granted for "company_access_create_invitation"
WARNING (01007): no privileges were granted for "company_access_lookup_invitation"
WARNING (01007): no privileges were granted for "company_access_accept_invitation"
WARNING (01007): no privileges were granted for "company_access_revoke_invitation"
WARNING (01007): no privileges were granted for "company_access_resend_invitation"
WARNING (01007): no privileges were granted for "company_access_administer_membership"
WARNING (01007): no privileges were granted for "company_access_pending_invitation_side_effects"
WARNING (01007): no privileges were granted for "company_access_complete_invitation_side_effect"
Applying migration 20260808120000_company_access_cancellation_lifecycle.sql...
NOTICE (00000): policy "legacy cancellation hides superseded rows" for relation "public.company_cancellations" does not exist, skipping
NOTICE (00000): trigger "company_archive_track_companies" for relation "public.companies" does not exist, skipping
NOTICE (00000): trigger "company_archive_track_opening_balance_setups" for relation "public.opening_balance_setups" does not exist, skipping
NOTICE (00000): trigger "company_archive_track_opening_shareholders" for relation "public.opening_shareholders" does not exist, skipping
NOTICE (00000): trigger "company_archive_track_ledger_entries" for relation "public.ledger_entries" does not exist, skipping
NOTICE (00000): trigger "company_archive_track_documents" for relation "public.documents" does not exist, skipping
NOTICE (00000): trigger "company_archive_track_filing_previews" for relation "public.filing_previews" does not exist, skipping
NOTICE (00000): trigger "company_archive_track_filing_submissions" for relation "public.filing_submissions" does not exist, skipping
NOTICE (00000): trigger "company_archive_track_holding_actions" for relation "public.holding_actions" does not exist, skipping
NOTICE (00000): trigger "company_archive_track_billing_accounts" for relation "public.billing_accounts" does not exist, skipping
NOTICE (00000): trigger "company_archive_track_authority_permissions" for relation "public.authority_permissions" does not exist, skipping
NOTICE (00000): trigger "company_archive_track_authority_test_runs" for relation "public.authority_test_runs" does not exist, skipping
NOTICE (00000): trigger "company_archive_track_filing_review_comments" for relation "public.filing_review_comments" does not exist, skipping
NOTICE (00000): trigger "company_archive_track_audit_events" for relation "public.audit_events" does not exist, skipping
NOTICE (00000): trigger "company_archive_track_investment_positions" for relation "public.investment_positions" does not exist, skipping
NOTICE (00000): trigger "company_archive_track_investment_lots" for relation "public.investment_lots" does not exist, skipping
NOTICE (00000): trigger "company_archive_track_investment_lot_allocations" for relation "public.investment_lot_allocations" does not exist, skipping
NOTICE (00000): trigger "company_archive_track_bank_suggestion_acceptances" for relation "public.bank_suggestion_acceptances" does not exist, skipping
NOTICE (00000): trigger "company_archive_track_corporate_decisions" for relation "public.corporate_decisions" does not exist, skipping
NOTICE (00000): trigger "company_archive_track_corporate_document_sets" for relation "public.corporate_document_sets" does not exist, skipping
NOTICE (00000): trigger "company_archive_track_corporate_document_artifacts" for relation "public.corporate_document_artifacts" does not exist, skipping
NOTICE (00000): trigger "company_archive_track_corporate_document_events" for relation "public.corporate_document_events" does not exist, skipping
NOTICE (00000): trigger "company_archive_track_corporate_decision_finalizations" for relation "public.corporate_decision_finalizations" does not exist, skipping
NOTICE (00000): policy "company access commands read cancellations" for relation "public.company_cancellations" does not exist, skipping
NOTICE (00000): policy "company access commands create cancellations" for relation "public.company_cancellations" does not exist, skipping
NOTICE (00000): policy "company access commands update cancellations" for relation "public.company_cancellations" does not exist, skipping
NOTICE (00000): policy "company access members read deletion reviews" for relation "public.company_deletion_reviews" does not exist, skipping
NOTICE (00000): policy "company access commands append deletion reviews" for relation "public.company_deletion_reviews" does not exist, skipping
NOTICE (00000): policy "company access lifecycle reads documents" for relation "public.documents" does not exist, skipping
NOTICE (00000): policy "company access lifecycle appends audit evidence" for relation "public.audit_events" does not exist, skipping
NOTICE (00000): policy "company access lifecycle updates company marker" for relation "public.companies" does not exist, skipping
WARNING (01006): no privileges could be revoked for "company_access_request_cancellation"
WARNING (01006): no privileges could be revoked for "company_access_resume_cancellation"
WARNING (01006): no privileges could be revoked for "company_access_review_deletion"
WARNING (01006): no privileges could be revoked for "company_access_finalize_deletion"
WARNING (01006): no privileges could be revoked for "company_access_list_cancellations"
WARNING (01006): no privileges could be revoked for "company_access_reconcile_cancellation_operation"
WARNING (01007): no privileges were granted for "company_access_request_cancellation"
WARNING (01007): no privileges were granted for "company_access_resume_cancellation"
WARNING (01007): no privileges were granted for "company_access_review_deletion"
WARNING (01007): no privileges were granted for "company_access_finalize_deletion"
WARNING (01007): no privileges were granted for "company_access_list_cancellations"
WARNING (01007): no privileges were granted for "company_access_reconcile_cancellation_operation"
Applying migration 20260826095900_company_access_policy_schema.sql...
Applying migration 20260826100000_company_access_onboarding.sql...
NOTICE (00000): policy "company access backend reads own operator grant" for relation "public.support_operators" does not exist, skipping
NOTICE (00000): policy "company access onboarding creates companies" for relation "public.companies" does not exist, skipping
NOTICE (00000): policy "company access onboarding creates owner membership" for relation "public.company_memberships" does not exist, skipping
NOTICE (00000): policy "company access reads agreement evidence" for relation "public.customer_agreement_acceptances" does not exist, skipping
NOTICE (00000): policy "company access appends current agreement evidence" for relation "public.customer_agreement_acceptances" does not exist, skipping
Applying migration 20260826110000_company_year_admission.sql...
Applying migration 20260827100000_ledger_capability.sql...
NOTICE (00000): trigger "ledger_entries_enforce_boundary" for relation "ledger.entries" does not exist, skipping
NOTICE (00000): constraint "ledger_entries_source_capability_check" of relation "entries" does not exist, skipping
NOTICE (00000): trigger "ledger_entries_enforce_boundary" for relation "ledger.entries" does not exist, skipping
NOTICE (00000): role "postgres" has already been granted membership in role "company_access_executor" by role "postgres"
WARNING (01006): no privileges could be revoked for "company_access_company_year_allows_consequential_v1"
WARNING (01007): no privileges were granted for "company_access_company_year_allows_consequential_v1"
WARNING (01007): no privileges were granted for "company_access_company_year_allows_consequential_v1"
NOTICE (00000): policy "ledger workflow reads receipts" for relation "backend_system.ledger_workflow_receipts" does not exist, skipping
NOTICE (00000): policy "ledger workflow appends receipts" for relation "backend_system.ledger_workflow_receipts" does not exist, skipping
NOTICE (00000): policy "ledger workflow creates opening setups" for relation "public.opening_balance_setups" does not exist, skipping
NOTICE (00000): policy "ledger workflow reads opening setups" for relation "public.opening_balance_setups" does not exist, skipping
NOTICE (00000): policy "ledger workflow creates opening shareholders" for relation "public.opening_shareholders" does not exist, skipping
NOTICE (00000): policy "ledger workflow reads opening shareholders" for relation "public.opening_shareholders" does not exist, skipping
NOTICE (00000): policy "ledger store reads entries" for relation "ledger.entries" does not exist, skipping
NOTICE (00000): policy "ledger store posts entries" for relation "ledger.entries" does not exist, skipping
NOTICE (00000): policy "ledger store reads period locks" for relation "ledger.period_locks" does not exist, skipping
NOTICE (00000): policy "ledger store creates period locks" for relation "ledger.period_locks" does not exist, skipping
NOTICE (00000): policy "ledger store reads command receipts" for relation "backend_system.ledger_command_receipts" does not exist, skipping
NOTICE (00000): policy "ledger store appends command receipts" for relation "backend_system.ledger_command_receipts" does not exist, skipping
NOTICE (00000): trigger "ledger_command_receipts_immutable" for relation "backend_system.ledger_command_receipts" does not exist, skipping
NOTICE (00000): trigger "ledger_workflow_receipts_immutable" for relation "backend_system.ledger_workflow_receipts" does not exist, skipping
NOTICE (00000): trigger "ledger_cursor_signing_keys_immutable" for relation "backend_system.ledger_cursor_signing_keys" does not exist, skipping
NOTICE (00000): trigger "ledger_migration_source_rows_immutable" for relation "backend_system.ledger_migration_source_rows" does not exist, skipping
NOTICE (00000): trigger "ledger_migration_quarantine_immutable" for relation "backend_system.ledger_migration_quarantine" does not exist, skipping
NOTICE (00000): trigger "ledger_migration_reconciliations_immutable" for relation "backend_system.ledger_migration_reconciliations" does not exist, skipping
NOTICE (00000): trigger "ledger_entries_legacy_insert" for relation "public.ledger_entries" does not exist, skipping
WARNING (01000): role "postgres" has not been granted membership in role "company_access_executor" by role "postgres"
Applying migration 20260827100500_ledger_writer_coordinators.sql...
Applying migration 20260827101000_ledger_full_year_reconstruction.sql...
Applying migration 20260827102000_ledger_supported_patterns.sql...
NOTICE (00000): policy "ledger store reads entry contexts" for relation "ledger.entry_contexts" does not exist, skipping
NOTICE (00000): policy "ledger store records entry contexts" for relation "ledger.entry_contexts" does not exist, skipping
NOTICE (00000): policy "ledger store reads entry sources" for relation "ledger.entry_sources" does not exist, skipping
NOTICE (00000): policy "ledger store records entry sources" for relation "ledger.entry_sources" does not exist, skipping
NOTICE (00000): trigger "ledger_entry_contexts_immutable" for relation "ledger.entry_contexts" does not exist, skipping
NOTICE (00000): trigger "ledger_entry_sources_immutable" for relation "ledger.entry_sources" does not exist, skipping
Applying migration 20260827103000_ledger_corrections.sql...
NOTICE (00000): policy "ledger store reads entry corrections" for relation "ledger.entry_corrections" does not exist, skipping
NOTICE (00000): policy "ledger store records entry corrections" for relation "ledger.entry_corrections" does not exist, skipping
NOTICE (00000): trigger "ledger_entry_corrections_immutable" for relation "ledger.entry_corrections" does not exist, skipping
Applying migration 20260827104000_ledger_company_year_close.sql...
NOTICE (00000): constraint "reconstruction_assessments_ledger_state_digest_check" of relation "reconstruction_assessments" does not exist, skipping
NOTICE (00000): policy "ledger store reads company year close locks" for relation "ledger.company_year_close_locks" does not exist, skipping
NOTICE (00000): policy "ledger store records company year close locks" for relation "ledger.company_year_close_locks" does not exist, skipping
NOTICE (00000): policy "ledger store reads company year close assessments" for relation "ledger.company_year_close_assessments" does not exist, skipping
NOTICE (00000): policy "ledger store records company year close assessments" for relation "ledger.company_year_close_assessments" does not exist, skipping
NOTICE (00000): policy "ledger store reads company year close evidence" for relation "ledger.company_year_close_evidence" does not exist, skipping
NOTICE (00000): policy "ledger store records company year close evidence" for relation "ledger.company_year_close_evidence" does not exist, skipping
NOTICE (00000): policy "ledger store reads company year close reporting outputs" for relation "ledger.company_year_close_reporting_outputs" does not exist, skipping
NOTICE (00000): policy "ledger store records company year close reporting outputs" for relation "ledger.company_year_close_reporting_outputs" does not exist, skipping
NOTICE (00000): trigger "reconstruction_assessments_bind_ledger_state" for relation "ledger.reconstruction_assessments" does not exist, skipping
NOTICE (00000): trigger "ledger_company_year_close_locks_immutable" for relation "ledger.company_year_close_locks" does not exist, skipping
NOTICE (00000): trigger "ledger_company_year_close_assessments_immutable" for relation "ledger.company_year_close_assessments" does not exist, skipping
NOTICE (00000): trigger "ledger_company_year_close_evidence_immutable" for relation "ledger.company_year_close_evidence" does not exist, skipping
NOTICE (00000): trigger "ledger_company_year_close_reporting_outputs_immutable" for relation "ledger.company_year_close_reporting_outputs" does not exist, skipping
Applying migration 20260827105000_ledger_received_dividend_lifecycle.sql...
NOTICE (00000): policy "ledger store reads received dividend decisions" for relation "ledger.received_dividend_decisions" does not exist, skipping
NOTICE (00000): policy "ledger store records received dividend decisions" for relation "ledger.received_dividend_decisions" does not exist, skipping
NOTICE (00000): policy "ledger store reads received dividend settlements" for relation "ledger.received_dividend_settlements" does not exist, skipping
NOTICE (00000): policy "ledger store records received dividend settlements" for relation "ledger.received_dividend_settlements" does not exist, skipping
NOTICE (00000): trigger "ledger_received_dividend_decisions_immutable" for relation "ledger.received_dividend_decisions" does not exist, skipping
NOTICE (00000): trigger "ledger_received_dividend_settlements_immutable" for relation "ledger.received_dividend_settlements" does not exist, skipping
Applying migration 20260827106000_ledger_bank_loan_lifecycle.sql...
NOTICE (00000): policy "ledger store reads bank loan anchors" for relation "ledger.bank_loan_anchors" does not exist, skipping
NOTICE (00000): policy "ledger store records bank loan anchors" for relation "ledger.bank_loan_anchors" does not exist, skipping
NOTICE (00000): policy "ledger store reads bank loan payment allocations" for relation "ledger.bank_loan_payment_allocations" does not exist, skipping
NOTICE (00000): policy "ledger store records bank loan payment allocations" for relation "ledger.bank_loan_payment_allocations" does not exist, skipping
NOTICE (00000): trigger "ledger_bank_loan_anchors_immutable" for relation "ledger.bank_loan_anchors" does not exist, skipping
NOTICE (00000): trigger "ledger_bank_loan_payment_allocations_immutable" for relation "ledger.bank_loan_payment_allocations" does not exist, skipping
Applying migration 20260827107000_ledger_cash_capital_increase_lifecycle.sql...
NOTICE (00000): policy "ledger store reads cash capital increase phases" for relation "ledger.cash_capital_increase_phases" does not exist, skipping
NOTICE (00000): policy "ledger store records cash capital increase phases" for relation "ledger.cash_capital_increase_phases" does not exist, skipping
NOTICE (00000): trigger "ledger_cash_capital_increase_phases_immutable" for relation "ledger.cash_capital_increase_phases" does not exist, skipping
Applying migration 20260827108000_ledger_loss_coverage_capital_reduction_lifecycle.sql...
NOTICE (00000): policy "ledger store reads loss coverage capital reduction phases" for relation "ledger.loss_coverage_capital_reduction_phases" does not exist, skipping
NOTICE (00000): policy "ledger store records loss coverage capital reduction phases" for relation "ledger.loss_coverage_capital_reduction_phases" does not exist, skipping
NOTICE (00000): trigger "ledger_loss_coverage_capital_reduction_phases_immutable" for relation "ledger.loss_coverage_capital_reduction_phases" does not exist, skipping
Applying migration 20260827109000_ledger_opening_position_rebuild.sql...
NOTICE (00000): policy "ledger store reads opening position rebuilds" for relation "ledger.opening_position_rebuilds" does not exist, skipping
NOTICE (00000): policy "ledger store records opening position rebuilds" for relation "ledger.opening_position_rebuilds" does not exist, skipping
NOTICE (00000): policy "ledger store reads opening position components" for relation "ledger.opening_position_components" does not exist, skipping
NOTICE (00000): policy "ledger store records opening position components" for relation "ledger.opening_position_components" does not exist, skipping
NOTICE (00000): policy "ledger store reads opening position component sources" for relation "ledger.opening_position_component_sources" does not exist, skipping
NOTICE (00000): policy "ledger store records opening position component sources" for relation "ledger.opening_position_component_sources" does not exist, skipping
NOTICE (00000): policy "ledger store reads opening dividend settlements" for relation "ledger.opening_received_dividend_settlements" does not exist, skipping
NOTICE (00000): policy "ledger store records opening dividend settlements" for relation "ledger.opening_received_dividend_settlements" does not exist, skipping
NOTICE (00000): trigger "ledger_bank_loan_basis_collision" for relation "ledger.bank_loan_anchors" does not exist, skipping
NOTICE (00000): trigger "ledger_opening_bank_loan_basis_collision" for relation "ledger.opening_position_components" does not exist, skipping
NOTICE (00000): trigger "ledger_bank_loan_payment_basis" for relation "ledger.bank_loan_payment_allocations" does not exist, skipping
NOTICE (00000): trigger "ledger_opening_position_rebuilds_immutable" for relation "ledger.opening_position_rebuilds" does not exist, skipping
NOTICE (00000): trigger "ledger_opening_position_components_immutable" for relation "ledger.opening_position_components" does not exist, skipping
NOTICE (00000): trigger "ledger_opening_position_component_sources_immutable" for relation "ledger.opening_position_component_sources" does not exist, skipping
NOTICE (00000): trigger "ledger_opening_received_dividend_settlements_immutable" for relation "ledger.opening_received_dividend_settlements" does not exist, skipping
Applying migration 20260827109100_ledger_opening_position_acceptance.sql...
Applying migration 20260827109200_ledger_reconstruction_economic_facts.sql...
NOTICE (42701): column "fact" of relation "reconstruction_economic_facts" already exists, skipping
NOTICE (00000): policy "ledger store reads reconstruction economic fact sets" for relation "ledger.reconstruction_economic_fact_sets" does not exist, skipping
NOTICE (00000): policy "ledger store records reconstruction economic fact sets" for relation "ledger.reconstruction_economic_fact_sets" does not exist, skipping
NOTICE (00000): policy "ledger store reads reconstruction economic facts" for relation "ledger.reconstruction_economic_facts" does not exist, skipping
NOTICE (00000): policy "ledger store records reconstruction economic facts" for relation "ledger.reconstruction_economic_facts" does not exist, skipping
NOTICE (00000): trigger "reconstruction_economic_fact_sets_immutable" for relation "ledger.reconstruction_economic_fact_sets" does not exist, skipping
NOTICE (00000): trigger "reconstruction_economic_facts_immutable" for relation "ledger.reconstruction_economic_facts" does not exist, skipping
Applying migration 20260827109300_ledger_close_output_economic_facts.sql...
NOTICE (00000): constraint "ledger_close_output_economic_facts_digest_valid" of relation "company_year_close_reporting_outputs" does not exist, skipping
NOTICE (00000): trigger "ledger_company_year_close_output_bind_economic_facts" for relation "ledger.company_year_close_reporting_outputs" does not exist, skipping
Applying migration 20260827109400_ledger_reconstruction_source_evidence.sql...
NOTICE (00000): policy "ledger store reads reconstruction source evidence sets" for relation "ledger.reconstruction_source_evidence_sets" does not exist, skipping
NOTICE (00000): policy "ledger store records reconstruction source evidence sets" for relation "ledger.reconstruction_source_evidence_sets" does not exist, skipping
NOTICE (00000): policy "ledger store reads reconstruction source evidence bindings" for relation "ledger.reconstruction_source_evidence_bindings" does not exist, skipping
NOTICE (00000): policy "ledger store records reconstruction source evidence bindings" for relation "ledger.reconstruction_source_evidence_bindings" does not exist, skipping
NOTICE (00000): trigger "reconstruction_source_evidence_sets_immutable" for relation "ledger.reconstruction_source_evidence_sets" does not exist, skipping
NOTICE (00000): trigger "reconstruction_source_evidence_bindings_immutable" for relation "ledger.reconstruction_source_evidence_bindings" does not exist, skipping
Applying migration 20260828100000_banking_capability.sql...
NOTICE (42P06): schema "backend_system" already exists, skipping
NOTICE (00000): trigger "banking_migration_runs_immutable" for relation "backend_system.banking_migration_runs" does not exist, skipping
NOTICE (00000): trigger "banking_migration_source_rows_immutable" for relation "backend_system.banking_migration_source_rows" does not exist, skipping
NOTICE (00000): trigger "banking_migration_reconciliations_immutable" for relation "backend_system.banking_migration_reconciliations" does not exist, skipping
NOTICE (00000): trigger "bank_transactions_sync_to_banking" for relation "public.bank_transactions" does not exist, skipping
NOTICE (00000): trigger "banking_transactions_sync_to_legacy" for relation "banking.transactions" does not exist, skipping
NOTICE (00000): trigger "bank_acceptances_sync_to_banking" for relation "public.bank_suggestion_acceptances" does not exist, skipping
NOTICE (00000): trigger "banking_migration_runs_immutable" for relation "backend_system.banking_migration_runs" does not exist, skipping
NOTICE (00000): trigger "banking_migration_source_rows_immutable" for relation "backend_system.banking_migration_source_rows" does not exist, skipping
NOTICE (00000): trigger "banking_migration_reconciliations_immutable" for relation "backend_system.banking_migration_reconciliations" does not exist, skipping
NOTICE (00000): policy "banking store reads transactions" for relation "banking.transactions" does not exist, skipping
NOTICE (00000): policy "banking store creates transactions" for relation "banking.transactions" does not exist, skipping
NOTICE (00000): policy "banking store updates transactions" for relation "banking.transactions" does not exist, skipping
NOTICE (00000): policy "banking store reads acceptances" for relation "banking.suggestion_acceptances" does not exist, skipping
NOTICE (00000): policy "banking store creates acceptances" for relation "banking.suggestion_acceptances" does not exist, skipping
Applying migration 20260828100500_banking_workflows.sql...
NOTICE (00000): policy "banking store reads command receipts" for relation "backend_system.banking_command_receipts" does not exist, skipping
NOTICE (00000): policy "banking store appends command receipts" for relation "backend_system.banking_command_receipts" does not exist, skipping
NOTICE (00000): trigger "banking_command_receipts_immutable" for relation "backend_system.banking_command_receipts" does not exist, skipping
WARNING (01007): no privileges were granted for "company_access_company_year_allows_consequential_v1"
Applying migration 20260828100600_banking_overlap_trigger_policy.sql...
NOTICE (00000): policy "banking overlap mirrors legacy transactions" for relation "banking.transactions" does not exist, skipping
NOTICE (00000): policy "banking overlap mirrors legacy acceptances" for relation "banking.suggestion_acceptances" does not exist, skipping
NOTICE (00000): policy "banking overlap mirrors canonical transactions" for relation "public.bank_transactions" does not exist, skipping
NOTICE (00000): policy "banking overlap mirrors canonical acceptances" for relation "public.bank_suggestion_acceptances" does not exist, skipping
NOTICE (00000): trigger "banking_acceptances_sync_to_legacy" for relation "banking.suggestion_acceptances" does not exist, skipping
NOTICE (00000): policy "banking workflow appends audit events" for relation "public.audit_events" does not exist, skipping
Applying migration 20260828102000_banking_connections.sql...
Applying migration 20260828103000_marketing_funnel_measurement.sql...
NOTICE (42P06): schema "backend_system" already exists, skipping
Applying migration 20260829070411_marketing_measurement_small_cell_threshold.sql...
Applying migration 20260829074916_validation_observation_authority.sql...
NOTICE (42P06): schema "backend_system" already exists, skipping
Applying migration 20260829080345_marketing_measurement_consent_proof.sql...
Applying migration 20260830091341_case_bound_support_access.sql...
NOTICE (42701): column "request_fingerprint" of relation "support_access_operation_receipts" already exists, skipping
NOTICE (00000): policy "support_access_grants_executor_select" for relation "public.support_access_grants" does not exist, skipping
NOTICE (00000): policy "support_access_grants_executor_insert" for relation "public.support_access_grants" does not exist, skipping
NOTICE (00000): policy "support_access_grants_executor_update" for relation "public.support_access_grants" does not exist, skipping
NOTICE (00000): policy "support_access_receipts_executor" for relation "public.support_access_operation_receipts" does not exist, skipping
NOTICE (00000): policy "support_case_openings_executor" for relation "public.support_case_openings" does not exist, skipping
NOTICE (00000): policy "support_case_read_audit_events" for relation "public.audit_events" does not exist, skipping
NOTICE (00000): policy "support_case_read_filing_submissions" for relation "public.filing_submissions" does not exist, skipping
NOTICE (00000): policy "support_case_read_filing_readiness" for relation "public.filing_readiness_snapshots" does not exist, skipping
NOTICE (00000): policy "support_case_read_billing_accounts" for relation "public.billing_accounts" does not exist, skipping
NOTICE (00000): policy "support_case_read_billing_events" for relation "public.billing_payment_events" does not exist, skipping
NOTICE (00000): policy "support_case_read_authority_permissions" for relation "public.authority_permissions" does not exist, skipping
NOTICE (00000): policy "support_case_read_authority_runs" for relation "public.authority_test_runs" does not exist, skipping
NOTICE (00000): policy "support_case_read_system_user_requests" for relation "public.system_user_requests" does not exist, skipping
NOTICE (00000): policy "support_case_read_pilot_entitlements" for relation "public.production_pilot_entitlements" does not exist, skipping
NOTICE (00000): policy "support_case_read_approval_snapshots" for relation "public.filing_approval_snapshots" does not exist, skipping
NOTICE (00000): policy "support_case_read_production_submissions" for relation "public.production_filing_submissions" does not exist, skipping
NOTICE (00000): policy "support_case_read_production_events" for relation "public.production_filing_events" does not exist, skipping
NOTICE (00000): policy "support_case_read_feedback_artifacts" for relation "public.production_feedback_artifacts" does not exist, skipping
NOTICE (00000): policy "support_case_read_documents" for relation "public.documents" does not exist, skipping
NOTICE (00000): policy "support_case_read_storage_objects" for relation "storage.objects" does not exist, skipping
NOTICE (00000): trigger "company_access_bind_deletion_review_case" for relation "public.company_access_command_receipts" does not exist, skipping
NOTICE (00000): trigger "company_access_copy_review_case" for relation "public.company_deletion_reviews" does not exist, skipping
Applying migration 20260830093000_current_legal_evidence.sql...
Applying migration 20260831124939_investments_capability.sql...
Applying migration 20260831131203_investments_share_purchase_workflow.sql...
NOTICE (00000): policy "investments successor mirrors positions" for relation "public.investment_positions" does not exist, skipping
NOTICE (00000): policy "investments successor mirrors lots" for relation "public.investment_lots" does not exist, skipping
NOTICE (00000): policy "investments successor mirrors actions" for relation "public.holding_actions" does not exist, skipping
NOTICE (00000): policy "investments successor appends audit" for relation "public.audit_events" does not exist, skipping
NOTICE (00000): trigger "investment_positions_sync_to_investments" for relation "public.investment_positions" does not exist, skipping
NOTICE (00000): trigger "investment_lots_sync_to_investments" for relation "public.investment_lots" does not exist, skipping
NOTICE (00000): trigger "share_purchases_sync_to_investments" for relation "public.holding_actions" does not exist, skipping
Applying migration 20260831162145_investments_share_sale_workflow.sql...
NOTICE (00000): policy "investments successor mirrors sale allocations" for relation "public.investment_lot_allocations" does not exist, skipping
NOTICE (00000): trigger "share_sales_sync_to_investments" for relation "public.holding_actions" does not exist, skipping
NOTICE (00000): trigger "share_sale_allocations_sync_to_investments" for relation "public.investment_lot_allocations" does not exist, skipping
Applying migration 20260831180000_investments_allocation_identity.sql...
NOTICE (00000): trigger "align_legacy_share_sale_allocation_id" for relation "public.investment_lot_allocations" does not exist, skipping
Applying migration 20260831182000_investments_received_dividend_workflow.sql...
NOTICE (00000): trigger "received_dividends_sync_to_investments" for relation "public.holding_actions" does not exist, skipping
Applying migration 20260901100000_investments_supported_patterns.sql...
Applying migration 20260901103000_investments_supported_patterns_authority_cleanup.sql...
WARNING (01000): role "postgres" has not been granted membership in role "investments_store_owner" by role "postgres"
WARNING (01000): role "postgres" has not been granted membership in role "investments_executor" by role "postgres"
WARNING (01000): role "postgres" has not been granted membership in role "investments_workflow_executor" by role "postgres"
WARNING (01000): role "postgres" has not been granted membership in role "company_access_executor" by role "postgres"
WARNING (01000): role "postgres" has not been granted membership in role "ledger_store_owner" by role "postgres"
WARNING (01000): role "postgres" has not been granted membership in role "company_archive_projection_executor" by role "postgres"
Applying migration 20260901110000_investments_complete_manual_evidence.sql...
Applying migration 20260901112000_investments_lifecycle_measurement_expand.sql...
Applying migration 20260901113000_investments_lifecycle_workflow.sql...
Applying migration 20260901114000_investments_share_sale_lifecycle.sql...
Applying migration 20260901115000_investments_income_lifecycle.sql...
Applying migration 20260901116000_investments_lifecycle_corrections.sql...
Applying migration 20260901117000_investments_bank_fact_claim.sql...
Applying migration 20260901118000_investments_year_end_measurement_workflow.sql...
Applying migration 20260901203025_investments_measurement_reversals.sql...
Applying migration 20260901204052_investments_boundary_confirmations.sql...
Applying migration 20260901205331_investments_settled_event_corrections.sql...
Applying migration 20260901222630_investments_lifecycle_correction_source_idempotence.sql...
Applying migration 20260901233000_documents_capability.sql...
NOTICE (00000): constraint "documents_content_sha256_check" of relation "documents" does not exist, skipping
NOTICE (00000): constraint "documents_byte_length_check" of relation "documents" does not exist, skipping
NOTICE (00000): constraint "documents_declared_byte_length_check" of relation "documents" does not exist, skipping
NOTICE (00000): policy "company members can read documents" for relation "public.documents" does not exist, skipping
NOTICE (00000): policy "documents_store_reads_visible_documents" for relation "public.documents" does not exist, skipping
NOTICE (00000): policy "documents_store_creates_owner_documents" for relation "public.documents" does not exist, skipping
NOTICE (00000): policy "documents_store_updates_owner_documents" for relation "public.documents" does not exist, skipping
NOTICE (00000): policy "documents_store_appends_document_audit" for relation "public.audit_events" does not exist, skipping
Applying migration 20260902022500_documents_advisor_cleanup.sql...
NOTICE (00000): policy "company members can read document metadata" for relation "public.documents" does not exist, skipping
Applying migration 20260902030000_documents_evidence_reference_registry.sql...
Applying migration 20260902040000_corporate_governance_owner_dividend.sql...
WARNING (01007): no privileges were granted for "company_access_company_year_allows_consequential_v1"
Applying migration 20260902053000_corporate_governance_advisor_cleanup.sql...
Applying migration 20260902054500_corporate_governance_rls_initplan_cleanup.sql...
Applying migration 20260902070000_corporate_governance_shareholder_loan.sql...
Applying migration 20260902084230_corporate_governance_shareholder_loan_rls_initplan_cleanup.sql...
Applying migration 20260902090000_corporate_governance_annual_close.sql...
Applying migration 20260902095000_company_access_corporate_governance_identity.sql...
Applying migration 20260902100000_corporate_governance_artifact_lifecycle.sql...
NOTICE (00000): constraint "owner_dividend_events_decision_id_event_kind_key" of relation "owner_dividend_events" does not exist, skipping
NOTICE (00000): policy "annual data compatibility reader reads owner facts" for relation "public.annual_data" does not exist, skipping
WARNING (01000): role "postgres" has not been granted membership in role "company_access_executor" by role "postgres"
Applying migration 20260902105000_corporate_governance_hosted_shape_parity.sql...
NOTICE (00000): role "postgres" has already been granted membership in role "corporate_governance_store_owner" by role "postgres"
NOTICE (42701): column "event_id" of relation "owner_dividend_finalizations" already exists, skipping
NOTICE (42701): column "occurred_at" of relation "owner_dividend_finalizations" already exists, skipping
NOTICE (42701): column "occurred_at" of relation "owner_dividend_payments" already exists, skipping
Applying migration 20260904220000_corporate_governance_supported_events.sql...
Applying migration 20260904223000_ledger_supported_event_reversals.sql...
Applying migration 20260905003000_company_access_billing_owner_subject.sql...
Applying migration 20260905010000_billing_capability.sql...
NOTICE (00000): policy "billing_command_receipts_backend_owner_write" for relation "billing.billing_command_receipts" does not exist, skipping
Applying migration 20260905061339_billing_provider_reconciliation.sql...
Applying migration 20260905080550_annual_billing_purchase_basis.sql...
Applying migration 20260905083150_annual_billing_purchase_ledger.sql...
NOTICE (00000): index "annual_one_open_purchase_per_company_year" does not exist, skipping
NOTICE (00000): policy "annual_member_read" for relation "billing.annual_purchases" does not exist, skipping
NOTICE (00000): policy "annual_owner_operator_read" for relation "billing.annual_purchases" does not exist, skipping
NOTICE (00000): trigger "annual_evidence_immutable" for relation "billing.annual_purchases" does not exist, skipping
NOTICE (00000): policy "annual_member_read" for relation "billing.annual_refund_cases" does not exist, skipping
NOTICE (00000): policy "annual_owner_operator_read" for relation "billing.annual_refund_cases" does not exist, skipping
NOTICE (00000): trigger "annual_evidence_immutable" for relation "billing.annual_refund_cases" does not exist, skipping
NOTICE (00000): policy "annual_member_read" for relation "billing.annual_operations" does not exist, skipping
NOTICE (00000): policy "annual_owner_operator_read" for relation "billing.annual_operations" does not exist, skipping
NOTICE (00000): trigger "annual_evidence_immutable" for relation "billing.annual_operations" does not exist, skipping
NOTICE (00000): policy "annual_purchase_claim" for relation "billing.annual_purchases" does not exist, skipping
NOTICE (00000): policy "annual_refund_case_claim" for relation "billing.annual_refund_cases" does not exist, skipping
NOTICE (00000): policy "annual_operation_claim" for relation "billing.annual_operations" does not exist, skipping
NOTICE (00000): trigger "annual_operation_reservation" for relation "billing.annual_operations" does not exist, skipping
NOTICE (00000): policy "annual_settle" for relation "billing.annual_purchases" does not exist, skipping
NOTICE (00000): policy "annual_settle" for relation "billing.annual_operations" does not exist, skipping
Applying migration 20260905100130_annual_renewal_cancellation.sql...
NOTICE (00000): trigger "annual_cancellation_prepare" for relation "billing.annual_cancellation_requests" does not exist, skipping
NOTICE (00000): trigger "annual_cancellation_apply" for relation "billing.annual_cancellation_requests" does not exist, skipping
NOTICE (00000): trigger "annual_cancellation_immutable" for relation "billing.annual_cancellation_requests" does not exist, skipping
NOTICE (00000): policy "annual_cancellation_owner_read" for relation "billing.annual_cancellation_requests" does not exist, skipping
NOTICE (00000): policy "annual_cancellation_owner_request" for relation "billing.annual_cancellation_requests" does not exist, skipping
Applying migration 20260905103149_annual_agreement_cleanup.sql...
NOTICE (00000): trigger "annual_cleanup_claim_guard" for relation "billing.annual_operations" does not exist, skipping
Applying migration 20260905115700_legacy_billing_acquisition_retirement.sql...
NOTICE (00000): trigger "legacy_account_retirement" for relation "billing.billing_accounts" does not exist, skipping
NOTICE (00000): trigger "legacy_event_retirement" for relation "billing.billing_payment_events" does not exist, skipping
Applying migration 20260905141500_annual_refund_requests.sql...
NOTICE (00000): trigger "annual_refund_request_guard" for relation "billing.annual_refund_requests" does not exist, skipping
NOTICE (00000): trigger "annual_refund_request_apply" for relation "billing.annual_refund_requests" does not exist, skipping
NOTICE (00000): policy "annual_refund_request_read" for relation "billing.annual_refund_requests" does not exist, skipping
NOTICE (00000): policy "annual_refund_request_insert" for relation "billing.annual_refund_requests" does not exist, skipping
NOTICE (00000): policy "annual_refund_request_bind" for relation "billing.annual_refund_requests" does not exist, skipping
Applying migration 20260905145000_annual_refund_agreement_cleanup.sql...
Applying migration 20260906204352_annual_notification_receipts.sql...
NOTICE (00000): trigger "annual_notification_receipt_guard" for relation "annual_notification_inbox.receipts" does not exist, skipping
NOTICE (00000): policy "annual_notification_read" for relation "annual_notification_inbox.receipts" does not exist, skipping
NOTICE (00000): policy "annual_notification_insert" for relation "annual_notification_inbox.receipts" does not exist, skipping
Applying migration 20260906221800_annual_checkout_withdrawals.sql...
NOTICE (00000): policy "annual_checkout_withdrawal_read" for relation "billing.annual_checkout_withdrawals" does not exist, skipping
NOTICE (00000): policy "annual_checkout_withdrawal_insert" for relation "billing.annual_checkout_withdrawals" does not exist, skipping
NOTICE (00000): trigger "annual_checkout_request_fence" for relation "billing.annual_operations" does not exist, skipping
NOTICE (00000): trigger "annual_checkout_withdrawal_fence" for relation "billing.annual_checkout_withdrawals" does not exist, skipping
Applying migration 20260907153938_annual_checkout_observation.sql...
NOTICE (00000): trigger "annual_observer_epoch" for relation "billing.annual_checkout_observation_principals" does not exist, skipping
NOTICE (00000): trigger "annual_observer_immutable" for relation "billing.annual_checkout_observation_authorities" does not exist, skipping
NOTICE (00000): policy "observer_principal" for relation "billing.annual_checkout_observation_principals" does not exist, skipping
NOTICE (00000): policy "observer_authority_read" for relation "billing.annual_checkout_observation_authorities" does not exist, skipping
NOTICE (00000): policy "observer_authority_admit" for relation "billing.annual_checkout_observation_authorities" does not exist, skipping
NOTICE (00000): policy "observer_work" for relation "backend_system.annual_checkout_observation_work" does not exist, skipping
NOTICE (00000): policy "annual_observer_read" for relation "billing.annual_purchases" does not exist, skipping
NOTICE (00000): policy "annual_observer_read" for relation "billing.annual_operations" does not exist, skipping
NOTICE (00000): policy "annual_observer_update" for relation "billing.annual_purchases" does not exist, skipping
NOTICE (00000): policy "annual_observer_update" for relation "billing.annual_operations" does not exist, skipping
Applying migration 20260909120610_authority_connections_capability.sql...
NOTICE (00000): policy "authority_requests_admin_projection_read" for relation "authority_connections.system_user_requests" does not exist, skipping
NOTICE (00000): policy "authority_requests_admin_projection_lock" for relation "authority_connections.system_user_requests" does not exist, skipping
Applying migration 20260909123709_authority_operations_capability.sql...
Applying migration 20260909124946_backend_system_launch_signoffs.sql...
Applying migration 20260909125113_legacy_rf1086_authority_relocation.sql...
Applying migration 20260909190548_shareholder_register_filing_capability.sql...
Applying migration 20260909190905_shareholder_register_filing_cutover.sql...
Starting containers...
Waiting for health checks...
Started supabase local development setup.

Local dev security notice
All services bind to 0.0.0.0 (network-accessible, not just localhost)
API keys and JWT secrets are shared defaults. Do not use in production
Studio, pgMeta (/pg/*), and analytics have no authentication

A new version of Supabase CLI is available: v2.117.0 (currently installed v2.109.1)
We recommend updating regularly for new features and bug fixes: https://supabase.com/docs/guides/cli/getting-started#updating-the-supabase-cli
Using workdir /var/folders/xh/8bj3tmcx7gs4j0qxzkcf9rw00000gn/T//talli-supabase-local.zqCBrB
Stopped services: [supabase_inbucket_tallig95976 supabase_realtime_tallig95976 supabase_imgproxy_tallig95976 supabase_pg_meta_tallig95976 supabase_studio_tallig95976 supabase_edge_runtime_tallig95976 supabase_analytics_tallig95976 supabase_vector_tallig95976 supabase_pooler_tallig95976]
A new version of Supabase CLI is available: v2.117.0 (currently installed v2.109.1)
We recommend updating regularly for new features and bug fixes: https://supabase.com/docs/guides/cli/getting-started#updating-the-supabase-cli
Using workdir /var/folders/xh/8bj3tmcx7gs4j0qxzkcf9rw00000gn/T//talli-supabase-local.zqCBrB
Stopped services: [supabase_inbucket_tallig95976 supabase_realtime_tallig95976 supabase_imgproxy_tallig95976 supabase_pg_meta_tallig95976 supabase_studio_tallig95976 supabase_edge_runtime_tallig95976 supabase_analytics_tallig95976 supabase_vector_tallig95976 supabase_pooler_tallig95976]
A new version of Supabase CLI is available: v2.117.0 (currently installed v2.109.1)
We recommend updating regularly for new features and bug fixes: https://supabase.com/docs/guides/cli/getting-started#updating-the-supabase-cli
Using workdir /var/folders/xh/8bj3tmcx7gs4j0qxzkcf9rw00000gn/T//talli-supabase-local.zqCBrB
A new version of Supabase CLI is available: v2.117.0 (currently installed v2.109.1)
We recommend updating regularly for new features and bug fixes: https://supabase.com/docs/guides/cli/getting-started#updating-the-supabase-cli
[database-isolation] exit=0
[database-isolation] durationMs=676328

[whitespace] command=bash scripts/check-clean-worktree.sh
[whitespace] exit=0
[whitespace] durationMs=80

executedAt=2026-09-10T13:32:40.212Z
verdict=pass
